canon	tip
PD26988	PD26988ag_hum
PD26988	PD26988af_hum
PD26988	PD26988x_hum
PD26988	PD26988ab_hum
PD26988	PD26988n_hum
PD26988	PD26988r_hum
PD26988	PD26988o_hum
PD26988	PD26988m_hum
PD26988	PD26988u_hum
PD26988	PD26988q_hum
PD26988	PD26988e_hum
PD26988	PD26988d_hum
PD26988	PD26988f_hum
PD26988	PD26988i_hum
PD26988	PD26988p_hum
PD26988	PD26988l_hum
PD26988	PD26988v_hum
PD26988	PD26988ad_hum
PD26988	PD26988ae_hum
PD26988	PD26988y_hum
PD26988	PD26988s_hum
PD26988	PD26988j_hum
PD26988	PD26988z_hum
PD26988	PD26988t_hum
PD30160	PD30160d_hum
PD30160	PD30160g_hum
PD30160	PD30160j_hum
PD30160	PD30160i_hum
PD30160	PD30160p_hum
PD30160	PD30160o_hum
PD30160	PD30160a_hum
PD30160	PD30160m_hum
PD30160	PD30160l_hum
PD30160	PD30160c_hum
PD30160	PD30160f_hum
PD34200	PD34200a_i21
PD34200	PD34200a_i33
PD34200	PD34200a_i36
PD34200	PD34200a_i54
PD34200	PD34200a_i22
PD34204	PD34204an_hum
PD34204	PD34204ah_hum
PD34204	PD34204n_hum
PD34204	PD34204s_hum
PD34204	PD34204ar_hum
PD34204	PD34204aj_hum
PD34204	PD34204y_hum
PD34204	PD34204as_hum
PD34204	PD34204aq_hum
PD34204	PD34204ak_hum
PD34204	PD34204at_hum
PD34204	PD34204ae_hum
PD34204	PD34204v_hum
PD34204	PD34204k_hum
PD34204	PD34204x_hum
PD34204	PD34204p_hum
PD34204	PD34204ai_hum
PD34204	PD34204ag_hum
PD34204	PD34204w_hum
PD34204	PD34204ab_hum
PD34204	PD34204ap_hum
PD34204	PD34204u_hum
PD34204	PD34204j_hum
PD34204	PD34204al_hum
PD34204	PD34204r_hum
PD34204	PD34204m_hum
PD34204	PD34204ac_hum
PD34204	PD34204q_hum
PD34204	PD34204am_hum
PD34204	PD34204l_hum
PD34204	PD34204o_hum
PD34204	PD34204ao_hum
PD34204	PD34204av_hum
PD34204	PD34204bk_hum
PD34204	PD34204az_hum
PD34204	PD34204bd_hum
PD34204	PD34204f_hum
PD34204	PD34204d_hum
PD34204	PD34204bh_hum
PD34204	PD34204i_hum
PD34204	PD34204z_hum
PD34204	PD34204b_hum
PD34204	PD34204g_hum
PD34204	PD34204e_hum
PD34204	PD34204aw_hum
PD34204	PD34204bc_hum
PD34204	PD34204bf_hum
PD34204	PD34204ay_hum
PD34204	PD34204t_hum
PD34204	PD34204bb_hum
PD34204	PD34204bi_hum
PD34204	PD34204ax_hum
PD34204	PD34204bj_hum
PD34204	PD34204bg_hum
PD34204	PD34204au_hum
PD34204	PD34204be_hum
PD34204	PD34204af_hum
PD34204	PD34204ad_hum
PD34204	PD34204c_hum
PD34204	PD34204h_hum
PD34205	PD34205n_hum
PD34205	PD34205o_hum
PD34205	PD34205af_hum
PD34205	PD34205aj_hum
PD34205	PD34205c_hum
PD34205	PD34205w_hum
PD34205	PD34205bc_hum
PD34205	PD34205j_hum
PD34205	PD34205x_hum
PD34205	PD34205l_hum
PD34205	PD34205s_hum
PD34205	PD34205bj_hum
PD34205	PD34205bl_hum
PD34205	PD34205bn_hum
PD34205	PD34205d_hum
PD34205	PD34205bb_hum
PD34205	PD34205ae_hum
PD34205	PD34205q_hum
PD34205	PD34205ay_hum
PD34205	PD34205m_hum
PD34205	PD34205as_hum
PD34205	PD34205bg_hum
PD34205	PD34205bf_hum
PD34205	PD34205bi_hum
PD34205	PD34205t_hum
PD34205	PD34205e_hum
PD34205	PD34205av_hum
PD34205	PD34205al_hum
PD34205	PD34205ab_hum
PD34205	PD34205z_hum
PD34205	PD34205f_hum
PD34205	PD34205ac_hum
PD34205	PD34205ak_hum
PD34205	PD34205ar_hum
PD34205	PD34205ad_hum
PD34205	PD34205bd_hum
PD34205	PD34205g_hum
PD34205	PD34205p_hum
PD34205	PD34205r_hum
PD34205	PD34205k_hum
PD34205	PD34205i_hum
PD34205	PD34205az_hum
PD34205	PD34205aq_hum
PD34205	PD34205ap_hum
PD34205	PD34205bh_hum
PD34205	PD34205bm_hum
PD34205	PD34205at_hum
PD34205	PD34205an_hum
PD34205	PD34205ao_hum
PD34206	PD34206z_hum
PD34206	PD34206x_hum
PD34206	PD34206u_hum
PD34206	PD34206f_hum
PD34206	PD34206d_hum
PD34206	PD34206bg_hum
PD34206	PD34206q_hum
PD34206	PD34206c_hum
PD34206	PD34206bj_hum
PD34206	PD34206am_hum
PD34206	PD34206w_hum
PD34206	PD34206bb_hum
PD34206	PD34206bc_hum
PD34206	PD34206bi_hum
PD34206	PD34206be_hum
PD34206	PD34206aw_hum
PD34206	PD34206av_hum
PD34206	PD34206az_hum
PD34206	PD34206ay_hum
PD34206	PD34206bd_hum
PD34206	PD34206at_hum
PD34206	PD34206bf_hum
PD34206	PD34206aq_hum
PD34206	PD34206ax_hum
PD34206	PD34206j_hum
PD34206	PD34206o_hum
PD34206	PD34206ao_hum
PD34206	PD34206bk_hum
PD34206	PD34206ak_hum
PD34206	PD34206aj_hum
PD34206	PD34206ac_hum
PD34206	PD34206au_hum
PD34206	PD34206ar_hum
PD34206	PD34206y_hum
PD34206	PD34206an_hum
PD34206	PD34206al_hum
PD34206	PD34206af_hum
PD34206	PD34206t_hum
PD34206	PD34206k_hum
PD34206	PD34206bh_hum
PD34206	PD34206p_hum
PD34206	PD34206ag_hum
PD34206	PD34206m_hum
PD34206	PD34206ap_hum
PD34206	PD34206s_hum
PD34206	PD34206v_hum
PD34206	PD34206l_hum
PD34206	PD34206g_hum
PD34206	PD34206r_hum
PD34206	PD34206ah_hum
PD34206	PD34206ad_hum
PD34206	PD34206n_hum
PD34206	PD34206i_hum
PD34206	PD34206ab_hum
PD34207	PD34207i_hum
PD34207	PD34207e_hum
PD34207	PD34207an_hum
PD34207	PD34207am_hum
PD34207	PD34207h_hum
PD34207	PD34207ac_hum
PD34207	PD34207r_hum
PD34207	PD34207ab_hum
PD34207	PD34207ag_hum
PD34207	PD34207bh_hum
PD34207	PD34207v_hum
PD34207	PD34207ad_hum
PD34207	PD34207ak_hum
PD34207	PD34207bf_hum
PD34207	PD34207aq_hum
PD34207	PD34207g_hum
PD34207	PD34207w_hum
PD34207	PD34207ae_hum
PD34207	PD34207aw_hum
PD34207	PD34207ah_hum
PD34207	PD34207av_hum
PD34207	PD34207f_hum
PD34207	PD34207x_hum
PD34207	PD34207u_hum
PD34207	PD34207as_hum
PD34207	PD34207m_hum
PD34207	PD34207ay_hum
PD34207	PD34207t_hum
PD34207	PD34207o_hum
PD34207	PD34207y_hum
PD34207	PD34207bg_hum
PD34207	PD34207k_hum
PD34207	PD34207j_hum
PD34207	PD34207n_hum
PD34207	PD34207af_hum
PD34207	PD34207ap_hum
PD34207	PD34207bi_hum
PD34207	PD34207ax_hum
PD34207	PD34207aj_hum
PD34207	PD34207au_hum
PD34207	PD34207bb_hum
PD34207	PD34207bk_hum
PD34207	PD34207at_hum
PD34207	PD34207ar_hum
PD34207	PD34207be_hum
PD34207	PD34207d_hum
PD34207	PD34207ai_hum
PD34207	PD34207az_hum
PD34209	PD34209f_hum
PD34209	PD34209aq_hum
PD34209	PD34209i_hum
PD34209	PD34209u_hum
PD34209	PD34209bh_hum
PD34209	PD34209at_hum
PD34209	PD34209ab_hum
PD34209	PD34209ac_hum
PD34209	PD34209b_hum
PD34209	PD34209as_hum
PD34209	PD34209h_hum
PD34209	PD34209y_hum
PD34209	PD34209bb_hum
PD34209	PD34209s_hum
PD34209	PD34209be_hum
PD34209	PD34209t_hum
PD34209	PD34209ae_hum
PD34209	PD34209v_hum
PD34209	PD34209e_hum
PD34209	PD34209az_hum
PD34209	PD34209ak_hum
PD34209	PD34209bg_hum
PD34209	PD34209x_hum
PD34209	PD34209an_hum
PD34209	PD34209g_hum
PD34209	PD34209j_hum
PD34209	PD34209ad_hum
PD34209	PD34209au_hum
PD34209	PD34209m_hum
PD34209	PD34209ap_hum
PD34209	PD34209ah_hum
PD34209	PD34209p_hum
PD34209	PD34209z_hum
PD34209	PD34209l_hum
PD34209	PD34209av_hum
PD34209	PD34209c_hum
PD34209	PD34209ax_hum
PD34209	PD34209d_hum
PD34209	PD34209q_hum
PD34209	PD34209ao_hum
PD34209	PD34209aw_hum
PD34209	PD34209bf_hum
PD34209	PD34209n_hum
PD34209	PD34209aj_hum
PD34209	PD34209al_hum
PD34209	PD34209ar_hum
PD34209	PD34209ay_hum
PD34209	PD34209o_hum
PD34209	PD34209bd_hum
PD34209	PD34209w_hum
PD34209	PD34209af_hum
PD34209	PD34209k_hum
PD34209	PD34209am_hum
PD34209	PD34209bc_hum
PD34209	PD34209r_hum
PD34210	PD34210p_hum
PD34210	PD34210m_hum
PD34210	PD34210c_hum
PD34210	PD34210l_hum
PD34210	PD34210q_hum
PD34210	PD34210j_hum
PD34210	PD34210am_hum
PD34210	PD34210e_hum
PD34210	PD34210d_hum
PD34210	PD34210n_hum
PD34210	PD34210t_hum
PD34210	PD34210af_hum
PD34210	PD34210u_hum
PD34210	PD34210w_hum
PD34210	PD34210ae_hum
PD34210	PD34210ag_hum
PD34210	PD34210ab_hum
PD34210	PD34210v_hum
PD34210	PD34210ak_hum
PD34210	PD34210aj_hum
PD34210	PD34210y_hum
PD34210	PD34210s_hum
PD34210	PD34210ad_hum
PD34210	PD34210z_hum
PD34210	PD34210ac_hum
PD34210	PD34210f_hum
PD34210	PD34210aw_hum
PD34210	PD34210ap_hum
PD34210	PD34210ar_hum
PD34210	PD34210an_hum
PD34210	PD34210ao_hum
PD34210	PD34210aq_hum
PD34210	PD34210ai_hum
PD34210	PD34210au_hum
PD34210	PD34210av_hum
PD34210	PD34210ah_hum
PD34210	PD34210as_hum
PD34210	PD34210g_hum
PD34210	PD34210r_hum
PD34210	PD34210x_hum
PD34210	PD34210o_hum
PD34210	PD34210h_hum
PD34210	PD34210k_hum
PD34210	PD34210al_hum
PD34210	PD34210at_hum
PD34211	PD34211af_hum
PD34211	PD34211ap_hum
PD34211	PD34211u_hum
PD34211	PD34211am_hum
PD34211	PD34211r_hum
PD34211	PD34211x_hum
PD34211	PD34211at_hum
PD34211	PD34211d_hum
PD34211	PD34211t_hum
PD34211	PD34211e_hum
PD34211	PD34211al_hum
PD34211	PD34211h_hum
PD34211	PD34211ai_hum
PD34211	PD34211aj_hum
PD34211	PD34211l_hum
PD34211	PD34211j_hum
PD34211	PD34211w_hum
PD34211	PD34211ab_hum
PD34211	PD34211aq_hum
PD34211	PD34211q_hum
PD34211	PD34211m_hum
PD34211	PD34211ax_hum
PD34211	PD34211an_hum
PD34211	PD34211z_hum
PD34211	PD34211f_hum
PD34211	PD34211ae_hum
PD34211	PD34211p_hum
PD34211	PD34211ac_hum
PD34211	PD34211y_hum
PD34211	PD34211ay_hum
PD34211	PD34211s_hum
PD34211	PD34211as_hum
PD34211	PD34211ag_hum
PD34211	PD34211au_hum
PD34211	PD34211ad_hum
PD34211	PD34211av_hum
PD34211	PD34211c_hum
PD34211	PD34211g_hum
PD34211	PD34211v_hum
PD34211	PD34211o_hum
PD34211	PD34211ao_hum
PD34211	PD34211ah_hum
PD34211	PD34211ar_hum
PD34211	PD34211k_hum
PD34211	PD34211i_hum
PD34211	PD34211n_hum
PD34211	PD34211aw_hum
PD34211	PD34211ak_hum
PD34211	PD34211az_hum
PD34215	PD34215d_hum
PD34215	PD34215ap_hum
PD34215	PD34215m_hum
PD34215	PD34215u_hum
PD34215	PD34215as_hum
PD34215	PD34215z_hum
PD34215	PD34215al_hum
PD34215	PD34215an_hum
PD34215	PD34215n_hum
PD34215	PD34215bf_hum
PD34215	PD34215e_hum
PD34215	PD34215be_hum
PD34215	PD34215p_hum
PD34215	PD34215s_hum
PD34215	PD34215ab_hum
PD34215	PD34215bi_hum
PD34215	PD34215aw_hum
PD34215	PD34215ae_hum
PD34215	PD34215am_hum
PD34215	PD34215at_hum
PD34215	PD34215ac_hum
PD34215	PD34215ay_hum
PD34215	PD34215g_hum
PD34215	PD34215o_hum
PD34215	PD34215bc_hum
PD34215	PD34215l_hum
PD34215	PD34215w_hum
PD34215	PD34215bl_hum
PD34215	PD34215az_hum
PD34215	PD34215bj_hum
PD34215	PD34215bd_hum
PD34215	PD34215ah_hum
PD34215	PD34215f_hum
PD34215	PD34215j_hum
PD34215	PD34215k_hum
PD34215	PD34215x_hum
PD34215	PD34215t_hum
PD34215	PD34215ag_hum
PD34215	PD34215i_hum
PD34215	PD34215aq_hum
PD34215	PD34215v_hum
PD34215	PD34215au_hum
PD34215	PD34215bb_hum
PD34215	PD34215h_hum
PD34215	PD34215ad_hum
PD34215	PD34215bk_hum
PD34215	PD34215r_hum
PD34215	PD34215bh_hum
PD34215	PD34215ak_hum
PD34215	PD34215av_hum
PD34215	PD34215y_hum
PD34215	PD34215ao_hum
PD34215	PD34215ai_hum
PD34215	PD34215aj_hum
PD34215	PD34215ar_hum
PD34215	PD34215q_hum
PD37449	PD37449f_lo0002
PD37449	PD37449f_lo0010
PD37449	PD37449f_lo0023
PD37449	PD37449f_lo0016
PD37449	PD37449f_lo0022
PD37449	PD37449f_lo0011
PD37449	PD37449f_lo0006
PD37449	PD37449f_lo0019
PD37449	PD37449f_lo0008
PD37449	PD37449f_lo0017
PD37451	PD37451g_hum
PD37451	PD37451e_hum
PD37451	PD37451aj_hum
PD37451	PD37451d_hum
PD37451	PD37451m_hum
PD37451	PD37451ay_hum
PD37451	PD37451ap_hum
PD37451	PD37451r_hum
PD37451	PD37451n_hum
PD37451	PD37451ad_hum
PD37451	PD37451t_hum
PD37451	PD37451u_hum
PD37451	PD37451av_hum
PD37451	PD37451as_hum
PD37451	PD37451w_hum
PD37451	PD37451ae_hum
PD37451	PD37451am_hum
PD37451	PD37451bm_hum
PD37451	PD37451bp_hum
PD37451	PD37451bk_hum
PD37451	PD37451al_hum
PD37451	PD37451br_hum
PD37451	PD37451az_hum
PD37451	PD37451ah_hum
PD37451	PD37451ai_hum
PD37451	PD37451z_hum
PD37451	PD37451bo_hum
PD37451	PD37451bg_hum
PD37451	PD37451bb_hum
PD37451	PD37451bd_hum
PD37452	PD37452bf_hum
PD37452	PD37452bn_hum
PD37452	PD37452cz_hum
PD37452	PD37452cj_hum
PD37452	PD37452ad_hum
PD37452	PD37452q_hum
PD37452	PD37452bc_hum
PD37452	PD37452v_hum
PD37452	PD37452cv_hum
PD37452	PD37452ar_hum
PD37452	PD37452am_hum
PD37452	PD37452as_hum
PD37452	PD37452ah_hum
PD37452	PD37452aw_hum
PD37452	PD37452u_hum
PD37452	PD37452t_hum
PD37452	PD37452j_hum
PD37452	PD37452y_hum
PD37452	PD37452s_hum
PD37452	PD37452p_hum
PD37452	PD37452o_hum
PD37452	PD37452g_hum
PD37452	PD37452af_hum
PD37452	PD37452ag_hum
PD37452	PD37452r_hum
PD37452	PD37452e_hum
PD37452	PD37452ab_hum
PD37452	PD37452z_hum
PD37452	PD37452aj_hum
PD37452	PD37452ak_hum
PD37452	PD37452ap_hum
PD37452	PD37452al_hum
PD37452	PD37452aq_hum
PD37452	PD37452h_hum
PD37452	PD37452au_hum
PD37452	PD37452cd_hum
PD37453	PD37453bo_hum
PD37453	PD37453bg_hum
PD37453	PD37453ar_hum
PD37453	PD37453u_hum
PD37453	PD37453h_hum
PD37453	PD37453b_hum
PD37453	PD37453aw_hum
PD37453	PD37453au_hum
PD37453	PD37453as_hum
PD37453	PD37453z_hum
PD37453	PD37453ah_hum
PD37453	PD37453bq_hum
PD37453	PD37453bb_hum
PD37453	PD37453bh_hum
PD37453	PD37453af_hum
PD37453	PD37453am_hum
PD37453	PD37453y_hum
PD37453	PD37453bc_hum
PD37453	PD37453f_hum
PD37453	PD37453ad_hum
PD37453	PD37453av_hum
PD37453	PD37453ay_hum
PD37453	PD37453be_hum
PD37453	PD37453bf_hum
PD37453	PD37453ai_hum
PD37453	PD37453r_hum
PD37453	PD37453x_hum
PD37453	PD37453bj_hum
PD37453	PD37453e_hum
PD37453	PD37453ae_hum
PD37454	PD37454az_hum
PD37454	PD37454z_hum
PD37454	PD37454y_hum
PD37454	PD37454h_hum
PD37454	PD37454k_hum
PD37454	PD37454av_hum
PD37454	PD37454n_hum
PD37454	PD37454au_hum
PD37454	PD37454bi_hum
PD37454	PD37454be_hum
PD37454	PD37454ah_hum
PD37454	PD37454ar_hum
PD37454	PD37454bd_hum
PD37454	PD37454ae_hum
PD37454	PD37454at_hum
PD37454	PD37454ai_hum
PD37454	PD37454as_hum
PD37454	PD37454g_hum
PD37454	PD37454bl_hum
PD37454	PD37454bn_hum
PD37454	PD37454aj_hum
PD37454	PD37454ax_hum
PD37454	PD37454bh_hum
PD37454	PD37454bo_hum
PD37454	PD37454w_hum
PD37454	PD37454v_hum
PD37454	PD37454u_hum
PD37454	PD37454s_hum
PD37454	PD37454t_hum
PD37454	PD37454m_hum
PD37455	PD37455av_hum
PD37455	PD37455bk_hum
PD37455	PD37455aj_hum
PD37455	PD37455y_hum
PD37455	PD37455q_hum
PD37455	PD37455s_hum
PD37455	PD37455bn_hum
PD37455	PD37455au_hum
PD37455	PD37455f_hum
PD37455	PD37455ag_hum
PD37455	PD37455bb_hum
PD37455	PD37455p_hum
PD37455	PD37455bi_hum
PD37455	PD37455ap_hum
PD37455	PD37455ad_hum
PD37455	PD37455an_hum
PD37455	PD37455af_hum
PD37455	PD37455am_hum
PD37455	PD37455ax_hum
PD37455	PD37455ao_hum
PD37455	PD37455v_hum
PD37455	PD37455bd_hum
PD37455	PD37455ac_hum
PD37455	PD37455as_hum
PD37455	PD37455aw_hum
PD37455	PD37455l_hum
PD37455	PD37455bl_hum
PD37456	PD37456y_hum
PD37456	PD37456bn_hum
PD37456	PD37456bj_hum
PD37456	PD37456bg_hum
PD37456	PD37456u_hum
PD37456	PD37456ae_hum
PD37456	PD37456am_hum
PD37456	PD37456bc_hum
PD37456	PD37456ad_hum
PD37456	PD37456n_hum
PD37456	PD37456ar_hum
PD37456	PD37456ay_hum
PD37456	PD37456v_hum
PD37456	PD37456bh_hum
PD37456	PD37456o_hum
PD37456	PD37456f_hum
PD37456	PD37456bp_hum
PD37456	PD37456w_hum
PD37456	PD37456ai_hum
PD37456	PD37456d_hum
PD37456	PD37456h_hum
PD37456	PD37456az_hum
PD37456	PD37456bf_hum
PD37456	PD37456bi_hum
PD37456	PD37456bd_hum
PD37456	PD37456bl_hum
PD37456	PD37456aw_hum
PD37456	PD37456aj_hum
PD37590	PD37590c_lo0001
PD37590	PD37590c_lo0012
PD37590	PD37590b_lo0117
PD37590	PD37590c_lo0048
PD37590	PD37590b_lo0116
PD37590	PD37590c_lo0034
PD37590	PD37590b_lo0029
PD37590	PD37590b_lo0058
PD37590	PD37590b_lo0059
PD37590	PD37590c_lo0019
PD37590	PD37590b_lo0028
PD37590	PD37590b_lo0090
PD37590	PD37590b_lo0030
PD37590	PD37590d_lo0012
PD37590	PD37590c_lo0043
PD37590	PD37590c_lo0009
PD37590	PD37590c_lo0005
PD37590	PD37590c_lo0021
PD37590	PD37590b_lo0084
PD37590	PD37590b_lo0053
PD37590	PD37590b_lo0108
PD37590	PD37590c_lo0013
PD37590	PD37590b_lo0083
PD37590	PD37590b_lo0107
PD37590	PD37590b_lo0010
PD37590	PD37590b_lo0074
PD37590	PD37590b_lo0009
PD37590	PD37590b_lo0041
PD37590	PD37590b_lo0075
PD37590	PD37590b_lo0020
PD37590	PD37590b_lo0052
PD37590	PD37590b_lo0016
PD37590	PD37590b_lo0033
PD37590	PD37590b_lo0015
PD37590	PD37590b_lo0050
PD37590	PD37590b_lo0018
PD37590	PD37590b_lo0105
PD37590	PD37590b_lo0082
PD37590	PD37590b_lo0051
PD37590	PD37590c_lo0020
PD37590	PD37590b_lo0092
PD37590	PD37590c_lo0032
PD37590	PD37590c_lo0040
PD37590	PD37590c_lo0025
PD44887	PD44887b_lo0001
PD44887	PD44887b_lo0002
PD44887	PD44887b_lo0003
PD44887	PD44887c_lo0001
PD44887	PD44887c_lo0002
PD44887	PD44887c_lo0003
PD44887	PD44887f_lo0003
PD44887	PD44887g_lo0002
PD44887	PD44887g_lo0004
PD44887	PD44887g_lo0005
PD44887	PD44887g_lo0003
PD44887	PD44887h_lo0002
PD44887	PD44887h_lo0003
PD44887	PD44887h_lo0004
PD44887	PD44887h_lo0005
PD44887	PD44887h_lo0006
PD44887	PD44887e_lo0001
PD44887	PD44887e_lo0003
PD44887	PD44887e_lo0002
PD44887	PD44887e_lo0005
PD44887	PD44887e_lo0004
PD44887	PD44887e_lo0006
PD44887	PD44887h_lo0001
PD44887	PD44887b_lo0004
PD44887	PD44887f_lo0001
PD44887	PD44887g_lo0006
PD44887	PD44887b_lo0005
PD44887	PD44887b_lo0008
PD44887	PD44887b_lo0006
PD44887	PD44887b_lo0018
PD44887	PD44887b_lo0019
PD44887	PD44887f_lo0002
PD44890	PD44890c_lo0004
PD44890	PD44890c_lo0009
PD44890	PD44890c_lo0010
PD44890	PD44890c_lo0012
PD44890	PD44890c_lo0005
PD44890	PD44890c_lo0013
PD44890	PD44890e_lo0009
PD44890	PD44890g_lo0001
PD44890	PD44890g_lo0007
PD44890	PD44890g_lo0003
PD44890	PD44890g_lo0005
PD44890	PD44890g_lo0004
PD44890	PD44890d_lo0005
PD44890	PD44890d_lo0011
PD44890	PD44890d_lo0007
PD44890	PD44890d_lo0008
PD44890	PD44890f_lo0001
PD44890	PD44890f_lo0005
PD44890	PD44890f_lo0007
PD44890	PD44890f_lo0008
PD44890	PD44890f_lo0009
PD44890	PD44890f_lo0004
PD44890	PD44890f_lo0006
PD44890	PD44890f_lo0002
PD44890	PD44890f_lo0003
PD44890	PD44890e_lo0001
PD44890	PD44890e_lo0003
PD44890	PD44890e_lo0002
PD44890	PD44890e_lo0005
PD44890	PD44890e_lo0006
PD44890	PD44890e_lo0007
PD44890	PD44890e_lo0008
PD44890	PD44890e_lo0004
PD44890	PD44890e_lo0010
PD44890	PD44890e_lo0011
PD44890	PD44890e_lo0012
PD44890	PD44890e_lo0013
PD44890	PD44890c_lo0006
PD44890	PD44890c_lo0008
PD44890	PD44890c_lo0007
PD44890	PD44890d_lo0001
PD44890	PD44890d_lo0002
PD44890	PD44890d_lo0003
PD44890	PD44890d_lo0006
PD44890	PD44890d_lo0013
PD44890	PD44890h_lo0002
PD44890	PD44890h_lo0006
PD44890	PD44890h_lo0008
PD44890	PD44890h_lo0003
PD41768	PD41768ak_hum
PD41768	PD41768hf_hum
PD41768	PD41768ek_hum
PD41768	PD41768jq_hum
PD41768	PD41768kd_hum
PD41768	PD41768hu_hum
PD41768	PD41768je_hum
PD41768	PD41768el_hum
PD41768	PD41768as_hum
PD41768	PD41768dq_hum
PD41768	PD41768gj_hum
PD41768	PD41768cr_hum
PD41768	PD41768dv_hum
PD41768	PD41768ko_hum
PD41768	PD41768dh_hum
PD41768	PD41768kp_hum
PD41768	PD41768eg_hum
PD41768	PD41768kc_hum
PD41768	PD41768jr_hum
PD41768	PD41768x_hum
PD41768	PD41768eu_hum
PD41768	PD41768gb_hum
PD41768	PD41768fs_hum
PD41768	PD41768g_hum
PD41768	PD41768ji_hum
PD41768	PD41768ki_hum
PD41768	PD41768jv_hum
PD41768	PD41768jz_hum
PD41768	PD41768ch_hum
PD41768	PD41768fx_hum
PD41768	PD41768hr_hum
PD41768	PD41768au_hum
PD41768	PD41768is_hum
PD41768	PD41768cn_hum
PD41768	PD41768aw_hum
PD41768	PD41768dj_hum
PD41768	PD41768fi_hum
PD41768	PD41768hn_hum
PD41768	PD41768ie_hum
PD41768	PD41768fr_hum
PD41768	PD41768ah_hum
PD41768	PD41768hx_hum
PD41768	PD41768bc_hum
PD41768	PD41768dt_hum
PD41768	PD41768iw_hum
PD41768	PD41768iy_hum
PD41768	PD41768fn_hum
PD41768	PD41768ii_hum
PD41768	PD41768im_hum
PD41768	PD41768cd_hum
PD41768	PD41768cf_hum
PD41768	PD41768bt_hum
PD41768	PD41768cx_hum
PD41768	PD41768ei_hum
PD41768	PD41768gf_hum
PD41768	PD41768bu_hum
PD41768	PD41768fb_hum
PD41768	PD41768cu_hum
PD41768	PD41768cy_hum
PD41768	PD41768gx_hum
PD41768	PD41768jc_hum
PD41768	PD41768ju_hum
PD41768	PD41768ij_hum
PD41768	PD41768hk_hum
PD41768	PD41768v_hum
PD41768	PD41768ay_hum
PD41768	PD41768es_hum
PD41768	PD41768jg_hum
PD41768	PD41768k_hum
PD41768	PD41768an_hum
PD41768	PD41768be_hum
PD41768	PD41768fj_hum
PD41768	PD41768fd_hum
PD41768	PD41768fh_hum
PD41768	PD41768bg_hum
PD41768	PD41768fl_hum
PD41768	PD41768fo_hum
PD41768	PD41768ft_hum
PD41768	PD41768ht_hum
PD41768	PD41768hv_hum
PD41768	PD41768dk_hum
PD41768	PD41768bw_hum
PD41768	PD41768az_hum
PD41768	PD41768ec_hum
PD41768	PD41768gp_hum
PD41768	PD41768bf_hum
PD41768	PD41768cs_hum
PD41768	PD41768jj_hum
PD41768	PD41768kq_hum
PD41768	PD41768bn_hum
PD41768	PD41768cl_hum
PD41768	PD41768dp_hum
PD41768	PD41768iq_hum
PD41768	PD41768kl_hum
PD41768	PD41768n_hum
PD41768	PD41768y_hum
PD41768	PD41768bq_hum
PD41768	PD41768br_hum
PD41768	PD41768em_hum
PD41768	PD41768er_hum
PD41768	PD41768ev_hum
PD41768	PD41768ip_hum
PD41768	PD41768fp_hum
PD41768	PD41768gs_hum
PD41768	PD41768gd_hum
PD41768	PD41768jk_hum
PD41768	PD41768al_hum
PD41768	PD41768gu_hum
PD41768	PD41768gz_hum
PD41768	PD41768t_hum
PD41768	PD41768ge_hum
PD41768	PD41768gv_hum
PD41768	PD41768dz_hum
PD41768	PD41768jo_hum
PD41768	PD41768ct_hum
PD41768	PD41768ds_hum
PD41768	PD41768bm_hum
PD41768	PD41768ho_hum
PD41768	PD41768kh_hum
PD41768	PD41768ez_hum
PD41768	PD41768ed_hum
PD41768	PD41768c_hum
PD41768	PD41768dc_hum
PD41768	PD41768kj_hum
PD41768	PD41768gr_hum
PD41768	PD41768hs_hum
PD41768	PD41768io_hum
PD41768	PD41768ey_hum
PD41768	PD41768ap_hum
PD41768	PD41768kr_hum
PD41768	PD41768ag_hum
PD41768	PD41768hz_hum
PD41768	PD41768jf_hum
PD41768	PD41768at_hum
PD41768	PD41768gy_hum
PD41768	PD41768in_hum
PD41768	PD41768u_hum
PD41768	PD41768kg_hum
PD41768	PD41768ai_hum
PD41768	PD41768eq_hum
PD41768	PD41768kf_hum
PD41768	PD41768ew_hum
PD41768	PD41768ab_hum
PD41768	PD41768gk_hum
PD41768	PD41768gw_hum
PD41768	PD41768q_hum
PD41768	PD41768ae_hum
PD41768	PD41768dn_hum
PD41768	PD41768ac_hum
PD41768	PD41768ad_hum
PD41768	PD41768fw_hum
PD41768	PD41768gl_hum
PD41768	PD41768jn_hum
PD41768	PD41768ar_hum
PD41768	PD41768ic_hum
PD41768	PD41768jh_hum
PD41768	PD41768jm_hum
PD41768	PD41768fz_hum
PD41768	PD41768kt_hum
PD41768	PD41768r_hum
PD41768	PD41768o_hum
PD41768	PD41768av_hum
PD41768	PD41768ci_hum
PD41768	PD41768dx_hum
PD41768	PD41768hj_hum
PD41768	PD41768ef_hum
PD41768	PD41768ej_hum
PD41768	PD41768kn_hum
PD41768	PD41768gh_hum
PD41768	PD41768hy_hum
PD41768	PD41768bs_hum
PD41768	PD41768aj_hum
PD41768	PD41768de_hum
PD41768	PD41768ig_hum
PD41768	PD41768ks_hum
PD41768	PD41768fc_hum
PD41768	PD41768hb_hum
PD41768	PD41768il_hum
PD41768	PD41768bo_hum
PD41768	PD41768jp_hum
PD41768	PD41768ff_hum
PD41768	PD41768hi_hum
PD41768	PD41768ck_hum
PD41768	PD41768dw_hum
PD41768	PD41768h_hum
PD41768	PD41768ib_hum
PD41768	PD41768cz_hum
PD41768	PD41768hl_hum
PD41768	PD41768jy_hum
PD41768	PD41768hw_hum
PD41768	PD41768ix_hum
PD41768	PD41768d_hum
PD41768	PD41768bj_hum
PD41768	PD41768dr_hum
PD41768	PD41768kb_hum
PD41768	PD41768dy_hum
PD41768	PD41768et_hum
PD41768	PD41768fg_hum
PD41768	PD41768if_hum
PD41768	PD41768it_hum
PD41768	PD41768bx_hum
PD41768	PD41768iv_hum
PD41768	PD41768ke_hum
PD41768	PD41768z_hum
PD41768	PD41768bl_hum
PD41768	PD41768ao_hum
PD41768	PD41768ir_hum
PD41768	PD41768bd_hum
PD41768	PD41768eb_hum
PD41768	PD41768jb_hum
PD41768	PD41768bh_hum
PD41768	PD41768fk_hum
PD41768	PD41768fq_hum
PD41768	PD41768ku_hum
PD41768	PD41768p_hum
PD41768	PD41768aq_hum
PD41768	PD41768js_hum
PD41768	PD41768fv_hum
PD41768	PD41768jw_hum
PD41768	PD41768l_hum
PD41768	PD41768bv_hum
PD41768	PD41768hd_hum
PD41768	PD41768cm_hum
PD41768	PD41768jd_hum
PD41768	PD41768km_hum
PD41768	PD41768dl_hum
PD41768	PD41768hq_hum
PD41768	PD41768gc_hum
PD41768	PD41768bi_hum
PD41768	PD41768ax_hum
PD41768	PD41768du_hum
PD41768	PD41768fu_hum
PD41768	PD41768cj_hum
PD41768	PD41768bk_hum
PD43947	PD43947h_lo0002_hum
PD43947	PD43947h_lo0108_hum
PD43947	PD43947h_lo0199_hum
PD43947	PD43947h_lo0141_hum
PD43947	PD43947h_lo0178_hum
PD43947	PD43947h_lo0214_hum
PD43947	PD43947h_lo0018_hum
PD43947	PD43947h_lo0179_hum
PD43947	PD43947h_lo0301_hum
PD43947	PD43947h_lo0158_hum
PD43947	PD43947h_lo0195_hum
PD43947	PD43947h_lo0250_hum
PD43947	PD43947h_lo0266_hum
PD43947	PD43947h_lo0087_hum
PD43947	PD43947h_lo0294_hum
PD43947	PD43947h_lo0269_hum
PD43947	PD43947h_lo0044_hum
PD43947	PD43947h_lo0118_hum
PD43947	PD43947h_lo0193_hum
PD43947	PD43947h_lo0100_hum
PD43947	PD43947h_lo0204_hum
PD43947	PD43947h_lo0057_hum
PD43947	PD43947h_lo0217_hum
PD43947	PD43947h_lo0017_hum
PD43947	PD43947h_lo0023_hum
PD43947	PD43947h_lo0059_hum
PD43947	PD43947h_lo0119_hum
PD43947	PD43947h_lo0090_hum
PD43947	PD43947h_lo0233_hum
PD43947	PD43947h_lo0277_hum
PD43947	PD43947h_lo0043_hum
PD43947	PD43947h_lo0066_hum
PD43947	PD43947h_lo0166_hum
PD43947	PD43947h_lo0309_hum
PD43947	PD43947h_lo0074_hum
PD43947	PD43947h_lo0190_hum
PD43947	PD43947h_lo0252_hum
PD43947	PD43947h_lo0097_hum
PD43947	PD43947h_lo0213_hum
PD43947	PD43947h_lo0234_hum
PD43947	PD43947h_lo0150_hum
PD43947	PD43947h_lo0315_hum
PD43947	PD43947h_lo0207_hum
PD43947	PD43947h_lo0295_hum
PD43947	PD43947h_lo0079_hum
PD43947	PD43947h_lo0136_hum
PD43947	PD43947h_lo0145_hum
PD43947	PD43947h_lo0251_hum
PD43947	PD43947h_lo0281_hum
PD43947	PD43947h_lo0298_hum
PD43947	PD43947h_lo0267_hum
PD43947	PD43947h_lo0255_hum
PD43947	PD43947h_lo0189_hum
PD43947	PD43947h_lo0284_hum
PD43947	PD43947h_lo0235_hum
PD43947	PD43947h_lo0072_hum
PD43947	PD43947h_lo0003_hum
PD43947	PD43947h_lo0132_hum
PD43947	PD43947h_lo0155_hum
PD43947	PD43947h_lo0198_hum
PD43947	PD43947h_lo0293_hum
PD43947	PD43947h_lo0225_hum
PD43947	PD43947h_lo0232_hum
PD43947	PD43947h_lo0115_hum
PD43947	PD43947h_lo0082_hum
PD43947	PD43947h_lo0037_hum
PD43947	PD43947h_lo0222_hum
PD43947	PD43947h_lo0224_hum
PD43947	PD43947h_lo0241_hum
PD43947	PD43947h_lo0282_hum
PD43947	PD43947h_lo0024_hum
PD43947	PD43947h_lo0111_hum
PD43947	PD43947h_lo0253_hum
PD43947	PD43947h_lo0126_hum
PD43947	PD43947h_lo0042_hum
PD43947	PD43947h_lo0311_hum
PD43947	PD43947h_lo0147_hum
PD43947	PD43947h_lo0227_hum
PD43947	PD43947h_lo0151_hum
PD43947	PD43947h_lo0279_hum
PD43947	PD43947h_lo0093_hum
PD43947	PD43947h_lo0114_hum
PD43947	PD43947h_lo0013_hum
PD43947	PD43947h_lo0230_hum
PD43947	PD43947h_lo0286_hum
PD43947	PD43947h_lo0133_hum
PD43947	PD43947h_lo0243_hum
PD43947	PD43947h_lo0011_hum
PD43947	PD43947h_lo0291_hum
PD43947	PD43947h_lo0127_hum
PD43947	PD43947h_lo0138_hum
PD43947	PD43947h_lo0285_hum
PD43947	PD43947h_lo0112_hum
PD43947	PD43947h_lo0248_hum
PD43947	PD43947h_lo0046_hum
PD43947	PD43947h_lo0170_hum
PD43947	PD43947h_lo0300_hum
PD43947	PD43947h_lo0290_hum
PD43947	PD43947h_lo0080_hum
PD43947	PD43947h_lo0206_hum
PD43947	PD43947h_lo0262_hum
PD43947	PD43947h_lo0065_hum
PD43947	PD43947h_lo0061_hum
PD43947	PD43947h_lo0101_hum
PD43947	PD43947h_lo0226_hum
PD43947	PD43947h_lo0058_hum
PD43947	PD43947h_lo0040_hum
PD43947	PD43947h_lo0007_hum
PD43947	PD43947h_lo0278_hum
PD43947	PD43947h_lo0077_hum
PD43947	PD43947h_lo0143_hum
PD43947	PD43947h_lo0221_hum
PD43947	PD43947h_lo0029_hum
PD43947	PD43947h_lo0032_hum
PD43947	PD43947h_lo0016_hum
PD43947	PD43947h_lo0041_hum
PD43947	PD43947h_lo0049_hum
PD43947	PD43947h_lo0106_hum
PD43947	PD43947h_lo0117_hum
PD43947	PD43947h_lo0091_hum
PD43947	PD43947h_lo0121_hum
PD43947	PD43947h_lo0215_hum
PD43947	PD43947h_lo0005_hum
PD43947	PD43947h_lo0302_hum
PD43947	PD43947h_lo0026_hum
PD43947	PD43947h_lo0140_hum
PD43947	PD43947h_lo0172_hum
PD43947	PD43947h_lo0162_hum
PD43947	PD43947h_lo0312_hum
PD43947	PD43947h_lo0129_hum
PD43947	PD43947h_lo0280_hum
PD43947	PD43947h_lo0008_hum
PD43947	PD43947h_lo0283_hum
PD43947	PD43947h_lo0174_hum
PD43947	PD43947h_lo0194_hum
PD43947	PD43947h_lo0094_hum
PD43947	PD43947h_lo0296_hum
PD43947	PD43947h_lo0039_hum
PD43947	PD43947h_lo0086_hum
PD43947	PD43947h_lo0310_hum
PD43947	PD43947h_lo0035_hum
PD43947	PD43947h_lo0103_hum
PD43947	PD43947h_lo0181_hum
PD43947	PD43947h_lo0159_hum
PD43947	PD43947h_lo0070_hum
PD43947	PD43947h_lo0009_hum
PD43947	PD43947h_lo0107_hum
PD43947	PD43947h_lo0154_hum
PD43947	PD43947h_lo0125_hum
PD43947	PD43947h_lo0149_hum
PD43947	PD43947h_lo0015_hum
PD43947	PD43947h_lo0254_hum
PD43947	PD43947h_lo0184_hum
PD43947	PD43947h_lo0060_hum
PD43947	PD43947h_lo0264_hum
PD43947	PD43947h_lo0165_hum
PD43947	PD43947h_lo0212_hum
PD43947	PD43947h_lo0218_hum
PD43947	PD43947h_lo0113_hum
PD43947	PD43947h_lo0099_hum
PD43947	PD43947h_lo0128_hum
PD43947	PD43947h_lo0092_hum
PD43947	PD43947h_lo0223_hum
PD43947	PD43947h_lo0089_hum
PD43947	PD43947h_lo0171_hum
PD43947	PD43947h_lo0157_hum
PD43947	PD43947h_lo0175_hum
PD43947	PD43947h_lo0081_hum
PD43947	PD43947h_lo0259_hum
PD43947	PD43947h_lo0239_hum
PD43947	PD43947h_lo0263_hum
PD43947	PD43947h_lo0245_hum
PD43947	PD43947h_lo0004_hum
PD43947	PD43947h_lo0275_hum
PD43947	PD43947h_lo0130_hum
PD43947	PD43947h_lo0308_hum
PD43947	PD43947h_lo0021_hum
PD43947	PD43947h_lo0075_hum
PD43947	PD43947h_lo0144_hum
PD43947	PD43947h_lo0067_hum
PD43947	PD43947h_lo0160_hum
PD43947	PD43947h_lo0180_hum
PD43947	PD43947h_lo0209_hum
PD43947	PD43947h_lo0228_hum
PD43947	PD43947h_lo0056_hum
PD43947	PD43947h_lo0231_hum
PD43947	PD43947h_lo0265_hum
PD43947	PD43947h_lo0120_hum
PD43947	PD43947h_lo0148_hum
PD43947	PD43947h_lo0188_hum
PD43947	PD43947h_lo0191_hum
PD43947	PD43947h_lo0208_hum
PD43947	PD43947h_lo0249_hum
PD43947	PD43947h_lo0256_hum
PD43947	PD43947h_lo0047_hum
PD43947	PD43947h_lo0260_hum
PD43947	PD43947h_lo0134_hum
PD43947	PD43947h_lo0240_hum
PD43947	PD43947h_lo0153_hum
PD43947	PD43947h_lo0219_hum
PD43947	PD43947h_lo0161_hum
PD43947	PD43947h_lo0203_hum
PD43947	PD43947h_lo0197_hum
PD43947	PD43947h_lo0006_hum
PD43947	PD43947h_lo0095_hum
PD43947	PD43947h_lo0173_hum
PD43947	PD43947h_lo0019_hum
PD43947	PD43947h_lo0211_hum
PD43947	PD43947h_lo0073_hum
PD43947	PD43947h_lo0010_hum
PD43947	PD43947h_lo0068_hum
PD43947	PD43947h_lo0105_hum
PD43947	PD43947h_lo0109_hum
PD43947	PD43947h_lo0139_hum
PD43947	PD43947h_lo0229_hum
PD43947	PD43947h_lo0274_hum
PD43947	PD43947h_lo0052_hum
PD43947	PD43947h_lo0135_hum
PD43947	PD43947h_lo0202_hum
PD43947	PD43947h_lo0297_hum
PD43947	PD43947h_lo0027_hum
PD43947	PD43947h_lo0201_hum
PD43947	PD43947h_lo0237_hum
PD43947	PD43947h_lo0031_hum
PD43947	PD43947h_lo0146_hum
PD43947	PD43947h_lo0164_hum
PD43947	PD43947h_lo0088_hum
PD43947	PD43947h_lo0071_hum
PD43947	PD43947h_lo0078_hum
PD43947	PD43947h_lo0236_hum
PD43947	PD43947h_lo0036_hum
PD43947	PD43947h_lo0055_hum
PD43947	PD43947h_lo0110_hum
PD43947	PD43947h_lo0168_hum
PD43947	PD43947h_lo0292_hum
PD43947	PD43947h_lo0182_hum
PD43947	PD43947h_lo0028_hum
PD43947	PD43947h_lo0192_hum
PD43947	PD43947h_lo0069_hum
PD43947	PD43947h_lo0177_hum
PD43947	PD43947h_lo0299_hum
PD43947	PD43947h_lo0257_hum
PD43947	PD43947h_lo0307_hum
PD43947	PD43947h_lo0261_hum
PD43947	PD43947h_lo0096_hum
PD43947	PD43947h_lo0022_hum
PD43947	PD43947h_lo0313_hum
PD43947	PD43947h_lo0314_hum
PD43947	PD43947h_lo0034_hum
PD43947	PD43947h_lo0116_hum
PD43947	PD43947h_lo0196_hum
PD43947	PD43947h_lo0048_hum
PD43947	PD43947h_lo0216_hum
PD43947	PD43947h_lo0242_hum
PD43947	PD43947h_lo0131_hum
PD43947	PD43947h_lo0045_hum
PD43947	PD43947h_lo0137_hum
PD43947	PD43947h_lo0102_hum
PD43947	PD43947h_lo0030_hum
PD43947	PD43947h_lo0050_hum
PD43947	PD43947h_lo0210_hum
PD43947	PD43947h_lo0064_hum
PD43947	PD43947h_lo0163_hum
PD43947	PD43947h_lo0051_hum
PD43947	PD43947h_lo0014_hum
PD43947	PD43947h_lo0220_hum
PD43947	PD43947h_lo0238_hum
PD43947	PD43947h_lo0246_hum
PD43947	PD43947h_lo0287_hum
PD43947	PD43947h_lo0076_hum
PD43947	PD43947h_lo0098_hum
PD43947	PD43947h_lo0289_hum
PD43947	PD43947h_lo0268_hum
PD43947	PD43947h_lo0142_hum
PD43947	PD43947h_lo0200_hum
PD43947	PD43947h_lo0038_hum
PD43947	PD43947h_lo0247_hum
PD49229	PD49229b_lo0001
PD49229	PD49229b_lo0346
PD49229	PD49229b_lo0930
PD49229	PD49229b_lo0964
PD49229	PD49229b_lo0241
PD49229	PD49229b_lo0464
PD49229	PD49229b_lo0906
PD49229	PD49229b_lo0914
PD49229	PD49229b_lo0533
PD49229	PD49229b_lo0345
PD49229	PD49229b_lo0193
PD49229	PD49229b_lo0271
PD49229	PD49229b_lo0134
PD49229	PD49229b_lo0555
PD49229	PD49229b_lo0205
PD49229	PD49229b_lo0976
PD49229	PD49229b_lo0671
PD49229	PD49229b_lo0916
PD49229	PD49229b_lo0632
PD49229	PD49229b_lo0934
PD49229	PD49229b_lo0390
PD49229	PD49229b_lo0231
PD49229	PD49229b_lo0842
PD49229	PD49229b_lo0883
PD49229	PD49229b_lo0605
PD49229	PD49229b_lo0820
PD49229	PD49229b_lo0943
PD49229	PD49229b_lo0103
PD49229	PD49229b_lo0288
PD49229	PD49229b_lo0368
PD49229	PD49229b_lo0596
PD49229	PD49229b_lo0076
PD49229	PD49229b_lo0465
PD49229	PD49229b_lo0845
PD49229	PD49229b_lo0283
PD49229	PD49229b_lo0441
PD49229	PD49229b_lo0640
PD49229	PD49229b_lo0690
PD49229	PD49229b_lo0985
PD49229	PD49229b_lo0181
PD49229	PD49229b_lo0951
PD49229	PD49229b_lo0610
PD49229	PD49229b_lo0736
PD49229	PD49229b_lo0925
PD49229	PD49229b_lo0866
PD49229	PD49229b_lo0360
PD49229	PD49229b_lo0422
PD49229	PD49229b_lo0415
PD49229	PD49229b_lo0025
PD49229	PD49229b_lo0719
PD49229	PD49229b_lo0108
PD49229	PD49229b_lo0085
PD49229	PD49229b_lo0830
PD49229	PD49229b_lo0284
PD49229	PD49229b_lo0349
PD49229	PD49229b_lo0602
PD49229	PD49229b_lo0691
PD49229	PD49229b_lo0260
PD49229	PD49229b_lo0633
PD49229	PD49229b_lo0245
PD49229	PD49229b_lo0756
PD49229	PD49229b_lo0702
PD49229	PD49229b_lo0825
PD49229	PD49229b_lo0101
PD49229	PD49229b_lo0192
PD49229	PD49229b_lo0200
PD49229	PD49229b_lo0352
PD49229	PD49229b_lo0092
PD49229	PD49229b_lo0657
PD49229	PD49229b_lo0527
PD49229	PD49229b_lo0696
PD49229	PD49229b_lo0574
PD49229	PD49229b_lo0635
PD49229	PD49229b_lo0709
PD49229	PD49229b_lo0710
PD49229	PD49229b_lo0444
PD49229	PD49229b_lo0026
PD49229	PD49229b_lo0252
PD49229	PD49229b_lo0510
PD49229	PD49229b_lo0518
PD49229	PD49229b_lo0898
PD49229	PD49229b_lo0229
PD49229	PD49229b_lo0899
PD49229	PD49229b_lo0551
PD49229	PD49229b_lo0497
PD49229	PD49229b_lo0505
PD49229	PD49229b_lo0713
PD49229	PD49229b_lo0216
PD49229	PD49229b_lo0278
PD49229	PD49229b_lo0552
PD49229	PD49229b_lo0679
PD49229	PD49229b_lo0463
PD49229	PD49229b_lo0458
PD49229	PD49229b_lo0474
PD49229	PD49229b_lo0694
PD49229	PD49229b_lo0634
PD49229	PD49229b_lo0837
PD49229	PD49229b_lo0919
PD49229	PD49229b_lo0012
PD49229	PD49229b_lo0067
PD49229	PD49229b_lo0468
PD49229	PD49229b_lo0246
PD49229	PD49229b_lo0125
PD49229	PD49229b_lo0616
PD49229	PD49229b_lo0880
PD49229	PD49229b_lo0162
PD49229	PD49229b_lo0171
PD49229	PD49229b_lo0234
PD49229	PD49229b_lo0942
PD49229	PD49229b_lo0202
PD49229	PD49229b_lo0381
PD49229	PD49229b_lo0504
PD49229	PD49229b_lo0512
PD49229	PD49229b_lo0242
PD49229	PD49229b_lo0316
PD49229	PD49229b_lo0402
PD49229	PD49229b_lo0939
PD49229	PD49229b_lo0826
PD49229	PD49229b_lo0406
PD49229	PD49229b_lo0461
PD49229	PD49229b_lo0578
PD49229	PD49229b_lo0781
PD49229	PD49229b_lo0408
PD49229	PD49229b_lo0459
PD49229	PD49229b_lo0629
PD49229	PD49229b_lo0481
PD49229	PD49229b_lo0700
PD49229	PD49229b_lo0924
PD49229	PD49229b_lo0206
PD49229	PD49229b_lo0457
PD49229	PD49229b_lo0668
PD49229	PD49229b_lo0460
PD49229	PD49229b_lo0225
PD49229	PD49229b_lo0235
PD49229	PD49229b_lo0438
PD49229	PD49229b_lo0507
PD49229	PD49229b_lo0714
PD49229	PD49229b_lo0953
PD49229	PD49229b_lo0643
PD49229	PD49229b_lo0484
PD49229	PD49229b_lo0020
PD49229	PD49229b_lo0280
PD49229	PD49229b_lo0439
PD49229	PD49229b_lo0111
PD49229	PD49229b_lo0595
PD49229	PD49229b_lo0932
PD49229	PD49229b_lo0644
PD49229	PD49229b_lo0049
PD49229	PD49229b_lo0095
PD49229	PD49229b_lo0663
PD49229	PD49229b_lo0699
PD49229	PD49229b_lo0308
PD49229	PD49229b_lo0739
PD49229	PD49229b_lo0792
PD49229	PD49229b_lo0847
PD49229	PD49229b_lo0971
PD49229	PD49229b_lo0692
PD49229	PD49229b_lo0204
PD49229	PD49229b_lo0980
PD49229	PD49229b_lo0654
PD49229	PD49229b_lo0834
PD49229	PD49229b_lo0226
PD49229	PD49229b_lo0399
PD49229	PD49229b_lo0740
PD49229	PD49229b_lo0214
PD49229	PD49229b_lo0982
PD49229	PD49229b_lo0721
PD49229	PD49229b_lo0442
PD49229	PD49229b_lo0074
PD49229	PD49229b_lo0564
PD49229	PD49229b_lo0565
PD49229	PD49229b_lo0164
PD49229	PD49229b_lo0597
PD49229	PD49229b_lo0910
PD49229	PD49229b_lo0864
PD49229	PD49229b_lo0876
PD49229	PD49229b_lo0486
PD49229	PD49229b_lo0337
PD49229	PD49229b_lo0614
PD49229	PD49229b_lo0196
PD49229	PD49229b_lo0333
PD49229	PD49229b_lo0537
PD49229	PD49229b_lo0418
PD49229	PD49229b_lo0469
PD49229	PD49229b_lo0517
PD49229	PD49229b_lo0589
PD49229	PD49229b_lo0901
PD49229	PD49229b_lo0525
PD49229	PD49229b_lo0974
PD49229	PD49229b_lo0110
PD49229	PD49229b_lo0540
PD49229	PD49229b_lo0544
PD49229	PD49229b_lo0894
PD49229	PD49229b_lo0762
PD49229	PD49229b_lo0268
PD49229	PD49229b_lo0238
PD49229	PD49229b_lo0688
PD49229	PD49229b_lo0779
PD49229	PD49229b_lo0498
PD49229	PD49229b_lo0314
PD49229	PD49229b_lo0275
PD49229	PD49229b_lo0526
PD49229	PD49229b_lo0659
PD49229	PD49229b_lo0132
PD49229	PD49229b_lo0165
PD49229	PD49229b_lo0167
PD49229	PD49229b_lo0391
PD49229	PD49229b_lo0607
PD49229	PD49229b_lo0858
PD49229	PD49229b_lo0676
PD49229	PD49229b_lo0608
PD49229	PD49229b_lo0173
PD49229	PD49229b_lo0199
PD49229	PD49229b_lo0454
PD49229	PD49229b_lo0191
PD49229	PD49229b_lo0636
PD49229	PD49229b_lo0909
PD49229	PD49229b_lo0253
PD49229	PD49229b_lo0824
PD49229	PD49229b_lo0285
PD49229	PD49229b_lo0950
PD49229	PD49229b_lo0567
PD49229	PD49229b_lo0328
PD49229	PD49229b_lo0096
PD49229	PD49229b_lo0669
PD49229	PD49229b_lo0502
PD49229	PD49229b_lo0613
PD49229	PD49229b_lo0219
PD49229	PD49229b_lo0194
PD49229	PD49229b_lo0350
PD49229	PD49229b_lo0684
PD49229	PD49229b_lo0203
PD49229	PD49229b_lo0746
PD49229	PD49229b_lo0905
PD49229	PD49229b_lo0297
PD49229	PD49229b_lo0922
PD49229	PD49229b_lo0680
PD49229	PD49229b_lo0195
PD49229	PD49229b_lo0209
PD49229	PD49229b_lo0708
PD49229	PD49229b_lo0928
PD49229	PD49229b_lo0129
PD49229	PD49229b_lo0969
PD49229	PD49229b_lo0327
PD49229	PD49229b_lo0532
PD49229	PD49229b_lo0949
PD49229	PD49229b_lo0591
PD49229	PD49229b_lo0152
PD49229	PD49229b_lo0239
PD49229	PD49229b_lo0946
PD49229	PD49229b_lo0301
PD49229	PD49229b_lo0630
PD49229	PD49229b_lo0650
PD49229	PD49229b_lo0705
PD49229	PD49229b_lo0638
PD49229	PD49229b_lo0693
PD49229	PD49229b_lo0014
PD49229	PD49229b_lo0394
PD49229	PD49229b_lo0065
PD49229	PD49229b_lo0522
PD49229	PD49229b_lo0437
PD49229	PD49229b_lo0686
PD49229	PD49229b_lo0573
PD49229	PD49229b_lo0224
PD49229	PD49229b_lo0443
PD49229	PD49229b_lo0546
PD49229	PD49229b_lo0844
PD49229	PD49229b_lo0211
PD49229	PD49229b_lo0711
PD49229	PD49229b_lo0775
PD49229	PD49229b_lo0871
PD49229	PD49229b_lo0917
PD49229	PD49229b_lo0079
PD49229	PD49229b_lo0306
PD49229	PD49229b_lo0516
PD49229	PD49229b_lo0524
PD49229	PD49229b_lo0148
PD49229	PD49229b_lo0952
PD49229	PD49229b_lo0480
PD49229	PD49229b_lo0786
PD49229	PD49229b_lo0599
PD49229	PD49229b_lo0665
PD49229	PD49229b_lo0237
PD49229	PD49229b_lo0580
PD49229	PD49229b_lo0718
PD49229	PD49229b_lo0395
PD49229	PD49229b_lo0561
PD49229	PD49229b_lo0272
PD49229	PD49229b_lo0857
PD49229	PD49229b_lo0557
PD49229	PD49229b_lo0716
PD49229	PD49229b_lo0375
PD49229	PD49229b_lo0417
PD49229	PD49229b_lo0920
PD49229	PD49229b_lo0087
PD49229	PD49229b_lo0973
PD49229	PD49229b_lo0398
PD49229	PD49229b_lo0592
PD49229	PD49229b_lo0403
PD49229	PD49229b_lo0728
PD49229	PD49229b_lo0088
PD49229	PD49229b_lo0954
PD49229	PD49229b_lo0243
PD49229	PD49229b_lo0156
PD49229	PD49229b_lo0560
PD49229	PD49229b_lo0355
PD49229	PD49229b_lo0387
PD49229	PD49229b_lo0536
PD49229	PD49229b_lo0179
PD49229	PD49229b_lo0185
PD49229	PD49229b_lo0542
PD49229	PD49229b_lo0846
PD49229	PD49229b_lo0166
PD49229	PD49229b_lo0812
PD49229	PD49229b_lo0409
PD49229	PD49229b_lo0642
PD49229	PD49229b_lo0720
PD49229	PD49229b_lo0174
PD49229	PD49229b_lo0519
PD49229	PD49229b_lo0539
PD49229	PD49229b_lo0947
PD49229	PD49229b_lo0865
PD49229	PD49229b_lo0808
PD49229	PD49229b_lo0850
PD49229	PD49229b_lo0749
PD49229	PD49229b_lo0157
PD49229	PD49229b_lo0782
PD49229	PD49229b_lo0927
PD49229	PD49229b_lo0212
PD49229	PD49229b_lo0354
PD49229	PD49229b_lo0453
PD49229	PD49229b_lo0796
PD49229	PD49229b_lo0903
PD49229	PD49229b_lo0923
PD49229	PD49229b_lo0475
PD49229	PD49229b_lo0232
PD49229	PD49229b_lo0240
PD49229	PD49229b_lo0501
PD49229	PD49229b_lo0755
PD49229	PD49229b_lo1018
PD49229	PD49229b_lo0908
PD49229	PD49229b_lo0600
PD49229	PD49229b_lo0752
PD49229	PD49229b_lo0872
PD49229	PD49229b_lo0046
PD49229	PD49229b_lo0176
PD49229	PD49229b_lo0197
PD49229	PD49229b_lo0153
PD49229	PD49229b_lo0361
PD49229	PD49229b_lo0364
PD49229	PD49229b_lo0492
PD49229	PD49229b_lo0647
PD49229	PD49229b_lo0655
PD49229	PD49229b_lo0748
PD49229	PD49229b_lo0771
PD49229	PD49229b_lo0367
PD49229	PD49229b_lo0159
PD49229	PD49229b_lo0455
PD49229	PD49229b_lo0213
PD49229	PD49229b_lo0451
PD49229	PD49229b_lo0066
PD49229	PD49229b_lo0178
PD49229	PD49229b_lo0262
PD49229	PD49229b_lo0353
PD49229	PD49229b_lo0424
PD49229	PD49229b_lo0378
PD49229	PD49229b_lo0412
PD49229	PD49229b_lo0695
PD49229	PD49229b_lo0744
PD49229	PD49229b_lo0182
PD49229	PD49229b_lo0986
PD49229	PD49229b_lo0135
PD49229	PD49229b_lo0701
PD49229	PD49229b_lo0175
PD49229	PD49229b_lo0514
PD49229	PD49229b_lo0849
PD49229	PD49229b_lo0151
PD49229	PD49229b_lo0365
PD49229	PD49229b_lo0902
PD49229	PD49229b_lo0433
PD49229	PD49229b_lo0697
PD49229	PD49229b_lo0342
PD49229	PD49229b_lo0290
PD49229	PD49229b_lo0598
PD49229	PD49229b_lo0615
PD49229	PD49229b_lo0835
PD49229	PD49229b_lo0080
PD49229	PD49229b_lo0250
PD49229	PD49229b_lo0490
PD49229	PD49229b_lo0606
PD49229	PD49229b_lo0515
PD49229	PD49229b_lo0523
PD49229	PD49229b_lo0935
PD49229	PD49229b_lo0112
PD49229	PD49229b_lo0190
PD49229	PD49229b_lo0102
PD49229	PD49229b_lo0579
PD49229	PD49229b_lo0317
PD49229	PD49229b_lo0307
PD49229	PD49229b_lo0309
PD49229	PD49229b_lo0987
PD49229	PD49229b_lo0292
PD49229	PD49229b_lo0183
PD49229	PD49229b_lo0538
PD49229	PD49229b_lo0534
PD49229	PD49229b_lo0549
PD49229	PD49229b_lo0077
PD49229	PD49229b_lo0890
PD49229	PD49229b_lo0471
PD49229	PD49229b_lo0489
PD49229	PD49229b_lo0961
PD49229	PD49229b_lo0169
PD49229	PD49229b_lo0425
PD49229	PD49229b_lo0318
PD49229	PD49229b_lo0704
PD49229	PD49229b_lo0707
PD49229	PD49229b_lo0854
PD49229	PD49229b_lo0648
PD49229	PD49229b_lo0124
PD49229	PD49229b_lo0770
PD49229	PD49229b_lo0198
PD49229	PD49229b_lo0370
PD49229	PD49229b_lo0698
PD49229	PD49229b_lo0859
PD49229	PD49229b_lo0359
PD49229	PD49229b_lo0582
PD49229	PD49229b_lo0590
PD49229	PD49229b_lo0938
PD49229	PD49229b_lo0675
PD49229	PD49229b_lo0683
PD49229	PD49229b_lo0331
PD49229	PD49229b_lo0366
PD49229	PD49229b_lo0374
PD49229	PD49229b_lo0160
PD49229	PD49229b_lo0531
PD49229	PD49229b_lo0470
PD49229	PD49229b_lo0877
PD49229	PD49229b_lo0981
PD49229	PD49229b_lo0476
PD49229	PD49229b_lo0893
PD49229	PD49229b_lo0210
PD49229	PD49229b_lo0217
PD49229	PD49229b_lo0420
PD49229	PD49229b_lo0870
PD49229	PD49229b_lo0172
PD49229	PD49229b_lo0180
PD49229	PD49229b_lo0207
PD49229	PD49229b_lo0215
PD49229	PD49229b_lo0623
PD49229	PD49229b_lo0491
PD49229	PD49229b_lo0797
PD49229	PD49229b_lo0895
PD49229	PD49229b_lo0885
PD49229	PD49229b_lo0258
PD49229	PD49229b_lo0281
PD49229	PD49229b_lo0904
PD49229	PD49229b_lo0717
PD49229	PD49229b_lo0448
PD49229	PD49229b_lo0495
PD49229	PD49229b_lo0487
PD49229	PD49229b_lo0823
PD49229	PD49229b_lo0931
PD49229	PD49229b_lo0503
PD49229	PD49229b_lo0170
PD49229	PD49229b_lo0343
PD49229	PD49229b_lo0831
PD49229	PD49229b_lo0259
PD49229	PD49229b_lo0553
PD49229	PD49229b_lo0612
PD49229	PD49229b_lo0581
PD49229	PD49229b_lo0073
PD49229	PD49229b_lo0435
PD49229	PD49229b_lo0117
PD49229	PD49229b_lo0664
PD49229	PD49229b_lo0189
PD49229	PD49229b_lo0622
PD49229	PD49229b_lo0856
PD49229	PD49229b_lo0109
PD49229	PD49229b_lo0884
PD49229	PD49229b_lo0302
PD49229	PD49229b_lo0362
PD49229	PD49229b_lo0918
PD49229	PD49229b_lo0513
PD49229	PD49229b_lo0521
PD49229	PD49229b_lo0661
PD49229	PD49229b_lo0628
PD49229	PD49229b_lo0161
PD49229	PD49229b_lo0446
PD49229	PD49229b_lo0267
PD49229	PD49229b_lo0984
PD49229	PD49229b_lo0423
PD49229	PD49229b_lo0431
PD49229	PD49229b_lo0264
PD49229	PD49229b_lo0208
PD49229	PD49229b_lo0265
PD49229	PD49229b_lo0300
PD49229	PD49229b_lo0631
PD49229	PD49229b_lo0966
PD49229	PD49229b_lo0413
PD49229	PD49229b_lo0419
PD49229	PD49229b_lo0421
PD49229	PD49229b_lo0257
PD49229	PD49229b_lo0839
PD49229	PD49229b_lo0015
PD49229	PD49229b_lo0220
PD49229	PD49229b_lo0126
PD49229	PD49229b_lo0445
PD49229	PD49229b_lo0585
PD49229	PD49229b_lo0467
PD49229	PD49229b_lo0478
PD49229	PD49229b_lo0529
PD49229	PD49229b_lo0641
PD49229	PD49229b_lo0958
PD49229	PD49229b_lo0358
PD49229	PD49229b_lo0678
PD49229	PD49229b_lo0543
PD49229	PD49229b_lo0379
PD49229	PD49229b_lo0494
PD49229	PD49229b_lo0436
PD49229	PD49229b_lo0485
PD49229	PD49229b_lo0493
PD49229	PD49229b_lo0941
PD49229	PD49229b_lo0933
PD49229	PD49229b_lo0625
PD49229	PD49229b_lo0726
PD49229	PD49229b_lo0154
PD49229	PD49229b_lo0133
PD49229	PD49229b_lo0660
PD49229	PD49229b_lo0407
PD49229	PD49229b_lo0575
PD49229	PD49229b_lo0962
PD49229	PD49229b_lo0324
PD49229	PD49229b_lo0511
PD49229	PD49229b_lo0509
PD49229	PD49229b_lo0882
PD49229	PD49229b_lo0912
PD49229	PD49229b_lo0244
PD49229	PD49229b_lo0852
PD49229	PD49229b_lo0968
PD49229	PD49229b_lo0201
PD49229	PD49229b_lo0084
PD49229	PD49229b_lo0921
PD49229	PD49229b_lo0816
PD49229	PD49229b_lo0261
PD49229	PD49229b_lo0535
PD49229	PD49229b_lo0530
PD49229	PD49229b_lo0506
PD49229	PD49229b_lo0970
PD49229	PD49229b_lo0034
PD49229	PD49229b_lo0706
PD49229	PD49229b_lo0042
PD49229	PD49229b_lo0184
PD49229	PD49229b_lo0624
PD49229	PD49229b_lo0296
PD49229	PD49229b_lo0058
PD49229	PD49229b_lo0745
PD49229	PD49229b_lo0256
PD49229	PD49229b_lo0972
PD49229	PD49229b_lo0289
PD49229	PD49229b_lo0787
PD49229	PD49229b_lo0798
PD49229	PD49229b_lo0325
PD49229	PD49229b_lo0499
PD49229	PD49229b_lo0673
PD49229	PD49229b_lo0681
PD49229	PD49229b_lo0341
PD49229	PD49229b_lo0975
PD49229	PD49229b_lo0447
PD49229	PD49229b_lo0937
PD49229	PD49229b_lo0312
PD49229	PD49229b_lo0440
PD49229	PD49229b_lo0163
PD49229	PD49229b_lo0304
PD49229	PD49229b_lo0483
PD49229	PD49229b_lo0703
PD49229	PD49229b_lo0936
PD49229	PD49229b_lo0287
PD49229	PD49229b_lo0218
PD49229	PD49229b_lo0500
PD49229	PD49229b_lo0911
PD49229	PD49229b_lo0983
PD49229	PD49229b_lo0397
PD49229	PD49229b_lo0620
PD49229	PD49229b_lo0768
PD49229	PD49229b_lo0879
PD49229	PD49229b_lo0127
PD49229	PD49229b_lo0456
PD49229	PD49229b_lo0758
PD49229	PD49229b_lo0233
PD49229	PD49229b_lo0429
PD49229	PD49229b_lo0472
PD49229	PD49229b_lo0594
PD49229	PD49229b_lo0818
PD49229	PD49229b_lo0822
PD49229	PD49229b_lo0002
PD49229	PD49229b_lo0018
PD49229	PD49229b_lo0677
PD49229	PD49229b_lo0221
PD49229	PD49229b_lo0266
PD49229	PD49229b_lo0434
PD49229	PD49229b_lo0804
PD49229	PD49229b_lo0293
PD49229	PD49229b_lo0496
PD49229	PD49229b_lo0621
PD49229	PD49229b_lo0896
PD49229	PD49229b_lo0853
PD49229	PD49229b_lo0926
PD49229	PD49229b_lo0965
PD49229	PD49229b_lo0609
PD49229	PD49229b_lo0188
PD49229	PD49229b_lo0860
PD49229	PD49229b_lo0545
PD49229	PD49229b_lo0788
PD49229	PD49229b_lo0766
PD49229	PD49229b_lo0773
PD49229	PD49229b_lo0541
PD49229	PD49229b_lo0944
PD49229	PD49229b_lo0662
PD49229	PD49229b_lo0907
PD49229	PD49229b_lo0915
PD49229	PD49229b_lo0150
PD49229	PD49229b_lo0466
PD49229	PD49229b_lo0667
PD49229	PD49229b_lo0989
PD49229	PD49229b_lo0795
PD49229	PD49229b_lo0396
PD49229	PD49229b_lo0482
PD49229	PD49229b_lo0186
PD49229	PD49229b_lo0658
PD49229	PD49229b_lo0772
PD49229	PD49229b_lo0376
PD49229	PD49229b_lo0414
PD49229	PD49229b_lo0959
PD49229	PD49229b_lo0967
PD49229	PD49229b_lo0332
PD49229	PD49229b_lo0715
PD49229	PD49229b_lo0227
PD49229	PD49229b_lo0279
PD49229	PD49229b_lo0473
PD49229	PD49229b_lo0722
PD49229	PD49229b_lo0747
PD49229	PD49229b_lo0764
PD49229	PD49229b_lo0432
PD49229	PD49229b_lo0652
PD49229	PD49229b_lo0223
PD49229	PD49229b_lo0550
PD49229	PD49229b_lo0230
PD49229	PD49229b_lo0977
PD49229	PD49229b_lo0963
PD49229	PD49229b_lo0978
PD49229	PD49229b_lo0559
PD49229	PD49229b_lo0687
PD49229	PD49229b_lo0862
PD49229	PD49229b_lo0119
PD49229	PD49229b_lo0270
PD49229	PD49229b_lo0479
PD49229	PD49229b_lo0236
PD49229	PD49229b_lo0377
PD49229	PD49229b_lo0556
PD49229	PD49229b_lo0554
PD49229	PD49229b_lo0155
PD49229	PD49229b_lo0452
PD49229	PD49229b_lo0508
PD49229	PD49229b_lo0889
PD49229	PD49229b_lo0979
PD49229	PD49229b_lo0670
PD49229	PD49229b_lo0723
PD49229	PD49229b_lo0462
PD49229	PD49229b_lo0803
PD49229	PD49229b_lo0833
PD49229	PD49229b_lo0945
PD49229	PD49229b_lo0017
PD49229	PD49229b_lo0666
PD49229	PD49229b_lo0674
PD49229	PD49229b_lo0603
PD49229	PD49229b_lo0878
PD49229	PD49229b_lo0832
PD49229	PD49229b_lo0187
PD49229	PD49229b_lo0897
PD49229	PD49229b_lo0383
PD49229	PD49229b_lo0488
PD49229	PD49229b_lo0251
PD49229	PD49229b_lo0116
PD49229	PD49229b_lo0955
PD49229	PD49229b_lo0339
PD49229	PD49229b_lo0269
PD49229	PD49229b_lo0855
PD49229	PD49229b_lo0957
PD49229	PD49229b_lo0940
PD49229	PD49229b_lo0430
PD49229	PD49229b_lo0168
PD49229	PD49229b_lo0347
PD49229	PD49229b_lo0685
PD49229	PD49229b_lo0851
PD49229	PD49229b_lo0274
PD49229	PD49229b_lo0277
PD49229	PD49229b_lo0651
PD49229	PD49229b_lo0005
PD49229	PD49229b_lo0672
PD49229	PD49229b_lo0384
PD49229	PD49229b_lo0645
PD49229	PD49229b_lo0653
PD49229	PD49229b_lo0520
PD49229	PD49229b_lo0637
PD49229	PD49229b_lo0913
PD49229	PD49229b_lo0303
PD49229	PD49229b_lo0689
PD49229	PD49229b_lo0013
PD49229	PD49229b_lo0249
PD49229	PD49229b_lo0158
PD49229	PD49229b_lo0177
PD49229	PD49229b_lo0450
PD49229	PD49229b_lo0778
PD49229	PD49229b_lo0528
PD49229	PD49229b_lo0646
PD49229	PD49229b_lo0960
PD49229	PD49229b_lo0790
PD49229	PD49229b_lo0089
PD49229	PD49229b_lo0310
PD49229	PD49229b_lo0956
PD49229	PD49229b_lo0682
PD49229	PD49229b_lo0881
PD49229	Ancestral
PD53373	PD53373b_lo0001
PD53373	PD53373b_lo0151
PD53373	PD53373b_lo0414
PD53373	PD53373b_lo0119
PD53373	PD53373b_lo0316
PD53373	PD53373b_lo0532
PD53373	PD53373b_lo0034
PD53373	PD53373b_lo0478
PD53373	PD53373b_lo0617
PD53373	PD53373b_lo0470
PD53373	PD53373b_lo0603
PD53373	PD53373b_lo0611
PD53373	PD53373b_lo0081
PD53373	PD53373b_lo0089
PD53373	PD53373b_lo0647
PD53373	PD53373b_lo0545
PD53373	PD53373b_lo0097
PD53373	PD53373b_lo0669
PD53373	PD53373b_lo0291
PD53373	PD53373b_lo0430
PD53373	PD53373b_lo0266
PD53373	PD53373b_lo0397
PD53373	PD53373b_lo0112
PD53373	PD53373b_lo0631
PD53373	PD53373b_lo0319
PD53373	PD53373b_lo0069
PD53373	PD53373b_lo0004
PD53373	PD53373b_lo0033
PD53373	PD53373b_lo0223
PD53373	PD53373b_lo0152
PD53373	PD53373b_lo0171
PD53373	PD53373b_lo0354
PD53373	PD53373b_lo0450
PD53373	PD53373b_lo0306
PD53373	PD53373b_lo0011
PD53373	PD53373b_lo0485
PD53373	PD53373b_lo0563
PD53373	PD53373b_lo0391
PD53373	PD53373b_lo0601
PD53373	PD53373b_lo0462
PD53373	PD53373b_lo0147
PD53373	PD53373b_lo0190
PD53373	PD53373b_lo0473
PD53373	PD53373b_lo0484
PD53373	PD53373b_lo0035
PD53373	PD53373b_lo0639
PD53373	PD53373b_lo0587
PD53373	PD53373b_lo0590
PD53373	PD53373b_lo0164
PD53373	PD53373b_lo0640
PD53373	PD53373b_lo0529
PD53373	PD53373b_lo0188
PD53373	PD53373b_lo0299
PD53373	PD53373b_lo0307
PD53373	PD53373b_lo0166
PD53373	PD53373b_lo0346
PD53373	PD53373b_lo0388
PD53373	PD53373b_lo0370
PD53373	PD53373b_lo0003
PD53373	PD53373b_lo0179
PD53373	PD53373b_lo0041
PD53373	PD53373b_lo0658
PD53373	PD53373b_lo0057
PD53373	PD53373b_lo0023
PD53373	PD53373b_lo0189
PD53373	PD53373b_lo0324
PD53373	PD53373b_lo0320
PD53373	PD53373b_lo0289
PD53373	PD53373b_lo0347
PD53373	PD53373b_lo0361
PD53373	PD53373b_lo0453
PD53373	PD53373b_lo0479
PD53373	PD53373b_lo0031
PD53373	PD53373b_lo0083
PD53373	PD53373b_lo0318
PD53373	PD53373b_lo0618
PD53373	PD53373b_lo0078
PD53373	PD53373b_lo0638
PD53373	PD53373b_lo0489
PD53373	PD53373b_lo0088
PD53373	PD53373b_lo0177
PD53373	PD53373b_lo0628
PD53373	PD53373b_lo0636
PD53373	PD53373b_lo0499
PD53373	PD53373b_lo0364
PD53373	PD53373b_lo0534
PD53373	PD53373b_lo0540
PD53373	PD53373b_lo0100
PD53373	PD53373b_lo0146
PD53373	PD53373b_lo0161
PD53373	PD53373b_lo0610
PD53373	PD53373b_lo0178
PD53373	PD53373b_lo0212
PD53373	PD53373b_lo0530
PD53373	PD53373b_lo0671
PD53373	PD53373b_lo0005
PD53373	PD53373b_lo0550
PD53373	PD53373b_lo0326
PD53373	PD53373b_lo0524
PD53373	PD53373b_lo0575
PD53373	PD53373b_lo0390
PD53373	PD53373b_lo0040
PD53373	PD53373b_lo0239
PD53373	PD53373b_lo0193
PD53373	PD53373b_lo0417
PD53373	PD53373b_lo0264
PD53373	PD53373b_lo0623
PD53373	PD53373b_lo0071
PD53373	PD53373b_lo0145
PD53373	PD53373b_lo0217
PD53373	PD53373b_lo0366
PD53373	PD53373b_lo0337
PD53373	PD53373b_lo0267
PD53373	PD53373b_lo0544
PD53373	PD53373b_lo0170
PD53373	PD53373b_lo0259
PD53373	PD53373b_lo0458
PD53373	PD53373b_lo0268
PD53373	PD53373b_lo0124
PD53373	PD53373b_lo0185
PD53373	PD53373b_lo0562
PD53373	PD53373b_lo0248
PD53373	PD53373b_lo0049
PD53373	PD53373b_lo0140
PD53373	PD53373b_lo0168
PD53373	PD53373b_lo0281
PD53373	PD53373b_lo0007
PD53373	PD53373b_lo0491
PD53373	PD53373b_lo0076
PD53373	PD53373b_lo0399
PD53373	PD53373b_lo0561
PD53373	PD53373b_lo0576
PD53373	PD53373b_lo0103
PD53373	PD53373b_lo0154
PD53373	PD53373b_lo0067
PD53373	PD53373b_lo0199
PD53373	PD53373b_lo0200
PD53373	PD53373b_lo0342
PD53373	PD53373b_lo0125
PD53373	PD53373b_lo0236
PD53373	PD53373b_lo0254
PD53373	PD53373b_lo0420
PD53373	PD53373b_lo0273
PD53373	PD53373b_lo0401
PD53373	PD53373b_lo0597
PD53373	PD53373b_lo0317
PD53373	PD53373b_lo0536
PD53373	PD53373b_lo0621
PD53373	PD53373b_lo0365
PD53373	PD53373b_lo0581
PD53373	PD53373b_lo0664
PD53373	PD53373b_lo0229
PD53373	PD53373b_lo0444
PD53373	PD53373b_lo0402
PD53373	PD53373b_lo0428
PD53373	PD53373b_lo0565
PD53373	PD53373b_lo0012
PD53373	PD53373b_lo0241
PD53373	PD53373b_lo0066
PD53373	PD53373b_lo0460
PD53373	PD53373b_lo0566
PD53373	PD53373b_lo0526
PD53373	PD53373b_lo0645
PD53373	PD53373b_lo0211
PD53373	PD53373b_lo0451
PD53373	PD53373b_lo0459
PD53373	PD53373b_lo0333
PD53373	PD53373b_lo0348
PD53373	PD53373b_lo0113
PD53373	PD53373b_lo0121
PD53373	PD53373b_lo0167
PD53373	PD53373b_lo0599
PD53373	PD53373b_lo0017
PD53373	PD53373b_lo0130
PD53373	PD53373b_lo0569
PD53373	PD53373b_lo0425
PD53373	PD53373b_lo0421
PD53373	PD53373b_lo0555
PD53373	PD53373b_lo0570
PD53373	PD53373b_lo0357
PD53373	PD53373b_lo0439
PD53373	PD53373b_lo0410
PD53373	PD53373b_lo0481
PD53373	PD53373b_lo0547
PD53373	PD53373b_lo0376
PD53373	PD53373b_lo0131
PD53373	PD53373b_lo0232
PD53373	PD53373b_lo0389
PD53373	PD53373b_lo0228
PD53373	PD53373b_lo0369
PD53373	PD53373b_lo0242
PD53373	PD53373b_lo0173
PD53373	PD53373b_lo0280
PD53373	PD53373b_lo0613
PD53373	PD53373b_lo0018
PD53373	PD53373b_lo0667
PD53373	PD53373b_lo0054
PD53373	PD53373b_lo0062
PD53373	PD53373b_lo0567
PD53373	PD53373b_lo0494
PD53373	PD53373b_lo0513
PD53373	PD53373b_lo0558
PD53373	PD53373b_lo0106
PD53373	PD53373b_lo0359
PD53373	PD53373b_lo0123
PD53373	PD53373b_lo0128
PD53373	PD53373b_lo0218
PD53373	PD53373b_lo0201
PD53373	PD53373b_lo0149
PD53373	PD53373b_lo0650
PD53373	PD53373b_lo0493
PD53373	PD53373b_lo0501
PD53373	PD53373b_lo0258
PD53373	PD53373b_lo0548
PD53373	PD53373b_lo0293
PD53373	PD53373b_lo0371
PD53373	PD53373b_lo0061
PD53373	PD53373b_lo0237
PD53373	PD53373b_lo0423
PD53373	PD53373b_lo0304
PD53373	PD53373b_lo0198
PD53373	PD53373b_lo0437
PD53373	PD53373b_lo0503
PD53373	PD53373b_lo0525
PD53373	PD53373b_lo0204
PD53373	PD53373b_lo0396
PD53373	PD53373b_lo0038
PD53373	PD53373b_lo0138
PD53373	PD53373b_lo0331
PD53373	PD53373b_lo0393
PD53373	PD53373b_lo0382
PD53373	PD53373b_lo0506
PD53373	PD53373b_lo0210
PD53373	PD53373b_lo0301
PD53373	PD53373b_lo0087
PD53373	PD53373b_lo0523
PD53373	PD53373b_lo0505
PD53373	PD53373b_lo0300
PD53373	PD53373b_lo0338
PD53373	PD53373b_lo0063
PD53373	PD53373b_lo0096
PD53373	PD53373b_lo0305
PD53373	PD53373b_lo0298
PD53373	PD53373b_lo0243
PD53373	PD53373b_lo0624
PD53373	PD53373b_lo0227
PD53373	PD53373b_lo0467
PD53373	PD53373b_lo0328
PD53373	PD53373b_lo0446
PD53373	PD53373b_lo0449
PD53373	PD53373b_lo0056
PD53373	PD53373b_lo0629
PD53373	PD53373b_lo0249
PD53373	PD53373b_lo0208
PD53373	PD53373b_lo0309
PD53373	PD53373b_lo0607
PD53373	PD53373b_lo0464
PD53373	PD53373b_lo0150
PD53373	PD53373b_lo0332
PD53373	PD53373b_lo0511
PD53373	PD53373b_lo0604
PD53373	PD53373b_lo0648
PD53373	PD53373b_lo0355
PD53373	PD53373b_lo0556
PD53373	PD53373b_lo0006
PD53373	PD53373b_lo0466
PD53373	PD53373b_lo0247
PD53373	PD53373b_lo0454
PD53373	PD53373b_lo0615
PD53373	PD53373b_lo0662
PD53373	PD53373b_lo0616
PD53373	PD53373b_lo0668
PD53373	PD53373b_lo0290
PD53373	PD53373b_lo0510
PD53373	PD53373b_lo0036
PD53373	PD53373b_lo0044
PD53373	PD53373b_lo0111
PD53373	PD53373b_lo0521
PD53373	PD53373b_lo0362
PD53373	PD53373b_lo0050
PD53373	PD53373b_lo0058
PD53373	PD53373b_lo0137
PD53373	PD53373b_lo0075
PD53373	PD53373b_lo0394
PD53373	PD53373b_lo0496
PD53373	PD53373b_lo0079
PD53373	PD53373b_lo0553
PD53373	PD53373b_lo0238
PD53373	PD53373b_lo0016
PD53373	PD53373b_lo0187
PD53373	PD53373b_lo0109
PD53373	PD53373b_lo0455
PD53373	PD53373b_lo0531
PD53373	PD53373b_lo0064
PD53373	PD53373b_lo0195
PD53373	PD53373b_lo0219
PD53373	PD53373b_lo0127
PD53373	PD53373b_lo0129
PD53373	PD53373b_lo0600
PD53373	PD53373b_lo0094
PD53373	PD53373b_lo0085
PD53373	PD53373b_lo0093
PD53373	PD53373b_lo0294
PD53373	PD53373b_lo0302
PD53373	PD53373b_lo0588
PD53373	PD53373b_lo0026
PD53373	PD53373b_lo0245
PD53373	PD53373b_lo0582
PD53373	PD53373b_lo0270
PD53373	PD53373b_lo0379
PD53373	PD53373b_lo0084
PD53373	PD53373b_lo0215
PD53373	PD53373b_lo0261
PD53373	PD53373b_lo0339
PD53373	PD53373b_lo0086
PD53373	PD53373b_lo0571
PD53373	PD53373b_lo0574
PD53373	PD53373b_lo0141
PD53373	PD53373b_lo0589
PD53373	PD53373b_lo0415
PD53373	PD53373b_lo0022
PD53373	PD53373b_lo0039
PD53373	PD53373b_lo0027
PD53373	PD53373b_lo0070
PD53373	PD53373b_lo0431
PD53373	PD53373b_lo0541
PD53373	PD53373b_lo0043
PD53373	PD53373b_lo0176
PD53373	PD53373b_lo0537
PD53373	PD53373b_lo0163
PD53373	PD53373b_lo0528
PD53373	PD53373b_lo0516
PD53373	PD53373b_lo0091
PD53373	PD53373b_lo0160
PD53373	PD53373b_lo0577
PD53373	PD53373b_lo0634
PD53373	PD53373b_lo0651
PD53373	PD53373b_lo0452
PD53373	PD53373b_lo0641
PD53373	PD53373b_lo0047
PD53373	PD53373b_lo0155
PD53373	PD53373b_lo0092
PD53373	PD53373b_lo0515
PD53373	PD53373b_lo0606
PD53373	PD53373b_lo0630
PD53373	PD53373b_lo0074
PD53373	PD53373b_lo0465
PD53373	PD53373b_lo0192
PD53373	PD53373b_lo0233
PD53373	PD53373b_lo0373
PD53373	PD53373b_lo0646
PD53373	PD53373b_lo0517
PD53373	PD53373b_lo0222
PD53373	PD53373b_lo0221
PD53373	PD53373b_lo0042
PD53373	PD53373b_lo0488
PD53373	PD53373b_lo0325
PD53373	PD53373b_lo0321
PD53373	PD53373b_lo0627
PD53373	PD53373b_lo0564
PD53373	PD53373b_lo0572
PD53373	PD53373b_lo0055
PD53373	PD53373b_lo0203
PD53373	PD53373b_lo0143
PD53373	PD53373b_lo0311
PD53373	PD53373b_lo0436
PD53373	PD53373b_lo0323
PD53373	PD53373b_lo0378
PD53373	PD53373b_lo0649
PD53373	PD53373b_lo0356
PD53373	PD53373b_lo0395
PD53373	PD53373b_lo0405
PD53373	PD53373b_lo0135
PD53373	PD53373b_lo0657
PD53373	PD53373b_lo0358
PD53373	PD53373b_lo0010
PD53373	PD53373b_lo0013
PD53373	PD53373b_lo0442
PD53373	PD53373b_lo0330
PD53373	PD53373b_lo0381
PD53373	PD53373b_lo0102
PD53373	PD53373b_lo0196
PD53373	PD53373b_lo0257
PD53373	PD53373b_lo0292
PD53373	PD53373b_lo0518
PD53373	PD53373b_lo0282
PD53373	PD53373b_lo0286
PD53373	PD53373b_lo0296
PD53373	PD53373b_lo0021
PD53373	PD53373b_lo0486
PD53373	PD53373b_lo0527
PD53373	PD53373b_lo0559
PD53373	PD53373b_lo0419
PD53373	PD53373b_lo0014
PD53373	PD53373b_lo0632
PD53373	PD53373b_lo0546
PD53373	PD53373b_lo0554
PD53373	PD53373b_lo0181
PD53373	PD53373b_lo0183
PD53373	PD53373b_lo0184
PD53373	PD53373b_lo0539
PD53373	PD53373b_lo0560
PD53373	PD53373b_lo0095
PD53373	PD53373b_lo0374
PD53373	PD53373b_lo0584
PD53373	PD53373b_lo0287
PD53373	PD53373b_lo0596
PD53373	PD53373b_lo0609
PD53373	PD53373b_lo0643
PD53373	PD53373b_lo0625
PD53373	PD53373b_lo0633
PD53373	PD53373b_lo0015
PD53373	PD53373b_lo0592
PD53373	PD53373b_lo0231
PD53373	PD53373b_lo0037
PD53373	PD53373b_lo0045
PD53373	PD53373b_lo0053
PD53373	PD53373b_lo0295
PD53373	PD53373b_lo0046
PD53373	PD53373b_lo0345
PD53373	PD53373b_lo0380
PD53373	PD53373b_lo0468
PD53373	PD53373b_lo0666
PD53373	PD53373b_lo0175
PD53373	PD53373b_lo0048
PD53373	PD53373b_lo0585
PD53373	PD53373b_lo0593
PD53373	PD53373b_lo0372
PD53373	PD53373b_lo0655
PD53373	PD53373b_lo0169
PD53373	PD53373b_lo0375
PD53373	PD53373b_lo0334
PD53373	PD53373b_lo0416
PD53373	PD53373b_lo0508
PD53373	PD53373b_lo0180
PD53373	PD53373b_lo0262
PD53373	PD53373b_lo0367
PD53373	PD53373b_lo0543
PD53373	PD53373b_lo0580
PD53373	PD53373b_lo0598
PD53373	PD53373b_lo0483
PD53373	PD53373b_lo0110
PD53373	PD53373b_lo0158
PD53373	PD53373b_lo0122
PD53373	PD53373b_lo0322
PD53373	PD53373b_lo0209
PD53373	PD53373b_lo0256
PD53373	PD53373b_lo0492
PD53373	PD53373b_lo0637
PD53373	PD53373b_lo0274
PD53373	PD53373b_lo0502
PD53373	PD53373b_lo0497
PD53373	PD53373b_lo0340
PD53373	PD53373b_lo0253
PD53373	PD53373b_lo0352
PD53373	PD53373b_lo0363
PD53373	PD53373b_lo0148
PD53373	PD53373b_lo0230
PD53373	PD53373b_lo0252
PD53373	PD53373b_lo0308
PD53373	PD53373b_lo0487
PD53373	PD53373b_lo0495
PD53373	PD53373b_lo0549
PD53373	PD53373b_lo0445
PD53373	PD53373b_lo0029
PD53373	PD53373b_lo0443
PD53373	PD53373b_lo0350
PD53373	PD53373b_lo0065
PD53373	PD53373b_lo0073
PD53373	PD53373b_lo0314
PD53373	PD53373b_lo0349
PD53373	PD53373b_lo0116
PD53373	PD53373b_lo0008
PD53373	PD53373b_lo0172
PD53373	PD53373b_lo0115
PD53373	PD53373b_lo0278
PD53373	PD53373b_lo0077
PD53373	PD53373b_lo0297
PD53373	PD53373b_lo0652
PD53373	PD53373b_lo0019
PD53373	PD53373b_lo0090
PD53373	PD53373b_lo0670
PD53373	PD53373b_lo0429
PD53373	PD53373b_lo0538
PD53373	PD53373b_lo0335
PD53373	PD53373b_lo0552
PD53373	PD53373b_lo0514
PD53373	PD53373b_lo0663
PD53373	PD53373b_lo0082
PD53373	PD53373b_lo0519
PD53373	PD53373b_lo0009
PD53373	PD53373b_lo0272
PD53373	PD53373b_lo0025
PD53373	PD53373b_lo0174
PD53373	PD53373b_lo0341
PD53373	PD53373b_lo0028
PD53373	PD53373b_lo0206
PD53373	PD53373b_lo0418
PD53373	PD53373b_lo0020
PD53373	PD53373b_lo0387
PD53373	PD53373b_lo0132
PD53373	PD53373b_lo0260
PD53373	PD53373b_lo0377
PD53373	PD53373b_lo0313
PD53373	PD53373b_lo0498
PD53373	PD53373b_lo0329
PD53373	PD53373b_lo0535
PD53373	PD53373b_lo0351
PD53373	PD53373b_lo0477
PD53373	PD53373b_lo0383
PD53373	PD53373b_lo0626
PD53373	PD53373b_lo0059
PD53373	PD53373b_lo0255
PD53373	PD53373b_lo0194
PD53373	PD53373b_lo0265
PD53373	PD53373b_lo0573
PD53373	PD53373b_lo0353
PD53373	PD53373b_lo0522
PD53373	PD53373b_lo0327
PD53373	PD53373b_lo0605
PD53373	PD53373b_lo0024
PD53373	PD53373b_lo0568
PD53373	PD53373b_lo0500
PD53373	PD53373b_lo0644
PD53373	PD53373b_lo0051
PD53373	PD53373b_lo0344
PD53373	PD53373b_lo0407
PD53373	PD53373b_lo0482
PD53373	PD53373b_lo0490
PD53373	PD53373b_lo0060
PD53373	PD53373b_lo0303
PD53373	PD53373b_lo0406
PD53373	PD53373b_lo0315
PD53373	PD53373b_lo0411
PD53373	PD53373b_lo0542
PD53373	Ancestral
PD49228	PD49228b_lo0001
PD49228	PD49228b_lo0008
PD49228	PD49228b_lo0095
PD49228	PD49228b_lo0623
PD49228	PD49228b_lo0166
PD49228	PD49228b_lo0351
PD49228	PD49228b_lo0459
PD49228	PD49228b_lo0611
PD49228	PD49228b_lo0609
PD49228	PD49228b_lo0009
PD49228	PD49228b_lo0390
PD49228	PD49228b_lo0398
PD49228	PD49228b_lo0580
PD49228	PD49228b_lo0065
PD49228	PD49228b_lo0084
PD49228	PD49228b_lo0290
PD49228	PD49228b_lo0089
PD49228	PD49228b_lo0412
PD49228	PD49228b_lo0503
PD49228	PD49228b_lo0359
PD49228	PD49228b_lo0391
PD49228	PD49228b_lo0648
PD49228	PD49228b_lo0382
PD49228	PD49228b_lo0510
PD49228	PD49228b_lo0532
PD49228	PD49228b_lo0138
PD49228	PD49228b_lo0589
PD49228	PD49228b_lo0361
PD49228	PD49228b_lo0305
PD49228	PD49228b_lo0313
PD49228	PD49228b_lo0355
PD49228	PD49228b_lo0336
PD49228	PD49228b_lo0002
PD49228	PD49228b_lo0010
PD49228	PD49228b_lo0394
PD49228	PD49228b_lo0145
PD49228	PD49228b_lo0416
PD49228	PD49228b_lo0011
PD49228	PD49228b_lo0012
PD49228	PD49228b_lo0031
PD49228	PD49228b_lo0659
PD49228	PD49228b_lo0570
PD49228	PD49228b_lo0577
PD49228	PD49228b_lo0086
PD49228	PD49228b_lo0529
PD49228	PD49228b_lo0537
PD49228	PD49228b_lo0579
PD49228	PD49228b_lo0628
PD49228	PD49228b_lo0393
PD49228	PD49228b_lo0109
PD49228	PD49228b_lo0115
PD49228	PD49228b_lo0062
PD49228	PD49228b_lo0119
PD49228	PD49228b_lo0092
PD49228	PD49228b_lo0162
PD49228	PD49228b_lo0486
PD49228	PD49228b_lo0485
PD49228	PD49228b_lo0054
PD49228	PD49228b_lo0152
PD49228	PD49228b_lo0323
PD49228	PD49228b_lo0334
PD49228	PD49228b_lo0337
PD49228	PD49228b_lo0087
PD49228	PD49228b_lo0304
PD49228	PD49228b_lo0308
PD49228	PD49228b_lo0373
PD49228	PD49228b_lo0603
PD49228	PD49228b_lo0022
PD49228	PD49228b_lo0307
PD49228	PD49228b_lo0352
PD49228	PD49228b_lo0289
PD49228	PD49228b_lo0455
PD49228	PD49228b_lo0027
PD49228	PD49228b_lo0090
PD49228	PD49228b_lo0363
PD49228	PD49228b_lo0480
PD49228	PD49228b_lo0649
PD49228	PD49228b_lo0133
PD49228	PD49228b_lo0377
PD49228	PD49228b_lo0505
PD49228	PD49228b_lo0619
PD49228	PD49228b_lo0438
PD49228	PD49228b_lo0547
PD49228	PD49228b_lo0347
PD49228	PD49228b_lo0079
PD49228	PD49228b_lo0442
PD49228	PD49228b_lo0299
PD49228	PD49228b_lo0344
PD49228	PD49228b_lo0556
PD49228	PD49228b_lo0400
PD49228	PD49228b_lo0565
PD49228	PD49228b_lo0430
PD49228	PD49228b_lo0422
PD49228	PD49228b_lo0466
PD49228	PD49228b_lo0481
PD49228	PD49228b_lo0511
PD49228	PD49228b_lo0630
PD49228	PD49228b_lo0550
PD49228	PD49228b_lo0551
PD49228	PD49228b_lo0559
PD49228	PD49228b_lo0467
PD49228	PD49228b_lo0475
PD49228	PD49228b_lo0483
PD49228	PD49228b_lo0046
PD49228	PD49228b_lo0340
PD49228	PD49228b_lo0506
PD49228	PD49228b_lo0316
PD49228	PD49228b_lo0350
PD49228	PD49228b_lo0397
PD49228	PD49228b_lo0405
PD49228	PD49228b_lo0048
PD49228	PD49228b_lo0409
PD49228	PD49228b_lo0345
PD49228	PD49228b_lo0433
PD49228	PD49228b_lo0468
PD49228	PD49228b_lo0159
PD49228	PD49228b_lo0454
PD49228	PD49228b_lo0462
PD49228	PD49228b_lo0499
PD49228	PD49228b_lo0539
PD49228	PD49228b_lo0371
PD49228	PD49228b_lo0436
PD49228	PD49228b_lo0020
PD49228	PD49228b_lo0028
PD49228	PD49228b_lo0456
PD49228	PD49228b_lo0523
PD49228	PD49228b_lo0531
PD49228	PD49228b_lo0638
PD49228	PD49228b_lo0578
PD49228	PD49228b_lo0091
PD49228	PD49228b_lo0312
PD49228	PD49228b_lo0081
PD49228	PD49228b_lo0443
PD49228	PD49228b_lo0451
PD49228	PD49228b_lo0504
PD49228	PD49228b_lo0093
PD49228	PD49228b_lo0186
PD49228	PD49228b_lo0326
PD49228	PD49228b_lo0554
PD49228	PD49228b_lo0518
PD49228	PD49228b_lo0189
PD49228	PD49228b_lo0389
PD49228	PD49228b_lo0343
PD49228	PD49228b_lo0586
PD49228	PD49228b_lo0601
PD49228	PD49228b_lo0035
PD49228	PD49228b_lo0007
PD49228	PD49228b_lo0094
PD49228	PD49228b_lo0082
PD49228	PD49228b_lo0026
PD49228	PD49228b_lo0520
PD49228	PD49228b_lo0594
PD49228	PD49228b_lo0049
PD49228	PD49228b_lo0057
PD49228	PD49228b_lo0088
PD49228	PD49228b_lo0183
PD49228	PD49228b_lo0292
PD49228	PD49228b_lo0300
PD49228	PD49228b_lo0625
PD49228	PD49228b_lo0318
PD49228	PD49228b_lo0489
PD49228	PD49228b_lo0073
PD49228	PD49228b_lo0170
PD49228	PD49228b_lo0178
PD49228	PD49228b_lo0484
PD49228	PD49228b_lo0120
PD49228	PD49228b_lo0118
PD49228	PD49228b_lo0188
PD49228	PD49228b_lo0626
PD49228	PD49228b_lo0173
PD49228	PD49228b_lo0174
PD49228	PD49228b_lo0113
PD49228	PD49228b_lo0190
PD49228	PD49228b_lo0348
PD49228	PD49228b_lo0453
PD49228	PD49228b_lo0495
PD49228	PD49228b_lo0592
PD49228	PD49228b_lo0006
PD49228	PD49228b_lo0050
PD49228	PD49228b_lo0017
PD49228	PD49228b_lo0055
PD49228	PD49228b_lo0116
PD49228	PD49228b_lo0667
PD49228	PD49228b_lo0034
PD49228	PD49228b_lo0042
PD49228	PD49228b_lo0598
PD49228	PD49228b_lo0548
PD49228	PD49228b_lo0366
PD49228	PD49228b_lo0324
PD49228	PD49228b_lo0309
PD49228	PD49228b_lo0575
PD49228	PD49228b_lo0043
PD49228	PD49228b_lo0332
PD49228	PD49228b_lo0367
PD49228	PD49228b_lo0370
PD49228	PD49228b_lo0099
PD49228	PD49228b_lo0144
PD49228	PD49228b_lo0399
PD49228	PD49228b_lo0179
PD49228	PD49228b_lo0101
PD49228	PD49228b_lo0129
PD49228	PD49228b_lo0641
PD49228	PD49228b_lo0153
PD49228	PD49228b_lo0440
PD49228	PD49228b_lo0617
PD49228	PD49228b_lo0134
PD49228	PD49228b_lo0380
PD49228	PD49228b_lo0114
PD49228	PD49228b_lo0149
PD49228	PD49228b_lo0357
PD49228	PD49228b_lo0076
PD49228	PD49228b_lo0122
PD49228	PD49228b_lo0158
PD49228	PD49228b_lo0591
PD49228	PD49228b_lo0415
PD49228	PD49228b_lo0420
PD49228	PD49228b_lo0154
PD49228	PD49228b_lo0039
PD49228	PD49228b_lo0476
PD49228	PD49228b_lo0146
PD49228	PD49228b_lo0171
PD49228	PD49228b_lo0155
PD49228	PD49228b_lo0003
PD49228	PD49228b_lo0053
PD49228	PD49228b_lo0354
PD49228	PD49228b_lo0392
PD49228	PD49228b_lo0512
PD49228	PD49228b_lo0544
PD49228	PD49228b_lo0311
PD49228	PD49228b_lo0614
PD49228	PD49228b_lo0368
PD49228	PD49228b_lo0437
PD49228	PD49228b_lo0461
PD49228	PD49228b_lo0445
PD49228	PD49228b_lo0077
PD49228	PD49228b_lo0165
PD49228	PD49228b_lo0141
PD49228	PD49228b_lo0643
PD49228	PD49228b_lo0321
PD49228	PD49228b_lo0521
PD49228	PD49228b_lo0078
PD49228	PD49228b_lo0333
PD49228	PD49228b_lo0019
PD49228	PD49228b_lo0538
PD49228	PD49228b_lo0576
PD49228	PD49228b_lo0317
PD49228	PD49228b_lo0071
PD49228	PD49228b_lo0421
PD49228	PD49228b_lo0463
PD49228	PD49228b_lo0471
PD49228	PD49228b_lo0479
PD49228	PD49228b_lo0402
PD49228	PD49228b_lo0536
PD49228	PD49228b_lo0016
PD49228	PD49228b_lo0541
PD49228	PD49228b_lo0131
PD49228	PD49228b_lo0478
PD49228	PD49228b_lo0642
PD49228	PD49228b_lo0494
PD49228	PD49228b_lo0032
PD49228	PD49228b_lo0040
PD49228	PD49228b_lo0085
PD49228	PD49228b_lo0315
PD49228	PD49228b_lo0488
PD49228	PD49228b_lo0602
PD49228	PD49228b_lo0401
PD49228	PD49228b_lo0515
PD49228	PD49228b_lo0557
PD49228	PD49228b_lo0151
PD49228	PD49228b_lo0525
PD49228	PD49228b_lo0507
PD49228	PD49228b_lo0646
PD49228	PD49228b_lo0552
PD49228	PD49228b_lo0568
PD49228	PD49228b_lo0573
PD49228	PD49228b_lo0029
PD49228	PD49228b_lo0037
PD49228	PD49228b_lo0036
PD49228	PD49228b_lo0044
PD49228	PD49228b_lo0587
PD49228	PD49228b_lo0487
PD49228	PD49228b_lo0627
PD49228	PD49228b_lo0665
PD49228	PD49228b_lo0038
PD49228	PD49228b_lo0381
PD49228	PD49228b_lo0056
PD49228	PD49228b_lo0428
PD49228	PD49228b_lo0111
PD49228	PD49228b_lo0376
PD49228	PD49228b_lo0558
PD49228	PD49228b_lo0426
PD49228	PD49228b_lo0191
PD49228	PD49228b_lo0067
PD49228	PD49228b_lo0148
PD49228	PD49228b_lo0450
PD49228	PD49228b_lo0519
PD49228	PD49228b_lo0369
PD49228	PD49228b_lo0509
PD49228	PD49228b_lo0517
PD49228	PD49228b_lo0066
PD49228	PD49228b_lo0150
PD49228	PD49228b_lo0616
PD49228	PD49228b_lo0329
PD49228	PD49228b_lo0633
PD49228	PD49228b_lo0429
PD49228	PD49228b_lo0501
PD49228	PD49228b_lo0567
PD49228	PD49228b_lo0672
PD49228	PD49228b_lo0624
PD49228	PD49228b_lo0097
PD49228	PD49228b_lo0327
PD49228	PD49228b_lo0425
PD49228	PD49228b_lo0655
PD49228	PD49228b_lo0074
PD49228	PD49228b_lo0157
PD49228	PD49228b_lo0338
PD49228	PD49228b_lo0590
PD49228	PD49228b_lo0639
PD49228	PD49228b_lo0136
PD49228	PD49228b_lo0384
PD49228	PD49228b_lo0650
PD49228	PD49228b_lo0051
PD49228	PD49228b_lo0163
PD49228	PD49228b_lo0349
PD49228	PD49228b_lo0444
PD49228	PD49228b_lo0574
PD49228	PD49228b_lo0314
PD49228	PD49228b_lo0320
PD49228	PD49228b_lo0385
PD49228	PD49228b_lo0528
PD49228	PD49228b_lo0388
PD49228	PD49228b_lo0458
PD49228	PD49228b_lo0593
PD49228	PD49228b_lo0634
PD49228	PD49228b_lo0181
PD49228	PD49228b_lo0301
PD49228	PD49228b_lo0328
PD49228	PD49228b_lo0534
PD49228	PD49228b_lo0070
PD49228	PD49228b_lo0142
PD49228	PD49228b_lo0132
PD49228	PD49228b_lo0546
PD49228	PD49228b_lo0330
PD49228	PD49228b_lo0353
PD49228	PD49228b_lo0059
PD49228	PD49228b_lo0406
PD49228	PD49228b_lo0432
PD49228	PD49228b_lo0452
PD49228	PD49228b_lo0493
PD49228	PD49228b_lo0610
PD49228	PD49228b_lo0060
PD49228	PD49228b_lo0013
PD49228	PD49228b_lo0419
PD49228	PD49228b_lo0657
PD49228	PD49228b_lo0075
PD49228	PD49228b_lo0651
PD49228	PD49228b_lo0431
PD49228	PD49228b_lo0439
PD49228	PD49228b_lo0447
PD49228	PD49228b_lo0041
PD49228	PD49228b_lo0375
PD49228	PD49228b_lo0106
PD49228	PD49228b_lo0185
PD49228	PD49228b_lo0669
PD49228	PD49228b_lo0533
PD49228	PD49228b_lo0469
PD49228	PD49228b_lo0545
PD49228	PD49228b_lo0061
PD49228	PD49228b_lo0386
PD49228	PD49228b_lo0408
PD49228	PD49228b_lo0585
PD49228	PD49228b_lo0631
PD49228	PD49228b_lo0427
PD49228	PD49228b_lo0025
PD49228	PD49228b_lo0110
PD49228	PD49228b_lo0030
PD49228	PD49228b_lo0449
PD49228	PD49228b_lo0457
PD49228	PD49228b_lo0047
PD49228	PD49228b_lo0140
PD49228	PD49228b_lo0460
PD49228	PD49228b_lo0414
PD49228	PD49228b_lo0527
PD49228	PD49228b_lo0596
PD49228	PD49228b_lo0045
PD49228	PD49228b_lo0182
PD49228	PD49228b_lo0404
PD49228	PD49228b_lo0435
PD49228	PD49228b_lo0123
PD49228	PD49228b_lo0139
PD49228	PD49228b_lo0446
PD49228	PD49228b_lo0448
PD49228	PD49228b_lo0417
PD49228	PD49228b_lo0513
PD49228	PD49228b_lo0172
PD49228	PD49228b_lo0096
PD49228	PD49228b_lo0418
PD49228	PD49228b_lo0021
PD49228	PD49228b_lo0599
PD49228	PD49228b_lo0052
PD49228	PD49228b_lo0293
PD49228	PD49228b_lo0064
PD49228	PD49228b_lo0383
PD49228	PD49228b_lo0339
PD49228	PD49228b_lo0379
PD49228	PD49228b_lo0033
PD49228	PD49228b_lo0294
PD49228	PD49228b_lo0303
PD49228	PD49228b_lo0298
PD49228	PD49228b_lo0662
PD49228	PD49228b_lo0156
PD49228	PD49228b_lo0325
PD49228	PD49228b_lo0360
PD49228	PD49228b_lo0572
PD49228	PD49228b_lo0407
PD49228	PD49228b_lo0606
PD49228	PD49228b_lo0555
PD49228	PD49228b_lo0004
PD49228	PD49228b_lo0530
PD49228	PD49228b_lo0465
PD49228	PD49228b_lo0470
PD49228	PD49228b_lo0490
PD49228	PD49228b_lo0498
PD49228	PD49228b_lo0014
PD49228	PD49228b_lo0175
PD49228	PD49228b_lo0374
PD49228	PD49228b_lo0387
PD49228	PD49228b_lo0395
PD49228	PD49228b_lo0542
PD49228	PD49228b_lo0658
PD49228	PD49228b_lo0491
PD49228	PD49228b_lo0015
PD49228	PD49228b_lo0023
PD49228	PD49228b_lo0410
PD49228	PD49228b_lo0342
PD49228	PD49228b_lo0291
PD49228	PD49228b_lo0562
PD49228	PD49228b_lo0341
PD49228	PD49228b_lo0018
PD49228	PD49228b_lo0072
PD49228	PD49228b_lo0105
PD49228	PD49228b_lo0508
PD49228	PD49228b_lo0612
PD49228	PD49228b_lo0083
PD49228	PD49228b_lo0112
PD49228	PD49228b_lo0362
PD49228	PD49228b_lo0184
PD49228	PD49228b_lo0564
PD49228	PD49228b_lo0187
PD49228	PD49228b_lo0472
PD49228	PD49228b_lo0161
PD49228	PD49228b_lo0164
PD49228	PD49228b_lo0424
PD49228	PD49228b_lo0635
PD49228	PD49228b_lo0473
PD49228	PD49228b_lo0482
PD49228	PD49228b_lo0474
PD49228	PD49228b_lo0522
PD49228	PD49228b_lo0535
PD49228	PD49228b_lo0080
PD49228	PD49228b_lo0640
PD49228	PD49228b_lo0107
PD49228	PD49228b_lo0005
PD49228	PD49228b_lo0180
PD49228	PD49228b_lo0295
PD49228	PD49228b_lo0666
PD49228	PD49228b_lo0100
PD49228	PD49228b_lo0413
PD49228	PD49228b_lo0464
PD49228	PD49228b_lo0126
PD49228	PD49228b_lo0365
PD49228	PD49228b_lo0024
PD49228	PD49228b_lo0124
PD49228	PD49228b_lo0306
PD49228	PD49228b_lo0296
PD49228	PD49228b_lo0670
PD49228	PD49228b_lo0434
PD49228	PD49228b_lo0364
PD49228	PD49228b_lo0396
PD49228	PD49228b_lo0497
PD49228	PD49228b_lo0302
PD49228	PD49228b_lo0297
PD49228	PD49228b_lo0595
PD49228	PD49228b_lo0496
PD49228	PD49228b_lo0147
PD49228	PD49228b_lo0569
PD49228	Ancestral
PD53374	PD53374b_lo0002
PD53374	PD53374b_lo0245
PD53374	PD53374b_lo0338
PD53374	PD53374b_lo0316
PD53374	PD53374b_lo0324
PD53374	PD53374b_lo0276
PD53374	PD53374b_lo0322
PD53374	PD53374b_lo0330
PD53374	PD53374b_lo0351
PD53374	PD53374b_lo0030
PD53374	PD53374b_lo0182
PD53374	PD53374b_lo0303
PD53374	PD53374b_lo0202
PD53374	PD53374b_lo0256
PD53374	PD53374b_lo0359
PD53374	PD53374b_lo0094
PD53374	PD53374b_lo0038
PD53374	PD53374b_lo0200
PD53374	PD53374b_lo0197
PD53374	PD53374b_lo0291
PD53374	PD53374b_lo0317
PD53374	PD53374b_lo0099
PD53374	PD53374b_lo0051
PD53374	PD53374b_lo0340
PD53374	PD53374b_lo0005
PD53374	PD53374b_lo0253
PD53374	PD53374b_lo0064
PD53374	PD53374b_lo0203
PD53374	PD53374b_lo0328
PD53374	PD53374b_lo0234
PD53374	PD53374b_lo0278
PD53374	PD53374b_lo0008
PD53374	PD53374b_lo0095
PD53374	PD53374b_lo0226
PD53374	PD53374b_lo0109
PD53374	PD53374b_lo0193
PD53374	PD53374b_lo0218
PD53374	PD53374b_lo0077
PD53374	PD53374b_lo0166
PD53374	PD53374b_lo0243
PD53374	PD53374b_lo0174
PD53374	PD53374b_lo0026
PD53374	PD53374b_lo0027
PD53374	PD53374b_lo0155
PD53374	PD53374b_lo0366
PD53374	PD53374b_lo0219
PD53374	PD53374b_lo0354
PD53374	PD53374b_lo0043
PD53374	PD53374b_lo0336
PD53374	PD53374b_lo0369
PD53374	PD53374b_lo0052
PD53374	PD53374b_lo0125
PD53374	PD53374b_lo0318
PD53374	PD53374b_lo0086
PD53374	PD53374b_lo0143
PD53374	PD53374b_lo0075
PD53374	PD53374b_lo0044
PD53374	PD53374b_lo0055
PD53374	PD53374b_lo0326
PD53374	PD53374b_lo0341
PD53374	PD53374b_lo0249
PD53374	PD53374b_lo0068
PD53374	PD53374b_lo0163
PD53374	PD53374b_lo0150
PD53374	PD53374b_lo0319
PD53374	PD53374b_lo0196
PD53374	PD53374b_lo0069
PD53374	PD53374b_lo0100
PD53374	PD53374b_lo0147
PD53374	PD53374b_lo0132
PD53374	PD53374b_lo0103
PD53374	PD53374b_lo0190
PD53374	PD53374b_lo0241
PD53374	PD53374b_lo0345
PD53374	PD53374b_lo0102
PD53374	PD53374b_lo0045
PD53374	PD53374b_lo0152
PD53374	PD53374b_lo0056
PD53374	PD53374b_lo0011
PD53374	PD53374b_lo0013
PD53374	PD53374b_lo0059
PD53374	PD53374b_lo0050
PD53374	PD53374b_lo0037
PD53374	PD53374b_lo0014
PD53374	PD53374b_lo0087
PD53374	PD53374b_lo0073
PD53374	PD53374b_lo0281
PD53374	PD53374b_lo0022
PD53374	PD53374b_lo0251
PD53374	PD53374b_lo0139
PD53374	PD53374b_lo0211
PD53374	PD53374b_lo0169
PD53374	PD53374b_lo0053
PD53374	PD53374b_lo0279
PD53374	PD53374b_lo0070
PD53374	PD53374b_lo0286
PD53374	PD53374b_lo0130
PD53374	PD53374b_lo0205
PD53374	PD53374b_lo0171
PD53374	PD53374b_lo0352
PD53374	PD53374b_lo0229
PD53374	PD53374b_lo0365
PD53374	PD53374b_lo0373
PD53374	PD53374b_lo0092
PD53374	PD53374b_lo0186
PD53374	PD53374b_lo0151
PD53374	PD53374b_lo0332
PD53374	PD53374b_lo0006
PD53374	PD53374b_lo0282
PD53374	PD53374b_lo0325
PD53374	PD53374b_lo0035
PD53374	PD53374b_lo0061
PD53374	PD53374b_lo0180
PD53374	PD53374b_lo0235
PD53374	PD53374b_lo0371
PD53374	PD53374b_lo0071
PD53374	PD53374b_lo0227
PD53374	PD53374b_lo0228
PD53374	PD53374b_lo0133
PD53374	PD53374b_lo0223
PD53374	PD53374b_lo0028
PD53374	PD53374b_lo0093
PD53374	PD53374b_lo0250
PD53374	PD53374b_lo0135
PD53374	PD53374b_lo0201
PD53374	PD53374b_lo0004
PD53374	PD53374b_lo0074
PD53374	PD53374b_lo0079
PD53374	PD53374b_lo0380
PD53374	PD53374b_lo0350
PD53374	PD53374b_lo0191
PD53374	PD53374b_lo0082
PD53374	PD53374b_lo0244
PD53374	PD53374b_lo0113
PD53374	PD53374b_lo0116
PD53374	PD53374b_lo0254
PD53374	PD53374b_lo0105
PD53374	PD53374b_lo0284
PD53374	PD53374b_lo0209
PD53374	PD53374b_lo0233
PD53374	PD53374b_lo0217
PD53374	PD53374b_lo0321
PD53374	PD53374b_lo0117
PD53374	PD53374b_lo0168
PD53374	PD53374b_lo0173
PD53374	PD53374b_lo0267
PD53374	PD53374b_lo0040
PD53374	PD53374b_lo0136
PD53374	PD53374b_lo0058
PD53374	PD53374b_lo0060
PD53374	PD53374b_lo0310
PD53374	PD53374b_lo0309
PD53374	PD53374b_lo0088
PD53374	PD53374b_lo0141
PD53374	PD53374b_lo0335
PD53374	PD53374b_lo0237
PD53374	PD53374b_lo0165
PD53374	PD53374b_lo0172
PD53374	PD53374b_lo0007
PD53374	PD53374b_lo0189
PD53374	PD53374b_lo0194
PD53374	PD53374b_lo0216
PD53374	PD53374b_lo0054
PD53374	PD53374b_lo0019
PD53374	PD53374b_lo0210
PD53374	PD53374b_lo0065
PD53374	PD53374b_lo0358
PD53374	PD53374b_lo0374
PD53374	PD53374b_lo0266
PD53374	PD53374b_lo0305
PD53374	PD53374b_lo0372
PD53374	PD53374b_lo0164
PD53374	PD53374b_lo0258
PD53374	PD53374b_lo0294
PD53374	PD53374b_lo0295
PD53374	PD53374b_lo0018
PD53374	PD53374b_lo0034
PD53374	PD53374b_lo0046
PD53374	PD53374b_lo0204
PD53374	PD53374b_lo0313
PD53374	PD53374b_lo0353
PD53374	PD53374b_lo0357
PD53374	PD53374b_lo0107
PD53374	PD53374b_lo0232
PD53374	PD53374b_lo0261
PD53374	PD53374b_lo0367
PD53374	PD53374b_lo0047
PD53374	PD53374b_lo0156
PD53374	PD53374b_lo0346
PD53374	PD53374b_lo0214
PD53374	PD53374b_lo0337
PD53374	PD53374b_lo0347
PD53374	PD53374b_lo0048
PD53374	PD53374b_lo0379
PD53374	PD53374b_lo0377
PD53374	PD53374b_lo0265
PD53374	PD53374b_lo0273
PD53374	PD53374b_lo0376
PD53374	PD53374b_lo0175
PD53374	PD53374b_lo0188
PD53374	PD53374b_lo0066
PD53374	PD53374b_lo0292
PD53374	PD53374b_lo0067
PD53374	PD53374b_lo0334
PD53374	PD53374b_lo0199
PD53374	PD53374b_lo0242
PD53374	PD53374b_lo0090
PD53374	PD53374b_lo0283
PD53374	PD53374b_lo0333
PD53374	PD53374b_lo0098
PD53374	PD53374b_lo0302
PD53374	PD53374b_lo0134
PD53374	PD53374b_lo0119
PD53374	PD53374b_lo0360
PD53374	PD53374b_lo0220
PD53374	PD53374b_lo0275
PD53374	PD53374b_lo0311
PD53374	PD53374b_lo0084
PD53374	PD53374b_lo0263
PD53374	PD53374b_lo0212
PD53374	PD53374b_lo0327
PD53374	PD53374b_lo0381
PD53374	PD53374b_lo0017
PD53374	PD53374b_lo0142
PD53374	PD53374b_lo0025
PD53374	PD53374b_lo0356
PD53374	PD53374b_lo0039
PD53374	PD53374b_lo0110
PD53374	PD53374b_lo0368
PD53374	PD53374b_lo0255
PD53374	PD53374b_lo0146
PD53374	PD53374b_lo0042
PD53374	PD53374b_lo0260
PD53374	PD53374b_lo0159
PD53374	PD53374b_lo0342
PD53374	PD53374b_lo0308
PD53374	PD53374b_lo0003
PD53374	PD53374b_lo0111
PD53374	PD53374b_lo0300
PD53374	PD53374b_lo0361
PD53374	PD53374b_lo0144
PD53374	PD53374b_lo0323
PD53374	PD53374b_lo0383
PD53374	PD53374b_lo0364
PD53374	PD53374b_lo0252
PD53374	PD53374b_lo0072
PD53374	PD53374b_lo0083
PD53374	PD53374b_lo0320
PD53374	PD53374b_lo0301
PD53374	PD53374b_lo0120
PD53374	PD53374b_lo0257
PD53374	PD53374b_lo0009
PD53374	PD53374b_lo0089
PD53374	PD53374b_lo0062
PD53374	PD53374b_lo0112
PD53374	PD53374b_lo0161
PD53374	PD53374b_lo0078
PD53374	PD53374b_lo0085
PD53374	PD53374b_lo0118
PD53374	PD53374b_lo0304
PD53374	PD53374b_lo0259
PD53374	PD53374b_lo0344
PD53374	PD53374b_lo0370
PD53374	PD53374b_lo0362
PD53374	PD53374b_lo0236
PD53374	PD53374b_lo0299
PD53374	PD53374b_lo0021
PD53374	PD53374b_lo0029
PD53374	PD53374b_lo0124
PD53374	PD53374b_lo0097
PD53374	PD53374b_lo0307
PD53374	PD53374b_lo0315
PD53374	PD53374b_lo0149
PD53374	PD53374b_lo0076
PD53374	PD53374b_lo0208
PD53374	PD53374b_lo0127
PD53374	PD53374b_lo0224
PD53374	PD53374b_lo0023
PD53374	PD53374b_lo0290
PD53374	PD53374b_lo0158
PD53374	PD53374b_lo0101
PD53374	PD53374b_lo0271
PD53374	PD53374b_lo0382
PD53374	PD53374b_lo0306
PD53374	PD53374b_lo0012
PD53374	PD53374b_lo0240
PD53374	PD53374b_lo0195
PD53374	PD53374b_lo0167
PD53374	PD53374b_lo0268
PD53374	PD53374b_lo0312
PD53374	PD53374b_lo0036
PD53374	PD53374b_lo0274
PD53374	PD53374b_lo0183
PD53374	PD53374b_lo0126
PD53374	PD53374b_lo0157
PD53374	PD53374b_lo0153
PD53374	PD53374b_lo0288
PD53374	Ancestral
PD49227	PD49227b_lo0001
PD49227	PD49227b_lo0538
PD49227	PD49227b_lo0618
PD49227	PD49227b_lo0050
PD49227	PD49227b_lo0428
PD49227	PD49227b_lo0507
PD49227	PD49227b_lo0081
PD49227	PD49227b_lo0675
PD49227	PD49227b_lo0083
PD49227	PD49227b_lo0075
PD49227	PD49227b_lo0042
PD49227	PD49227b_lo0170
PD49227	PD49227b_lo0117
PD49227	PD49227b_lo0109
PD49227	PD49227b_lo0138
PD49227	PD49227b_lo0154
PD49227	PD49227b_lo0188
PD49227	PD49227b_lo0146
PD49227	PD49227b_lo0601
PD49227	PD49227b_lo0373
PD49227	PD49227b_lo0401
PD49227	PD49227b_lo0407
PD49227	PD49227b_lo0309
PD49227	PD49227b_lo0091
PD49227	PD49227b_lo0139
PD49227	PD49227b_lo0176
PD49227	PD49227b_lo0048
PD49227	PD49227b_lo0449
PD49227	PD49227b_lo0376
PD49227	PD49227b_lo0054
PD49227	PD49227b_lo0070
PD49227	PD49227b_lo0405
PD49227	PD49227b_lo0524
PD49227	PD49227b_lo0609
PD49227	PD49227b_lo0641
PD49227	PD49227b_lo0100
PD49227	PD49227b_lo0187
PD49227	PD49227b_lo0293
PD49227	PD49227b_lo0106
PD49227	PD49227b_lo0113
PD49227	PD49227b_lo0145
PD49227	PD49227b_lo0511
PD49227	PD49227b_lo0544
PD49227	PD49227b_lo0563
PD49227	PD49227b_lo0614
PD49227	PD49227b_lo0515
PD49227	PD49227b_lo0299
PD49227	PD49227b_lo0523
PD49227	PD49227b_lo0360
PD49227	PD49227b_lo0158
PD49227	PD49227b_lo0166
PD49227	PD49227b_lo0294
PD49227	PD49227b_lo0301
PD49227	PD49227b_lo0562
PD49227	PD49227b_lo0627
PD49227	PD49227b_lo0634
PD49227	PD49227b_lo0304
PD49227	PD49227b_lo0410
PD49227	PD49227b_lo0414
PD49227	PD49227b_lo0620
PD49227	PD49227b_lo0003
PD49227	PD49227b_lo0011
PD49227	PD49227b_lo0035
PD49227	PD49227b_lo0097
PD49227	PD49227b_lo0575
PD49227	PD49227b_lo0004
PD49227	PD49227b_lo0057
PD49227	PD49227b_lo0436
PD49227	PD49227b_lo0559
PD49227	PD49227b_lo0567
PD49227	PD49227b_lo0345
PD49227	PD49227b_lo0364
PD49227	PD49227b_lo0372
PD49227	PD49227b_lo0632
PD49227	PD49227b_lo0385
PD49227	PD49227b_lo0443
PD49227	PD49227b_lo0406
PD49227	PD49227b_lo0311
PD49227	PD49227b_lo0023
PD49227	PD49227b_lo0103
PD49227	PD49227b_lo0452
PD49227	PD49227b_lo0168
PD49227	PD49227b_lo0528
PD49227	PD49227b_lo0536
PD49227	PD49227b_lo0594
PD49227	PD49227b_lo0676
PD49227	PD49227b_lo0497
PD49227	PD49227b_lo0545
PD49227	PD49227b_lo0185
PD49227	PD49227b_lo0303
PD49227	PD49227b_lo0395
PD49227	PD49227b_lo0475
PD49227	PD49227b_lo0305
PD49227	PD49227b_lo0400
PD49227	PD49227b_lo0498
PD49227	PD49227b_lo0617
PD49227	PD49227b_lo0055
PD49227	PD49227b_lo0089
PD49227	PD49227b_lo0066
PD49227	PD49227b_lo0074
PD49227	PD49227b_lo0082
PD49227	PD49227b_lo0403
PD49227	PD49227b_lo0607
PD49227	PD49227b_lo0008
PD49227	PD49227b_lo0336
PD49227	PD49227b_lo0442
PD49227	PD49227b_lo0415
PD49227	PD49227b_lo0625
PD49227	PD49227b_lo0431
PD49227	PD49227b_lo0427
PD49227	PD49227b_lo0660
PD49227	PD49227b_lo0399
PD49227	PD49227b_lo0520
PD49227	PD49227b_lo0597
PD49227	PD49227b_lo0067
PD49227	PD49227b_lo0098
PD49227	PD49227b_lo0167
PD49227	PD49227b_lo0175
PD49227	PD49227b_lo0667
PD49227	PD49227b_lo0028
PD49227	PD49227b_lo0600
PD49227	PD49227b_lo0539
PD49227	PD49227b_lo0543
PD49227	PD49227b_lo0366
PD49227	PD49227b_lo0033
PD49227	PD49227b_lo0320
PD49227	PD49227b_lo0328
PD49227	PD49227b_lo0682
PD49227	PD49227b_lo0615
PD49227	PD49227b_lo0513
PD49227	PD49227b_lo0343
PD49227	PD49227b_lo0350
PD49227	PD49227b_lo0571
PD49227	PD49227b_lo0327
PD49227	PD49227b_lo0346
PD49227	PD49227b_lo0418
PD49227	PD49227b_lo0471
PD49227	PD49227b_lo0510
PD49227	PD49227b_lo0591
PD49227	PD49227b_lo0296
PD49227	PD49227b_lo0565
PD49227	PD49227b_lo0477
PD49227	PD49227b_lo0412
PD49227	PD49227b_lo0579
PD49227	PD49227b_lo0587
PD49227	PD49227b_lo0655
PD49227	PD49227b_lo0521
PD49227	PD49227b_lo0569
PD49227	PD49227b_lo0650
PD49227	PD49227b_lo0005
PD49227	PD49227b_lo0021
PD49227	PD49227b_lo0069
PD49227	PD49227b_lo0581
PD49227	PD49227b_lo0671
PD49227	PD49227b_lo0020
PD49227	PD49227b_lo0668
PD49227	PD49227b_lo0669
PD49227	PD49227b_lo0312
PD49227	PD49227b_lo0564
PD49227	PD49227b_lo0457
PD49227	PD49227b_lo0631
PD49227	PD49227b_lo0344
PD49227	PD49227b_lo0532
PD49227	PD49227b_lo0438
PD49227	PD49227b_lo0586
PD49227	PD49227b_lo0422
PD49227	PD49227b_lo0534
PD49227	PD49227b_lo0038
PD49227	PD49227b_lo0361
PD49227	PD49227b_lo0582
PD49227	PD49227b_lo0647
PD49227	PD49227b_lo0108
PD49227	PD49227b_lo0114
PD49227	PD49227b_lo0178
PD49227	PD49227b_lo0416
PD49227	PD49227b_lo0368
PD49227	PD49227b_lo0535
PD49227	PD49227b_lo0025
PD49227	PD49227b_lo0124
PD49227	PD49227b_lo0148
PD49227	PD49227b_lo0156
PD49227	PD49227b_lo0172
PD49227	PD49227b_lo0411
PD49227	PD49227b_lo0558
PD49227	PD49227b_lo0604
PD49227	PD49227b_lo0043
PD49227	PD49227b_lo0500
PD49227	PD49227b_lo0461
PD49227	PD49227b_lo0391
PD49227	PD49227b_lo0462
PD49227	PD49227b_lo0585
PD49227	PD49227b_lo0573
PD49227	PD49227b_lo0603
PD49227	PD49227b_lo0583
PD49227	PD49227b_lo0378
PD49227	PD49227b_lo0071
PD49227	PD49227b_lo0079
PD49227	PD49227b_lo0319
PD49227	PD49227b_lo0143
PD49227	PD49227b_lo0151
PD49227	PD49227b_lo0104
PD49227	PD49227b_lo0112
PD49227	PD49227b_lo0183
PD49227	PD49227b_lo0120
PD49227	PD49227b_lo0136
PD49227	PD49227b_lo0191
PD49227	PD49227b_lo0525
PD49227	PD49227b_lo0540
PD49227	PD49227b_lo0548
PD49227	PD49227b_lo0289
PD49227	PD49227b_lo0508
PD49227	PD49227b_lo0105
PD49227	PD49227b_lo0355
PD49227	PD49227b_lo0363
PD49227	PD49227b_lo0530
PD49227	PD49227b_lo0135
PD49227	PD49227b_lo0130
PD49227	PD49227b_lo0180
PD49227	PD49227b_lo0578
PD49227	PD49227b_lo0298
PD49227	PD49227b_lo0549
PD49227	PD49227b_lo0499
PD49227	PD49227b_lo0329
PD49227	PD49227b_lo0648
PD49227	PD49227b_lo0495
PD49227	PD49227b_lo0434
PD49227	PD49227b_lo0032
PD49227	PD49227b_lo0337
PD49227	PD49227b_lo0380
PD49227	PD49227b_lo0608
PD49227	PD49227b_lo0397
PD49227	PD49227b_lo0423
PD49227	PD49227b_lo0552
PD49227	PD49227b_lo0556
PD49227	PD49227b_lo0029
PD49227	PD49227b_lo0037
PD49227	PD49227b_lo0045
PD49227	PD49227b_lo0584
PD49227	PD49227b_lo0310
PD49227	PD49227b_lo0496
PD49227	PD49227b_lo0659
PD49227	PD49227b_lo0683
PD49227	PD49227b_lo0537
PD49227	PD49227b_lo0053
PD49227	PD49227b_lo0554
PD49227	PD49227b_lo0419
PD49227	PD49227b_lo0502
PD49227	PD49227b_lo0640
PD49227	PD49227b_lo0090
PD49227	PD49227b_lo0389
PD49227	PD49227b_lo0642
PD49227	PD49227b_lo0290
PD49227	PD49227b_lo0291
PD49227	PD49227b_lo0621
PD49227	PD49227b_lo0646
PD49227	PD49227b_lo0453
PD49227	PD49227b_lo0007
PD49227	PD49227b_lo0012
PD49227	PD49227b_lo0126
PD49227	PD49227b_lo0189
PD49227	PD49227b_lo0681
PD49227	PD49227b_lo0459
PD49227	PD49227b_lo0087
PD49227	PD49227b_lo0421
PD49227	PD49227b_lo0504
PD49227	PD49227b_lo0672
PD49227	PD49227b_lo0073
PD49227	PD49227b_lo0561
PD49227	PD49227b_lo0313
PD49227	PD49227b_lo0398
PD49227	PD49227b_lo0588
PD49227	PD49227b_lo0307
PD49227	PD49227b_lo0383
PD49227	PD49227b_lo0651
PD49227	PD49227b_lo0010
PD49227	PD49227b_lo0570
PD49227	PD49227b_lo0058
PD49227	PD49227b_lo0085
PD49227	PD49227b_lo0115
PD49227	PD49227b_lo0131
PD49227	PD49227b_lo0122
PD49227	PD49227b_lo0551
PD49227	PD49227b_lo0519
PD49227	PD49227b_lo0576
PD49227	PD49227b_lo0445
PD49227	PD49227b_lo0517
PD49227	PD49227b_lo0527
PD49227	PD49227b_lo0076
PD49227	PD49227b_lo0142
PD49227	PD49227b_lo0150
PD49227	PD49227b_lo0181
PD49227	PD49227b_lo0476
PD49227	PD49227b_lo0460
PD49227	PD49227b_lo0480
PD49227	PD49227b_lo0666
PD49227	PD49227b_lo0574
PD49227	PD49227b_lo0437
PD49227	PD49227b_lo0493
PD49227	PD49227b_lo0553
PD49227	PD49227b_lo0009
PD49227	PD49227b_lo0308
PD49227	PD49227b_lo0375
PD49227	PD49227b_lo0526
PD49227	PD49227b_lo0450
PD49227	PD49227b_lo0474
PD49227	PD49227b_lo0533
PD49227	PD49227b_lo0550
PD49227	PD49227b_lo0018
PD49227	PD49227b_lo0184
PD49227	PD49227b_lo0636
PD49227	PD49227b_lo0144
PD49227	PD49227b_lo0381
PD49227	PD49227b_lo0572
PD49227	PD49227b_lo0595
PD49227	PD49227b_lo0386
PD49227	PD49227b_lo0026
PD49227	PD49227b_lo0034
PD49227	PD49227b_lo0654
PD49227	PD49227b_lo0351
PD49227	PD49227b_lo0359
PD49227	PD49227b_lo0402
PD49227	PD49227b_lo0624
PD49227	PD49227b_lo0531
PD49227	PD49227b_lo0616
PD49227	PD49227b_lo0015
PD49227	PD49227b_lo0306
PD49227	PD49227b_lo0314
PD49227	PD49227b_lo0420
PD49227	PD49227b_lo0371
PD49227	PD49227b_lo0435
PD49227	PD49227b_lo0494
PD49227	PD49227b_lo0027
PD49227	PD49227b_lo0092
PD49227	PD49227b_lo0656
PD49227	PD49227b_lo0086
PD49227	PD49227b_lo0094
PD49227	PD49227b_lo0192
PD49227	PD49227b_lo0467
PD49227	PD49227b_lo0580
PD49227	PD49227b_lo0292
PD49227	PD49227b_lo0300
PD49227	PD49227b_lo0024
PD49227	PD49227b_lo0354
PD49227	PD49227b_lo0446
PD49227	PD49227b_lo0036
PD49227	PD49227b_lo0052
PD49227	PD49227b_lo0044
PD49227	PD49227b_lo0302
PD49227	PD49227b_lo0503
PD49227	PD49227b_lo0518
PD49227	PD49227b_lo0149
PD49227	PD49227b_lo0157
PD49227	PD49227b_lo0162
PD49227	PD49227b_lo0165
PD49227	PD49227b_lo0163
PD49227	PD49227b_lo0514
PD49227	PD49227b_lo0370
PD49227	PD49227b_lo0458
PD49227	PD49227b_lo0393
PD49227	PD49227b_lo0470
PD49227	PD49227b_lo0542
PD49227	PD49227b_lo0629
PD49227	PD49227b_lo0006
PD49227	PD49227b_lo0093
PD49227	PD49227b_lo0392
PD49227	PD49227b_lo0384
PD49227	PD49227b_lo0173
PD49227	PD49227b_lo0472
PD49227	PD49227b_lo0408
PD49227	PD49227b_lo0013
PD49227	PD49227b_lo0095
PD49227	PD49227b_lo0555
PD49227	PD49227b_lo0628
PD49227	PD49227b_lo0522
PD49227	PD49227b_lo0390
PD49227	PD49227b_lo0560
PD49227	PD49227b_lo0568
PD49227	PD49227b_lo0396
PD49227	PD49227b_lo0639
PD49227	PD49227b_lo0635
PD49227	PD49227b_lo0031
PD49227	PD49227b_lo0039
PD49227	PD49227b_lo0111
PD49227	PD49227b_lo0190
PD49227	PD49227b_lo0049
PD49227	PD49227b_lo0379
PD49227	PD49227b_lo0159
PD49227	PD49227b_lo0439
PD49227	PD49227b_lo0353
PD49227	PD49227b_lo0377
PD49227	PD49227b_lo0516
PD49227	PD49227b_lo0426
PD49227	PD49227b_lo0505
PD49227	PD49227b_lo0501
PD49227	PD49227b_lo0566
PD49227	PD49227b_lo0509
PD49227	PD49227b_lo0557
PD49227	PD49227b_lo0478
PD49227	PD49227b_lo0577
PD49227	PD49227b_lo0017
PD49227	PD49227b_lo0626
PD49227	PD49227b_lo0072
PD49227	PD49227b_lo0326
PD49227	PD49227b_lo0382
PD49227	PD49227b_lo0161
PD49227	PD49227b_lo0080
PD49227	PD49227b_lo0547
PD49227	PD49227b_lo0367
PD49227	PD49227b_lo0454
PD49227	PD49227b_lo0623
PD49227	PD49227b_lo0362
PD49227	PD49227b_lo0369
PD49227	PD49227b_lo0512
PD49227	PD49227b_lo0506
PD49227	PD49227b_lo0546
PD49227	PD49227b_lo0529
PD49227	PD49227b_lo0463
PD49227	PD49227b_lo0297
PD49227	PD49227b_lo0661
PD49227	PD49227b_lo0321
PD49227	PD49227b_lo0062
PD49227	PD49227b_lo0374
PD49227	PD49227b_lo0429
PD49227	Ancestral
PD49226	PD49226b_lo0001
PD49226	PD49226b_lo0235
PD49226	PD49226b_lo0243
PD49226	PD49226b_lo0259
PD49226	PD49226b_lo0198
PD49226	PD49226b_lo0133
PD49226	PD49226b_lo0182
PD49226	PD49226b_lo0255
PD49226	PD49226b_lo0780
PD49226	PD49226b_lo0804
PD49226	PD49226b_lo0029
PD49226	PD49226b_lo0030
PD49226	PD49226b_lo0781
PD49226	PD49226b_lo0151
PD49226	PD49226b_lo0135
PD49226	PD49226b_lo0185
PD49226	PD49226b_lo0092
PD49226	PD49226b_lo0221
PD49226	PD49226b_lo0725
PD49226	PD49226b_lo0282
PD49226	PD49226b_lo0735
PD49226	PD49226b_lo0751
PD49226	PD49226b_lo0169
PD49226	PD49226b_lo0177
PD49226	PD49226b_lo0277
PD49226	PD49226b_lo0285
PD49226	PD49226b_lo0003
PD49226	PD49226b_lo0090
PD49226	PD49226b_lo0109
PD49226	PD49226b_lo0817
PD49226	PD49226b_lo0132
PD49226	PD49226b_lo0027
PD49226	PD49226b_lo0035
PD49226	PD49226b_lo0237
PD49226	PD49226b_lo0278
PD49226	PD49226b_lo0284
PD49226	PD49226b_lo0759
PD49226	PD49226b_lo0049
PD49226	PD49226b_lo0091
PD49226	PD49226b_lo0212
PD49226	PD49226b_lo0098
PD49226	PD49226b_lo0105
PD49226	PD49226b_lo0194
PD49226	PD49226b_lo0202
PD49226	PD49226b_lo0734
PD49226	PD49226b_lo0264
PD49226	PD49226b_lo0275
PD49226	PD49226b_lo0150
PD49226	PD49226b_lo0172
PD49226	PD49226b_lo0077
PD49226	PD49226b_lo0137
PD49226	PD49226b_lo0154
PD49226	PD49226b_lo0795
PD49226	PD49226b_lo0205
PD49226	PD49226b_lo0044
PD49226	PD49226b_lo0217
PD49226	PD49226b_lo0225
PD49226	PD49226b_lo0207
PD49226	PD49226b_lo0126
PD49226	PD49226b_lo0739
PD49226	PD49226b_lo0002
PD49226	PD49226b_lo0081
PD49226	PD49226b_lo0089
PD49226	PD49226b_lo0276
PD49226	PD49226b_lo0752
PD49226	PD49226b_lo0782
PD49226	PD49226b_lo0118
PD49226	PD49226b_lo0192
PD49226	PD49226b_lo0028
PD49226	PD49226b_lo0072
PD49226	PD49226b_lo0270
PD49226	PD49226b_lo0799
PD49226	PD49226b_lo0805
PD49226	PD49226b_lo0810
PD49226	PD49226b_lo0018
PD49226	PD49226b_lo0232
PD49226	PD49226b_lo0025
PD49226	PD49226b_lo0075
PD49226	PD49226b_lo0083
PD49226	PD49226b_lo0145
PD49226	PD49226b_lo0149
PD49226	PD49226b_lo0794
PD49226	PD49226b_lo0266
PD49226	PD49226b_lo0039
PD49226	PD49226b_lo0269
PD49226	PD49226b_lo0107
PD49226	PD49226b_lo0139
PD49226	PD49226b_lo0174
PD49226	PD49226b_lo0063
PD49226	PD49226b_lo0727
PD49226	PD49226b_lo0184
PD49226	PD49226b_lo0100
PD49226	PD49226b_lo0756
PD49226	PD49226b_lo0241
PD49226	PD49226b_lo0113
PD49226	PD49226b_lo0160
PD49226	PD49226b_lo0176
PD49226	PD49226b_lo0788
PD49226	PD49226b_lo0011
PD49226	PD49226b_lo0087
PD49226	PD49226b_lo0732
PD49226	PD49226b_lo0746
PD49226	PD49226b_lo0779
PD49226	PD49226b_lo0773
PD49226	PD49226b_lo0033
PD49226	PD49226b_lo0062
PD49226	PD49226b_lo0252
PD49226	PD49226b_lo0260
PD49226	PD49226b_lo0067
PD49226	PD49226b_lo0219
PD49226	PD49226b_lo0191
PD49226	PD49226b_lo0224
PD49226	PD49226b_lo0119
PD49226	PD49226b_lo0250
PD49226	PD49226b_lo0728
PD49226	PD49226b_lo0152
PD49226	PD49226b_lo0745
PD49226	PD49226b_lo0007
PD49226	PD49226b_lo0017
PD49226	PD49226b_lo0204
PD49226	PD49226b_lo0272
PD49226	PD49226b_lo0127
PD49226	PD49226b_lo0228
PD49226	PD49226b_lo0226
PD49226	PD49226b_lo0168
PD49226	PD49226b_lo0748
PD49226	PD49226b_lo0070
PD49226	PD49226b_lo0141
PD49226	PD49226b_lo0052
PD49226	PD49226b_lo0085
PD49226	PD49226b_lo0093
PD49226	PD49226b_lo0199
PD49226	PD49226b_lo0286
PD49226	PD49226b_lo0013
PD49226	PD49226b_lo0203
PD49226	PD49226b_lo0080
PD49226	PD49226b_lo0086
PD49226	PD49226b_lo0758
PD49226	PD49226b_lo0131
PD49226	PD49226b_lo0183
PD49226	PD49226b_lo0171
PD49226	PD49226b_lo0187
PD49226	PD49226b_lo0079
PD49226	PD49226b_lo0231
PD49226	PD49226b_lo0777
PD49226	PD49226b_lo0124
PD49226	PD49226b_lo0251
PD49226	PD49226b_lo0038
PD49226	PD49226b_lo0733
PD49226	PD49226b_lo0803
PD49226	PD49226b_lo0004
PD49226	PD49226b_lo0740
PD49226	PD49226b_lo0016
PD49226	PD49226b_lo0046
PD49226	PD49226b_lo0230
PD49226	PD49226b_lo0005
PD49226	PD49226b_lo0023
PD49226	PD49226b_lo0056
PD49226	PD49226b_lo0209
PD49226	PD49226b_lo0242
PD49226	PD49226b_lo0274
PD49226	PD49226b_lo0741
PD49226	PD49226b_lo0749
PD49226	PD49226b_lo0743
PD49226	PD49226b_lo0281
PD49226	PD49226b_lo0032
PD49226	PD49226b_lo0076
PD49226	PD49226b_lo0283
PD49226	PD49226b_lo0175
PD49226	PD49226b_lo0136
PD49226	PD49226b_lo0287
PD49226	PD49226b_lo0724
PD49226	PD49226b_lo0726
PD49226	PD49226b_lo0793
PD49226	PD49226b_lo0218
PD49226	PD49226b_lo0233
PD49226	PD49226b_lo0760
PD49226	PD49226b_lo0082
PD49226	PD49226b_lo0010
PD49226	PD49226b_lo0031
PD49226	PD49226b_lo0240
PD49226	PD49226b_lo0764
PD49226	PD49226b_lo0774
PD49226	PD49226b_lo0766
PD49226	PD49226b_lo0813
PD49226	PD49226b_lo0761
PD49226	PD49226b_lo0006
PD49226	PD49226b_lo0144
PD49226	PD49226b_lo0234
PD49226	PD49226b_lo0022
PD49226	PD49226b_lo0755
PD49226	PD49226b_lo0790
PD49226	PD49226b_lo0763
PD49226	PD49226b_lo0800
PD49226	PD49226b_lo0783
PD49226	PD49226b_lo0053
PD49226	PD49226b_lo0034
PD49226	PD49226b_lo0170
PD49226	PD49226b_lo0059
PD49226	PD49226b_lo0729
PD49226	PD49226b_lo0807
PD49226	PD49226b_lo0816
PD49226	PD49226b_lo0094
PD49226	PD49226b_lo0244
PD49226	PD49226b_lo0095
PD49226	PD49226b_lo0167
PD49226	PD49226b_lo0227
PD49226	PD49226b_lo0197
PD49226	PD49226b_lo0258
PD49226	PD49226b_lo0180
PD49226	PD49226b_lo0257
PD49226	PD49226b_lo0268
PD49226	PD49226b_lo0088
PD49226	PD49226b_lo0106
PD49226	PD49226b_lo0249
PD49226	PD49226b_lo0097
PD49226	PD49226b_lo0754
PD49226	PD49226b_lo0809
PD49226	PD49226b_lo0024
PD49226	PD49226b_lo0122
PD49226	PD49226b_lo0146
PD49226	PD49226b_lo0065
PD49226	PD49226b_lo0073
PD49226	PD49226b_lo0116
PD49226	PD49226b_lo0099
PD49226	PD49226b_lo0040
PD49226	PD49226b_lo0096
PD49226	PD49226b_lo0211
PD49226	PD49226b_lo0806
PD49226	PD49226b_lo0050
PD49226	PD49226b_lo0762
PD49226	PD49226b_lo0768
PD49226	PD49226b_lo0045
PD49226	PD49226b_lo0784
PD49226	PD49226b_lo0796
PD49226	PD49226b_lo0009
PD49226	PD49226b_lo0738
PD49226	PD49226b_lo0789
PD49226	PD49226b_lo0818
PD49226	PD49226b_lo0797
PD49226	PD49226b_lo0757
PD49226	PD49226b_lo0765
PD49226	PD49226b_lo0189
PD49226	PD49226b_lo0014
PD49226	PD49226b_lo0037
PD49226	PD49226b_lo0048
PD49226	PD49226b_lo0054
PD49226	PD49226b_lo0138
PD49226	PD49226b_lo0064
PD49226	PD49226b_lo0248
PD49226	PD49226b_lo0767
PD49226	PD49226b_lo0201
PD49226	PD49226b_lo0051
PD49226	PD49226b_lo0791
PD49226	PD49226b_lo0041
PD49226	PD49226b_lo0042
PD49226	PD49226b_lo0120
PD49226	PD49226b_lo0802
PD49226	PD49226b_lo0815
PD49226	PD49226b_lo0043
PD49226	PD49226b_lo0273
PD49226	PD49226b_lo0165
PD49226	PD49226b_lo0775
PD49226	PD49226b_lo0117
PD49226	PD49226b_lo0200
PD49226	PD49226b_lo0216
PD49226	PD49226b_lo0223
PD49226	PD49226b_lo0121
PD49226	PD49226b_lo0245
PD49226	PD49226b_lo0130
PD49226	PD49226b_lo0206
PD49226	PD49226b_lo0214
PD49226	PD49226b_lo0222
PD49226	PD49226b_lo0196
PD49226	PD49226b_lo0280
PD49226	PD49226b_lo0814
PD49226	PD49226b_lo0778
PD49226	PD49226b_lo0220
PD49226	PD49226b_lo0055
PD49226	PD49226b_lo0148
PD49226	PD49226b_lo0061
PD49226	PD49226b_lo0142
PD49226	PD49226b_lo0008
PD49226	PD49226b_lo0239
PD49226	PD49226b_lo0112
PD49226	PD49226b_lo0181
PD49226	PD49226b_lo0792
PD49226	PD49226b_lo0193
PD49226	PD49226b_lo0261
PD49226	PD49226b_lo0012
PD49226	PD49226b_lo0125
PD49226	PD49226b_lo0801
PD49226	PD49226b_lo0020
PD49226	PD49226b_lo0074
PD49226	PD49226b_lo0108
PD49226	PD49226b_lo0279
PD49226	PD49226b_lo0058
PD49226	PD49226b_lo0066
PD49226	PD49226b_lo0147
PD49226	PD49226b_lo0750
PD49226	PD49226b_lo0208
PD49226	PD49226b_lo0769
PD49226	PD49226b_lo0238
PD49226	PD49226b_lo0246
PD49226	PD49226b_lo0254
PD49226	PD49226b_lo0262
PD49226	PD49226b_lo0161
PD49226	PD49226b_lo0068
PD49226	PD49226b_lo0162
PD49226	PD49226b_lo0737
PD49226	PD49226b_lo0164
PD49226	PD49226b_lo0115
PD49226	PD49226b_lo0158
PD49226	PD49226b_lo0129
PD49226	PD49226b_lo0143
PD49226	PD49226b_lo0019
PD49226	PD49226b_lo0753
PD49226	PD49226b_lo0078
PD49226	PD49226b_lo0267
PD49226	PD49226b_lo0747
PD49226	PD49226b_lo0808
PD49226	PD49226b_lo0771
PD49226	PD49226b_lo0084
PD49226	PD49226b_lo0103
PD49226	PD49226b_lo0123
PD49226	PD49226b_lo0229
PD49226	PD49226b_lo0736
PD49226	PD49226b_lo0744
PD49226	PD49226b_lo0247
PD49226	PD49226b_lo0047
PD49226	PD49226b_lo0253
PD49226	PD49226b_lo0110
PD49226	PD49226b_lo0271
PD49226	PD49226b_lo0195
PD49226	PD49226b_lo0265
PD49226	PD49226b_lo0730
PD49226	PD49226b_lo0798
PD49226	PD49226b_lo0256
PD49226	PD49226b_lo0114
PD49226	PD49226b_lo0776
PD49226	PD49226b_lo0069
PD49226	PD49226b_lo0134
PD49226	PD49226b_lo0215
PD49226	PD49226b_lo0263
PD49226	Ancestral
PD40315	PD40315aa
PD40315	PD40315ay
PD40315	PD40315fv
PD40315	PD40315ii
PD40315	PD40315bk
PD40315	PD40315gm
PD40315	PD40315bm
PD40315	PD40315bc
PD40315	PD40315dt
PD40315	PD40315hv
PD40315	PD40315as
PD40315	PD40315gn
PD40315	PD40315bs
PD40315	PD40315cw
PD40315	PD40315cu
PD40315	PD40315dm
PD40315	PD40315ge
PD40315	PD40315ch
PD40315	PD40315dq
PD40315	PD40315em
PD40315	PD40315dp
PD40315	PD40315z
PD40315	PD40315gz
PD40315	PD40315bd
PD40315	PD40315gg
PD40315	PD40315hk
PD40315	PD40315bg
PD40315	PD40315db
PD40315	PD40315bp
PD40315	PD40315el
PD40315	PD40315et
PD40315	PD40315fy
PD40315	PD40315cc
PD40315	PD40315bf
PD40315	PD40315fm
PD40315	PD40315hf
PD40315	PD40315gr
PD40315	PD40315ia
PD40315	PD40315af
PD40315	PD40315ah
PD40315	PD40315hl
PD40315	PD40315ar
PD40315	PD40315dl
PD40315	PD40315gs
PD40315	PD40315bw
PD40315	PD40315hh
PD40315	PD40315ic
PD40315	PD40315ig
PD40315	PD40315dx
PD40315	PD40315cb
PD40315	PD40315gx
PD40315	PD40315id
PD40315	PD40315ci
PD40315	PD40315an
PD40315	PD40315fq
PD40315	PD40315gl
PD40315	PD40315cn
PD40315	PD40315fl
PD40315	PD40315cd
PD40315	PD40315cf
PD40315	PD40315av
PD40315	PD40315bv
PD40315	PD40315hg
PD40315	PD40315hm
PD40315	PD40315hr
PD40315	PD40315er
PD40315	PD40315ed
PD40315	PD40315am
PD40315	PD40315cm
PD40315	PD40315dc
PD40315	PD40315gu
PD40315	PD40315ef
PD40315	PD40315hs
PD40315	PD40315bh
PD40315	PD40315bq
PD40315	PD40315cr
PD40315	PD40315dj
PD40315	PD40315ck
PD40315	PD40315ik
PD40315	PD40315gc
PD40315	PD40315bn
PD40315	PD40315ez
PD40315	PD40315hw
PD40315	PD40315ey
PD40315	PD40315aw
PD40315	PD40315gj
PD40315	PD40315bl
PD40315	PD40315co
PD40315	PD40315il
PD40315	PD40315at
PD40315	PD40315ba
PD40315	PD40315eu
PD40315	PD40315fc
PD40315	PD40315ai
PD40315	PD40315bx
PD40315	PD40315fo
PD40315	PD40315bu
PD40315	PD40315hc
PD40315	PD40315ew
PD40315	PD40315dg
PD40315	PD40315fn
PD40315	PD40315gv
PD40315	PD40315dy
PD40315	PD40315dz
PD40315	PD40315cp
PD40315	PD40315gt
PD40315	PD40315ae
PD40315	PD40315ap
PD40315	PD40315bb
PD40315	PD40315au
PD40315	PD40315bj
PD40315	PD40315eb
PD40315	PD40315ht
PD40315	PD40315cz
PD40315	PD40315ec
PD40315	PD40315fr
PD40315	PD40315ie
PD40315	PD40315ij
PD40315	PD40315dw
PD40315	PD40315fx
PD40315	PD40315cv
PD40315	PD40315ac
PD40315	PD40315cs
PD40315	PD40315de
PD40315	PD40315gq
PD40315	PD40315gf
PD40315	PD40315az
PD40315	PD40315ce
PD40315	PD40315aq
PD40315	PD40315hn
PD40315	PD40315eh
PD40315	PD40315cl
PD40315	PD40315al
PD40315	PD40315ao
PD40315	PD40315be
PD40315	PD40315hq
PD40315	PD40315fj
PD40315	PD40315ag
PD40315	PD40315bi
PD40315	PD40315dn
PD40315	PD40315es
PD40315	PD40315in
PD40315	PD40315ad
PD40315	PD40315cg
PD40315	PD40315hd
PD40315	PD40315gd
PD40315	PD40315cj
PD40315	PD40315ee
PD40315	PD40315fp
PD40315	PD40315gk
PD40315	PD40315fh
PD40315	PD40315ct
PD40315	PD40315dk
PD40315	PD40315do
PD40315	PD40315ep
PD40315	PD40315da
PD40315	PD40315hx
PD40315	PD40315bt
PD40315	PD40315fg
PD40315	PD40315bz
PD40315	PD40315ek
PD40315	PD40315fk
PD40315	PD40315fb
PD40315	PD40315he
PD40315	PD40315if
PD40315	PD40315gb
PD40315	PD40315dh
PD40315	PD40315gp
PD40315	PD40315br
PD40315	PD40315ev
PD40315	PD40315ak
PD40315	PD40315bo
PD40315	PD40315by
PD40315	PD40315gy
PD40315	PD40315du
PD40315	PD40315fi
PD40315	PD40315fe
PD40315	PD40315fd
PD40315	PD40315fw
PD40315	PD40315hj
PD40315	PD40315hp
PD40315	PD40315ih
PD40315	PD40315dd
PD40315	PD40315ca
PD40315	PD40315hy
PD40315	PD40315fa
PD40315	PD40315eg
PD40315	PD40315ib
PD40315	PD40315aj
PD40315	PD40315ax
PD40315	PD40315ha
PD40315	PD40315ab
PD40315	PD40315hi
PD40315	PD40315y
PD40315	PD40315ff
PD45517	PD45517ad
PD45517	PD45517b_lo0335
PD45517	PD45517b_lo0254
PD45517	PD45517fh
PD45517	PD45517b_lo0049
PD45517	PD45517b_lo0055
PD45517	PD45517az
PD45517	PD45517b_lo0214
PD45517	PD45517b_lo0098
PD45517	PD45517b_lo0327
PD45517	PD45517b_lo0093
PD45517	PD45517ac
PD45517	PD45517b_lo0108
PD45517	PD45517b_lo0106
PD45517	PD45517b_lo0233
PD45517	PD45517b_lo0345
PD45517	PD45517b_lo0219
PD45517	PD45517j
PD45517	PD45517dz
PD45517	PD45517dr
PD45517	PD45517b_lo0010
PD45517	PD45517b_lo0099
PD45517	PD45517b_lo0240
PD45517	PD45517b_lo0244
PD45517	PD45517fz
PD45517	PD45517b_lo0190
PD45517	PD45517b_lo0095
PD45517	PD45517b_lo0088
PD45517	PD45517b_lo0145
PD45517	PD45517al
PD45517	PD45517b_lo0184
PD45517	PD45517b_lo0182
PD45517	PD45517b_lo0036
PD45517	PD45517b_lo0208
PD45517	PD45517b_lo0057
PD45517	PD45517fi
PD45517	PD45517fx
PD45517	PD45517b_lo0329
PD45517	PD45517b_lo0257
PD45517	PD45517b_lo0267
PD45517	PD45517b_lo0105
PD45517	PD45517b_lo0169
PD45517	PD45517b_lo0312
PD45517	PD45517b_lo0295
PD45517	PD45517b_lo0004
PD45517	PD45517el
PD45517	PD45517b_lo0274
PD45517	PD45517b_lo0196
PD45517	PD45517b_lo0355
PD45517	PD45517b_lo0330
PD45517	PD45517b_lo0081
PD45517	PD45517l
PD45517	PD45517bb
PD45517	PD45517ak
PD45517	PD45517b_lo0323
PD45517	PD45517b_lo0056
PD45517	PD45517b_lo0243
PD45517	PD45517fn
PD45517	PD45517b_lo0236
PD45517	PD45517b_lo0288
PD45517	PD45517b_lo0171
PD45517	PD45517r
PD45517	PD45517b_lo0224
PD45517	PD45517b_lo0227
PD45517	PD45517b_lo0173
PD45517	PD45517b_lo0251
PD45517	PD45517bh
PD45517	PD45517b_lo0322
PD45517	PD45517ff
PD45517	PD45517fw
PD45517	PD45517b_lo0003
PD45517	PD45517b_lo0339
PD45517	PD45517cl
PD45517	PD45517b_lo0150
PD45517	PD45517fv
PD45517	PD45517cy
PD45517	PD45517ah
PD45517	PD45517b_lo0019
PD45517	PD45517b_lo0225
PD45517	PD45517bv
PD45517	PD45517dd
PD45517	PD45517b_lo0347
PD45517	PD45517b_lo0193
PD45517	PD45517aa
PD45517	PD45517b_lo0037
PD45517	PD45517b_lo0212
PD45517	PD45517b_lo0346
PD45517	PD45517b_lo0073
PD45517	PD45517by
PD45517	PD45517b_lo0336
PD45517	PD45517e
PD45517	PD45517gh
PD45517	PD45517b_lo0344
PD45517	PD45517b_lo0237
PD45517	PD45517b_lo0256
PD45517	PD45517b_lo0231
PD45517	PD45517b_lo0241
PD45517	PD45517b_lo0210
PD45517	PD45517bz
PD45517	PD45517b_lo0308
PD45517	PD45517b_lo0137
PD45517	PD45517cv
PD45517	PD45517b_lo0348
PD45517	PD45517b_lo0222
PD45517	PD45517b_lo0085
PD45517	PD45517b_lo0128
PD45517	PD45517b_lo0204
PD45517	PD45517b_lo0147
PD45517	PD45517b_lo0213
PD45517	PD45517b_lo0048
PD45517	PD45517bq
PD45517	PD45517b_lo0034
PD45517	PD45517b_lo0082
PD45517	PD45517b_lo0215
PD45517	PD45517b_lo0317
PD45517	PD45517b_lo0104
PD45517	PD45517n
PD45517	PD45517b_lo0052
PD45517	PD45517b_lo0172
PD45517	PD45517b_lo0305
PD45517	PD45517b_lo0252
PD45517	PD45517b_lo0276
PD45517	PD45517b_lo0291
PD45517	PD45517ec
PD45517	PD45517b_lo0087
PD45517	PD45517b_lo0096
PD45517	PD45517eb
PD45517	PD45517b_lo0287
PD45517	PD45517cn
PD45517	PD45517b_lo0024
PD45517	PD45517b_lo0132
PD45517	PD45517b_lo0142
PD45517	PD45517cf
PD45517	PD45517aj
PD45517	PD45517cu
PD45517	PD45517bn
PD45517	PD45517ds
PD45517	PD45517eh
PD45517	PD45517b_lo0051
PD45517	PD45517b_lo0185
PD45517	PD45517ar
PD45517	PD45517b_lo0076
PD45517	PD45517b_lo0271
PD45517	PD45517b_lo0177
PD45517	PD45517b_lo0353
PD45517	PD45517b_lo0084
PD45517	PD45517er
PD45517	PD45517b_lo0146
PD45517	PD45517t
PD45517	PD45517b_lo0280
PD45517	PD45517a
PD45517	PD45517b_lo0111
PD45517	PD45517fg
PD45517	PD45517cm
PD45517	PD45517b_lo0234
PD45517	PD45517fa
PD45517	PD45517b_lo0179
PD45517	PD45517ch
PD45517	PD45517dg
PD45517	PD45517bx
PD45517	PD45517b_lo0083
PD45517	PD45517dc
PD45517	PD45517b_lo0131
PD45517	PD45517b_lo0195
PD45517	PD45517b_lo0176
PD45517	PD45517es
PD45517	PD45517ba
PD45517	PD45517ej
PD45517	PD45517b_lo0032
PD45517	PD45517b_lo0201
PD45517	PD45517ct
PD45517	PD45517bj
PD45517	PD45517dv
PD45517	PD45517b_lo0110
PD45517	PD45517cx
PD45517	PD45517b_lo0018
PD45517	PD45517b_lo0202
PD45517	PD45517b_lo0012
PD45517	PD45517b_lo0126
PD45517	PD45517b_lo0133
PD45517	PD45517b_lo0228
PD45517	PD45517b_lo0025
PD45517	PD45517b_lo0067
PD45517	PD45517db
PD45517	PD45517eq
PD45517	PD45517b_lo0060
PD45517	PD45517b_lo0075
PD45517	PD45517gg
PD45517	PD45517b_lo0080
PD45517	PD45517b_lo0135
PD45517	PD45517b_lo0011
PD45517	PD45517b_lo0101
PD45517	PD45517b_lo0097
PD45517	PD45517u
PD45517	PD45517b_lo0194
PD45517	PD45517bg
PD45517	PD45517b_lo0211
PD45517	PD45517b_lo0066
PD45517	PD45517gf
PD45517	PD45517z
PD45517	PD45517b_lo0221
PD45517	PD45517b_lo0102
PD45517	PD45517b_lo0089
PD45517	PD45517b_lo0127
PD45517	PD45517as
PD45517	PD45517b_lo0283
PD45517	PD45517b_lo0337
PD45517	PD45517b_lo0035
PD45517	PD45517ap
PD45517	PD45517b_lo0328
PD45517	PD45517cw
PD45517	PD45517b_lo0064
PD45517	PD45517b_lo0284
PD45517	PD45517b_lo0290
PD45517	PD45517b_lo0090
PD45517	PD45517ep
PD45517	PD45517b_lo0061
PD45517	PD45517b_lo0186
PD45517	PD45517b_lo0199
PD45517	PD45517df
PD45517	PD45517b_lo0205
PD45517	PD45517b_lo0258
PD45517	PD45517b_lo0250
PD45517	PD45517b_lo0245
PD45517	PD45517b_lo0002
PD45517	PD45517b_lo0174
PD45517	PD45517b_lo0200
PD45517	PD45517b_lo0009
PD45517	PD45517dm
PD45517	PD45517b_lo0059
PD45517	PD45517b_lo0259
PD45517	PD45517b_lo0306
PD45517	PD45517ge
PD45517	PD45517cp
PD45517	PD45517b_lo0197
PD45517	PD45517b_lo0180
PD45517	PD45517at
PD45517	PD45517gd
PD45517	PD45517b_lo0242
PD45517	PD45517b_lo0077
PD45517	PD45517b_lo0091
PD45517	PD45517b_lo0352
PD45517	PD45517br
PD45517	PD45517b_lo0027
PD45517	PD45517ei
PD45517	PD45517b_lo0063
PD45517	PD45517b_lo0304
PD45517	PD45517b_lo0020
PD45517	PD45517bf
PD45517	PD45517b_lo0191
PD45517	PD45517k
PD45517	PD45517b_lo0021
PD45517	PD45517b_lo0198
PD45517	PD45517b_lo0220
PD45517	PD45517b_lo0332
PD45517	PD45517b_lo0351
PD45517	PD45517b_lo0068
PD45517	PD45517b_lo0248
PD45517	PD45517b_lo0272
PD45517	PD45517b_lo0092
PD45517	PD45517b_lo0033
PD45517	PD45517b_lo0206
PD45517	PD45517ey
PD45517	PD45517dt
PD45517	PD45517ex
PD45517	PD45517b_lo0065
PD45517	PD45517b_lo0178
PD45517	PD45517b_lo0296
PD45517	PD45517bw
PD45517	PD45517ce
PD45517	PD45517b_lo0207
PD45517	PD45517bi
PD45517	PD45517do
PD45517	PD45517b_lo0188
PD45517	PD45517fq
PD45517	PD45517b_lo0238
PD45517	PD45517b_lo0253
PD45517	PD45517b_lo0041
PD45517	PD45517b_lo0299
PD45517	PD45517b_lo0140
PD45517	PD45517b_lo0249
PD45517	PD45517b_lo0072
PD45517	PD45517b_lo0166
PD45517	PD45517d
PD45517	PD45517bo
PD45517	PD45517b_lo0005
PD45517	PD45517ay
PD45517	PD45517b_lo0223
PD45517	PD45517b_lo0079
PD45517	PD45517b_lo0109
PD45517	PD45517b_lo0107
PD45517	PD45517b_lo0203
PD45517	PD45517b_lo0301
PD45517	PD45517b_lo0338
PD45517	PD45517b_lo0300
PD45517	PD45517b_lo0016
PD45517	PD45517b_lo0040
PD45517	PD45517b_lo0261
PD45517	PD45517b_lo0017
PD45517	PD45517b_lo0311
PD45517	PD45517de
PD45517	PD45517b_lo0029
PD45517	PD45517b_lo0167
PD45517	PD45517dk
PD45517	PD45517du
PD45517	PD45517b_lo0050
PD45517	PD45517b_lo0216
PD45517	PD45517b_lo0321
PD45517	PD45517b_lo0043
PD45517	PD45517b_lo0187
PD45517	PD45517b_lo0209
PD45517	PD45517b_lo0262
PD45517	PD45517b_lo0289
PD45517	PD45517ez
PD45517	PD45517ed
PD45517	PD45517b_lo0226
PD45517	PD45517b_lo0266
PD45517	PD45517b_lo0235
PD45517	PD45517b_lo0316
PD45517	PD45517ek
PD45517	PD45517b_lo0192
PD45517	PD45517b_lo0141
PD45517	PD45517b_lo0268
PD45517	PD45517b_lo0279
PD45517	PD45517b_lo0103
PD45517	PD45517b_lo0313
PD45517	PD45517ax
PD45517	PD45517dj
PD45517	PD45517fr
PD45517	PD45517b_lo0100
PD45517	PD45517b_lo0315
PD45517	PD45517cg
PD45517	PD45517cd
PD45517	PD45517b_lo0246
PD45517	PD45517b_lo0281
PD45517	PD45517b_lo0058
PD45517	PD45517b_lo0297
PD45517	PD45517b_lo0013
PD45517	PD45517b_lo0069
PD45517	PD45517b_lo0071
PD45517	PD45517b_lo0292
PD45517	PD45517et
PD45517	PD45517fy
PD45517	PD45517fp
PD45517	PD45517b_lo0232
PD45517	PD45517m
PD45517	PD45517b_lo0273
PD45517	PD45517fj
PD45517	PD45517bp
PD45517	PD45517b_lo0309
PD45517	PD45517b_lo0340
PD45517	PD45517b_lo0042
PD45517	PD45517b_lo0074
PD45517	PD45517fb
PD45517	PD45517b_lo0282
PD45517	PD45517b_lo0354
PD45517	PD45517dl
PD45517	PD45517b_lo0255
PD45517	PD45517b_lo0053
PD45517	PD45517b_lo0026
PD45517	PD45517b_lo0298
PD45517	PD45517b_lo0277
PD45517	PD45517aq
PD45517	PD45517b_lo0170
PD45517	PD45517dn
PD45517	PD45517fo
PD45517	PD45517b_lo0239
PD45517	PD45517b_lo0293
PD45517	PD45517b_lo0168
PD45517	PD45517f
PD45517	PD45517b_lo0183
PD45517	PD45517b_lo0230
PD45517	PD45517b_lo0319
PD45517	PD45517b_lo0001
PD45517	PD45517s
PD45517	PD45517b_lo0028
PD45517	PD45517b_lo0045
PD45517	PD45517b_lo0044
PD45517	PD45517v
PD40521	PD40521aa
PD40521	PD40521bp
PD40521	PD40521gl
PD40521	PD40521gq
PD40521	PD40521eu
PD40521	PD40521hv
PD40521	PD40521mg
PD40521	PD40521gi
PD40521	PD40521dy
PD40521	PD40521ff
PD40521	PD40521gt
PD40521	PD40521lr
PD40521	PD40521ef
PD40521	PD40521nq
PD40521	PD40521z
PD40521	PD40521ae
PD40521	PD40521iw
PD40521	PD40521ax
PD40521	PD40521dz
PD40521	PD40521ei
PD40521	PD40521fg
PD40521	PD40521ft
PD40521	PD40521ey
PD40521	PD40521ih
PD40521	PD40521ep
PD40521	PD40521bn
PD40521	PD40521fv
PD40521	PD40521bj
PD40521	PD40521cl
PD40521	PD40521jy
PD40521	PD40521mw
PD40521	PD40521hh
PD40521	PD40521q
PD40521	PD40521xj
PD40521	PD40521kq
PD40521	PD40521ck
PD40521	PD40521ho
PD40521	PD40521gh
PD40521	PD40521hq
PD40521	PD40521kt
PD40521	PD40521ms
PD40521	PD40521lx
PD40521	PD40521kl
PD40521	PD40521cz
PD40521	PD40521by
PD40521	PD40521gs
PD40521	PD40521hc
PD40521	PD40521hp
PD40521	PD40521lc
PD40521	PD40521dv
PD40521	PD40521gx
PD40521	PD40521du
PD40521	PD40521cp
PD40521	PD40521hz
PD40521	PD40521ln
PD40521	PD40521mb
PD40521	PD40521jm
PD40521	PD40521xc
PD40521	PD40521na
PD40521	PD40521mq
PD40521	PD40521az
PD40521	PD40521de
PD40521	PD40521fc
PD40521	PD40521hm
PD40521	PD40521lo
PD40521	PD40521iu
PD40521	PD40521bs
PD40521	PD40521kf
PD40521	PD40521la
PD40521	PD40521hg
PD40521	PD40521hr
PD40521	PD40521ec
PD40521	PD40521ja
PD40521	PD40521nz
PD40521	PD40521ce
PD40521	PD40521jd
PD40521	PD40521nd
PD40521	PD40521bf
PD40521	PD40521jr
PD40521	PD40521gm
PD40521	PD40521ma
PD40521	PD40521s
PD40521	PD40521mt
PD40521	PD40521fe
PD40521	PD40521gp
PD40521	PD40521mu
PD40521	PD40521ea
PD40521	PD40521it
PD40521	PD40521nb
PD40521	PD40521mv
PD40521	PD40521lu
PD40521	PD40521jo
PD40521	PD40521cr
PD40521	PD40521nx
PD40521	PD40521mj
PD40521	PD40521xf
PD40521	PD40521nr
PD40521	PD40521ag
PD40521	PD40521fn
PD40521	PD40521ke
PD40521	PD40521hk
PD40521	PD40521lv
PD40521	PD40521wu
PD40521	PD40521iy
PD40521	PD40521ls
PD40521	PD40521ee
PD40521	PD40521jl
PD40521	PD40521xm
PD40521	PD40521bd
PD40521	PD40521nn
PD40521	PD40521bv
PD40521	PD40521ao
PD40521	PD40521co
PD40521	PD40521mz
PD40521	PD40521cn
PD40521	PD40521od
PD40521	PD40521di
PD40521	PD40521cq
PD40521	PD40521jc
PD40521	PD40521bx
PD40521	PD40521fi
PD40521	PD40521dr
PD40521	PD40521jz
PD40521	PD40521jh
PD40521	PD40521dp
PD40521	PD40521ca
PD40521	PD40521bw
PD40521	PD40521el
PD40521	PD40521lw
PD40521	PD40521ns
PD40521	PD40521ik
PD40521	PD40521ko
PD40521	PD40521et
PD40521	PD40521db
PD40521	PD40521fs
PD40521	PD40521lm
PD40521	PD40521kz
PD40521	PD40521li
PD40521	PD40521jf
PD40521	PD40521br
PD40521	PD40521he
PD40521	PD40521cc
PD40521	PD40521jg
PD40521	PD40521fm
PD40521	PD40521ij
PD40521	PD40521ay
PD40521	PD40521jv
PD40521	PD40521lb
PD40521	PD40521fq
PD40521	PD40521ga
PD40521	PD40521in
PD40521	PD40521jb
PD40521	PD40521oe
PD40521	PD40521xq
PD40521	PD40521hi
PD40521	PD40521ia
PD40521	PD40521km
PD40521	PD40521bt
PD40521	PD40521cg
PD40521	PD40521cb
PD40521	PD40521aq
PD40521	PD40521dh
PD40521	PD40521ka
PD40521	PD40521lk
PD40521	PD40521kb
PD40521	PD40521xl
PD40521	PD40521hl
PD40521	PD40521hw
PD40521	PD40521mr
PD40521	PD40521cv
PD40521	PD40521df
PD40521	PD40521gb
PD40521	PD40521p
PD40521	PD40521em
PD40521	PD40521fj
PD40521	PD40521je
PD40521	PD40521mp
PD40521	PD40521xn
PD40521	PD40521hj
PD40521	PD40521au
PD40521	PD40521t
PD40521	PD40521wt
PD40521	PD40521ev
PD40521	PD40521gg
PD40521	PD40521ju
PD40521	PD40521ah
PD40521	PD40521nt
PD40521	PD40521dk
PD40521	PD40521ab
PD40521	PD40521bo
PD40521	PD40521xo
PD40521	PD40521kx
PD40521	PD40521bz
PD40521	PD40521dd
PD40521	PD40521mk
PD40521	PD40521nu
PD40521	PD40521xa
PD40521	PD40521ba
PD40521	PD40521ed
PD40521	PD40521cd
PD40521	PD40521u
PD40521	PD40521fa
PD40521	PD40521bl
PD40521	PD40521ji
PD40521	PD40521xd
PD40521	PD40521jj
PD40521	PD40521lg
PD40521	PD40521ki
PD40521	PD40521ld
PD40521	PD40521og
PD40521	PD40521hx
PD40521	PD40521lj
PD40521	PD40521w
PD40521	PD40521wz
PD40521	PD40521gr
PD40521	PD40521ad
PD40521	PD40521jx
PD40521	PD40521fr
PD40521	PD40521xg
PD40521	PD40521bm
PD40521	PD40521fb
PD40521	PD40521kk
PD40521	PD40521hu
PD40521	PD40521gn
PD40521	PD40521dq
PD40521	PD40521le
PD40521	PD40521fz
PD40521	PD40521be
PD40521	PD40521ac
PD40521	PD40521ks
PD40521	PD40521ew
PD40521	PD40521nk
PD40521	PD40521ne
PD40521	PD40521fd
PD40521	PD40521ix
PD40521	PD40521fh
PD40521	PD40521gd
PD40521	PD40521id
PD40521	PD40521kp
PD40521	PD40521kh
PD40521	PD40521fk
PD40521	PD40521lz
PD40521	PD40521ii
PD40521	PD40521jn
PD40521	PD40521dt
PD40521	PD40521cx
PD40521	PD40521nh
PD40521	PD40521mn
PD40521	PD40521gw
PD40521	PD40521im
PD40521	PD40521r
PD40521	PD40521ku
PD40521	PD40521nc
PD40521	PD40521oc
PD40521	PD40521ny
PD40521	PD40521gu
PD40521	PD40521gy
PD40521	PD40521kn
PD40521	PD40521ll
PD40521	PD40521wx
PD40521	PD40521ky
PD40521	PD40521n
PD40521	PD40521of
PD40521	PD40521bb
PD40521	PD40521bc
PD40521	PD40521hd
PD40521	PD40521xk
PD40521	PD40521cw
PD40521	PD40521ha
PD40521	PD40521ly
PD40521	PD40521ng
PD40521	PD40521nv
PD40521	PD40521xi
PD40521	PD40521ch
PD40521	PD40521hf
PD40521	PD40521jk
PD40521	PD40521ie
PD40521	PD40521ml
PD40521	PD40521al
PD40521	PD40521ex
PD40521	PD40521o
PD40521	PD40521hy
PD40521	PD40521dl
PD40521	PD40521af
PD40521	PD40521eb
PD40521	PD40521is
PD40521	PD40521kc
PD40521	PD40521ak
PD40521	PD40521no
PD40521	PD40521xe
PD40521	PD40521cm
PD40521	PD40521at
PD40521	PD40521bh
PD40521	PD40521ek
PD40521	PD40521mh
PD40521	PD40521av
PD40521	PD40521eo
PD40521	PD40521lq
PD40521	PD40521iq
PD40521	PD40521nj
PD40521	PD40521ob
PD40521	PD40521kg
PD40521	PD40521kv
PD40521	PD40521mc
PD40521	PD40521ni
PD40521	PD40521gk
PD40521	PD40521cj
PD40521	PD40521ez
PD40521	PD40521np
PD40521	PD40521er
PD40521	PD40521io
PD40521	PD40521dm
PD40521	PD40521mx
PD40521	PD40521wy
PD40521	PD40521nl
PD40521	PD40521bq
PD40521	PD40521y
PD40521	PD40521xr
PD40521	PD40521gv
PD40521	PD40521xb
PD40521	PD40521ct
PD40521	PD40521ge
PD40521	PD40521gz
PD40521	PD40521nf
PD40521	PD40521fw
PD40521	PD40521js
PD40521	PD40521ci
PD40521	PD40521xh
PD40521	PD40521cf
PD40521	PD40521hs
PD40521	PD40521en
PD40521	PD40521kd
PD40521	PD40521md
PD40521	PD40521mo
PD40521	PD40521my
PD40521	PD40521x
PD40521	PD40521fu
PD40521	PD40521ap
PD40521	PD40521hn
PD40521	PD40521kw
PD40521	PD40521aj
PD40521	PD40521il
PD40521	PD40521iz
PD40521	PD40521gj
PD40521	PD40521bk
PD40521	PD40521ht
PD40521	PD40521me
PD40521	PD40521jp
PD40521	PD40521mf
PD40521	PD40521kr
PD40521	PD40521ej
PD40521	PD40521cs
PD40521	PD40521ai
PD40521	PD40521dc
PD40521	PD40521bu
PD40521	PD40521xp
PD40521	PD40521if
PD40521	PD40521as
PD40521	PD40521bi
PD40521	PD40521ic
PD40521	PD40521ar
PD40521	PD40521lf
PD40521	PD40521mm
PD40521	PD40521iv
PD40521	PD40521nw
PD40521	PD40521wv
PD40521	PD40521fl
PD40521	PD40521an
PD40521	PD40521lh
PD40521	PD40521cu
PD40521	PD40521gf
PD40521	PD40521am
PD40521	PD40521aw
PD40521	PD40521go
PD40521	PD40521jt
PD40521	PD40521ww
PD40521	PD40521eh
PD40521	PD40521dj
PD40521	PD40521oa
PD40521	PD40521mi
PD40521	PD40521da
PD40521	PD40521dg
PD40521	PD40521eq
PD40521	PD40521eg
PD40521	PD40521dx
PD40521	PD40521hb
PD40521	PD40521ds
PD40521	PD40521es
PD40521	PD40521ib
PD40521	PD40521bg
PD40521	PD40521cy
PD40521	PD40521v
PD40521	PD40521do
PD40521	PD40521lt
PD40521	PD40521ig
PD40521	PD40521nm
PD40521	PD40521gc
PD40521	PD40521ip
PD40521	PD40521fo
PD40521	PD40521fy
PD40521	PD40521fx
PD40521	PD40521kj
PD40521	PD40521dn
PD40521	PD40521ir
PD40521	PD40521lp
PD40521	PD40521dw
PD40521	PD40521fp
PD40667	PD40667ag
PD40667	PD40667br
PD40667	PD40667kh
PD40667	PD40667no
PD40667	PD40667lk
PD40667	PD40667ne
PD40667	PD40667km
PD40667	PD40667mx
PD40667	PD40667on
PD40667	PD40667ad
PD40667	PD40667s
PD40667	PD40667nd
PD40667	PD40667qc
PD40667	PD40667ju
PD40667	PD40667kr
PD40667	PD40667ku
PD40667	PD40667aw
PD40667	PD40667pw
PD40667	PD40667ix
PD40667	PD40667kp
PD40667	PD40667le
PD40667	PD40667ob
PD40667	PD40667hv
PD40667	PD40667bm
PD40667	PD40667qm
PD40667	PD40667rh
PD40667	PD40667is
PD40667	PD40667kj
PD40667	PD40667ls
PD40667	PD40667md
PD40667	PD40667kn
PD40667	PD40667r
PD40667	PD40667pu
PD40667	PD40667ip
PD40667	PD40667my
PD40667	PD40667iv
PD40667	PD40667ot
PD40667	PD40667ac
PD40667	PD40667nb
PD40667	PD40667in
PD40667	PD40667ij
PD40667	PD40667lt
PD40667	PD40667mn
PD40667	PD40667qa
PD40667	PD40667ci
PD40667	PD40667cj
PD40667	PD40667ri
PD40667	PD40667mt
PD40667	PD40667nm
PD40667	PD40667ir
PD40667	PD40667ny
PD40667	PD40667o
PD40667	PD40667hg
PD40667	PD40667hw
PD40667	PD40667bz
PD40667	PD40667q
PD40667	PD40667lx
PD40667	PD40667mf
PD40667	PD40667pn
PD40667	PD40667qv
PD40667	PD40667il
PD40667	PD40667op
PD40667	PD40667qb
PD40667	PD40667ho
PD40667	PD40667bp
PD40667	PD40667mh
PD40667	PD40667mo
PD40667	PD40667bl
PD40667	PD40667jz
PD40667	PD40667aj
PD40667	PD40667ax
PD40667	PD40667hs
PD40667	PD40667oh
PD40667	PD40667az
PD40667	PD40667jf
PD40667	PD40667bh
PD40667	PD40667if
PD40667	PD40667ms
PD40667	PD40667l
PD40667	PD40667ce
PD40667	PD40667pl
PD40667	PD40667as
PD40667	PD40667jv
PD40667	PD40667cp
PD40667	PD40667cu
PD40667	PD40667m
PD40667	PD40667lb
PD40667	PD40667ih
PD40667	PD40667ha
PD40667	PD40667u
PD40667	PD40667cm
PD40667	PD40667ky
PD40667	PD40667bf
PD40667	PD40667jq
PD40667	PD40667ng
PD40667	PD40667nj
PD40667	PD40667hr
PD40667	PD40667kk
PD40667	PD40667om
PD40667	PD40667lw
PD40667	PD40667gw
PD40667	PD40667gx
PD40667	PD40667cl
PD40667	PD40667ib
PD40667	PD40667hk
PD40667	PD40667h
PD40667	PD40667pq
PD40667	PD40667ro
PD40667	PD40667rj
PD40667	PD40667hi
PD40667	PD40667hb
PD40667	PD40667t
PD40667	PD40667nr
PD40667	PD40667jb
PD40667	PD40667qj
PD40667	PD40667io
PD40667	PD40667pr
PD40667	PD40667lv
PD40667	PD40667nn
PD40667	PD40667jo
PD40667	PD40667lu
PD40667	PD40667af
PD40667	PD40667cf
PD40667	PD40667oz
PD40667	PD40667co
PD40667	PD40667bt
PD40667	PD40667jp
PD40667	PD40667pk
PD40667	PD40667jl
PD40667	PD40667ar
PD40667	PD40667mg
PD40667	PD40667hf
PD40667	PD40667gs
PD40667	PD40667jk
PD40667	PD40667oc
PD40667	PD40667pz
PD40667	PD40667ra
PD40667	PD40667ak
PD40667	PD40667kg
PD40667	PD40667os
PD40667	PD40667cv
PD40667	PD40667rd
PD40667	PD40667rg
PD40667	PD40667jy
PD40667	PD40667pg
PD40667	PD40667jm
PD40667	PD40667iu
PD40667	PD40667kv
PD40667	PD40667av
PD40667	PD40667og
PD40667	PD40667k
PD40667	PD40667hz
PD40667	PD40667ll
PD40667	PD40667ay
PD40667	PD40667iy
PD40667	PD40667ly
PD40667	PD40667nz
PD40667	PD40667mi
PD40667	PD40667qy
PD40667	PD40667bo
PD40667	PD40667jx
PD40667	PD40667bj
PD40667	PD40667hu
PD40667	PD40667bn
PD40667	PD40667kw
PD40667	PD40667bu
PD40667	PD40667j
PD40667	PD40667qt
PD40667	PD40667me
PD40667	PD40667jd
PD40667	PD40667ps
PD40667	PD40667z
PD40667	PD40667b
PD40667	PD40667ld
PD40667	PD40667cg
PD40667	PD40667mv
PD40667	PD40667pd
PD40667	PD40667im
PD40667	PD40667ja
PD40667	PD40667gp
PD40667	PD40667hh
PD40667	PD40667qu
PD40667	PD40667qx
PD40667	PD40667lq
PD40667	PD40667rl
PD40667	PD40667hq
PD40667	PD40667pc
PD40667	PD40667ma
PD40667	PD40667cs
PD40667	PD40667ln
PD40667	PD40667c
PD40667	PD40667ah
PD40667	PD40667nv
PD40667	PD40667pb
PD40667	PD40667ka
PD40667	PD40667oy
PD40667	PD40667rf
PD40667	PD40667nw
PD40667	PD40667qs
PD40667	PD40667mm
PD40667	PD40667pv
PD40667	PD40667qg
PD40667	PD40667qq
PD40667	PD40667qz
PD40667	PD40667bx
PD40667	PD40667hd
PD40667	PD40667kq
PD40667	PD40667mk
PD40667	PD40667n
PD40667	PD40667mb
PD40667	PD40667js
PD40667	PD40667ai
PD40667	PD40667mq
PD40667	PD40667qn
PD40667	PD40667bs
PD40667	PD40667rc
PD40667	PD40667na
PD40667	PD40667qh
PD40667	PD40667kb
PD40667	PD40667lj
PD40667	PD40667nl
PD40667	PD40667hy
PD40667	PD40667nu
PD40667	PD40667gv
PD40667	PD40667iz
PD40667	PD40667qf
PD40667	PD40667jg
PD40667	PD40667ck
PD40667	PD40667lp
PD40667	PD40667or
PD40667	PD40667np
PD40667	PD40667ql
PD40667	PD40667gq
PD40667	PD40667px
PD40667	PD40667qp
PD40667	PD40667rm
PD40667	PD40667ic
PD40667	PD40667ov
PD40667	PD40667mp
PD40667	PD40667rb
PD40667	PD40667ie
PD40667	PD40667w
PD40667	PD40667ae
PD40667	PD40667bw
PD40667	PD40667cn
PD40667	PD40667jt
PD40667	PD40667kz
PD40667	PD40667bb
PD40667	PD40667hc
PD40667	PD40667bk
PD40667	PD40667pa
PD40667	PD40667hx
PD40667	PD40667f
PD40667	PD40667lh
PD40667	PD40667e
PD40667	PD40667iw
PD40667	PD40667au
PD40667	PD40667bi
PD40667	PD40667la
PD40667	PD40667gy
PD40667	PD40667ig
PD40667	PD40667lo
PD40667	PD40667nc
PD40667	PD40667bv
PD40667	PD40667ml
PD40667	PD40667kc
PD40667	PD40667bc
PD40667	PD40667bq
PD40667	PD40667cq
PD40667	PD40667lc
PD40667	PD40667v
PD40667	PD40667oa
PD40667	PD40667mu
PD40667	PD40667oo
PD40667	PD40667jw
PD40667	PD40667qe
PD40667	PD40667re
PD40667	PD40667ia
PD40667	PD40667bd
PD40667	PD40667qi
PD40667	PD40667p
PD40667	PD40667of
PD40667	PD40667hp
PD40667	PD40667al
PD40667	PD40667he
PD40667	PD40667pi
PD40667	PD40667be
PD40667	PD40667qw
PD40667	PD40667ki
PD40667	PD40667i
PD40667	PD40667g
PD40667	PD40667pp
PD40667	PD40667ko
PD40667	PD40667ni
PD40667	PD40667pj
PD40667	PD40667x
PD40667	PD40667iq
PD40667	PD40667jh
PD40667	PD40667ap
PD40667	PD40667li
PD40667	PD40667nt
PD40667	PD40667cb
PD40667	PD40667an
PD40667	PD40667ks
PD40667	PD40667mc
PD40667	PD40667mr
PD40667	PD40667lr
PD40667	PD40667nf
PD40667	PD40667id
PD40667	PD40667rp
PD40667	PD40667kd
PD40667	PD40667ab
PD40667	PD40667jc
PD40667	PD40667kx
PD40667	PD40667hj
PD40667	PD40667jj
PD40667	PD40667mj
PD40667	PD40667qd
PD40667	PD40667lz
PD40667	PD40667mw
PD40667	PD40667oj
PD40667	PD40667d
PD40667	PD40667nk
PD40667	PD40667od
PD40667	PD40667cd
PD40667	PD40667ao
PD40667	PD40667at
PD40667	PD40667hm
PD40667	PD40667nq
PD40667	PD40667lg
PD40667	PD40667bg
PD40667	PD40667kl
PD40667	PD40667rn
PD40667	PD40667gt
PD40667	PD40667je
PD40667	PD40667lf
PD40667	PD40667oi
PD40667	PD40667rk
PD40667	PD40667cr
PD40667	PD40667ii
PD40667	PD40667oq
PD40667	PD40667ph
PD40667	PD40667it
PD40667	PD40667qo
PD40667	PD40667am
PD40667	PD40667ct
PD40667	PD40667lm
PD40667	PD40667jn
PD40667	PD40667jr
PD40667	PD40667ok
PD40667	PD40667nh
PD40667	PD40667ns
PD40667	PD40667oe
PD40667	PD40667gu
PD40667	PD40667pe
PD40667	PD40667pf
PD40667	PD40667kt
PD40667	PD40667ik
PD40667	PD40667hn
PD40667	PD40667go
PD40667	PD40667ow
PD40667	PD40667qk
PD40667	PD40667ol
PD40667	PD40667ox
PD40667	PD40667ji
PD40667	PD40667cc
PD40667	PD40667ke
PD40667	PD40667aq
PD40667	PD40667y
PD40667	PD40667hl
PD40667	PD40667pm
PD40667	PD40667mz
PD40667	PD40667po
PD40667	PD40667pt
PD40667	PD40667gz
PD40667	PD40667gr
PD40667	PD40667ou
PD40667	PD40667ht
PD40667	PD40667py
PD40667	PD40667qr
PD43974	PD43974af2
PD43974	PD43974mf
PD43974	PD43974jq
PD43974	PD43974gr2
PD43974	PD43974ag2
PD43974	PD43974y2
PD43974	PD43974iu
PD43974	PD43974jz
PD43974	PD43974ns
PD43974	PD43974nk
PD43974	PD43974op
PD43974	PD43974pv
PD43974	PD43974lc
PD43974	PD43974fe
PD43974	PD43974fa
PD43974	PD43974cg
PD43974	PD43974jv
PD43974	PD43974b3
PD43974	PD43974fz
PD43974	PD43974ai
PD43974	PD43974av
PD43974	PD43974iv
PD43974	PD43974jk
PD43974	PD43974ei
PD43974	PD43974i
PD43974	PD43974ev
PD43974	PD43974ga
PD43974	PD43974et
PD43974	PD43974oo
PD43974	PD43974pl
PD43974	PD43974kq
PD43974	PD43974fi
PD43974	PD43974ov
PD43974	PD43974hc
PD43974	PD43974gg
PD43974	PD43974kv
PD43974	PD43974bw3
PD43974	PD43974kh
PD43974	PD43974gs
PD43974	PD43974ah2
PD43974	PD43974ik
PD43974	PD43974as2
PD43974	PD43974fr
PD43974	PD43974ay
PD43974	PD43974mj
PD43974	PD43974iw
PD43974	PD43974lf
PD43974	PD43974jc
PD43974	PD43974jr
PD43974	PD43974eg2
PD43974	PD43974ie
PD43974	PD43974es2
PD43974	PD43974t
PD43974	PD43974co2
PD43974	PD43974pm
PD43974	PD43974ph
PD43974	PD43974gv
PD43974	PD43974ez
PD43974	PD43974ng
PD43974	PD43974bv
PD43974	PD43974ct2
PD43974	PD43974ou
PD43974	PD43974fj
PD43974	PD43974ap2
PD43974	PD43974cf2
PD43974	PD43974kc
PD43974	PD43974kt
PD43974	PD43974hd
PD43974	PD43974mm
PD43974	PD43974kx
PD43974	PD43974ce
PD43974	PD43974eu2
PD43974	PD43974la
PD43974	PD43974en
PD43974	PD43974az
PD43974	PD43974eo
PD43974	PD43974gc2
PD43974	PD43974fb
PD43974	PD43974ii
PD43974	PD43974k
PD43974	PD43974jh
PD43974	PD43974f2
PD43974	PD43974bd
PD43974	PD43974ho
PD43974	PD43974ck2
PD43974	PD43974bf
PD43974	PD43974lh
PD43974	PD43974bp2
PD43974	PD43974ot
PD43974	PD43974cp
PD43974	PD43974e
PD43974	PD43974bt
PD43974	PD43974ey
PD43974	PD43974ih
PD43974	PD43974gh
PD43974	PD43974kb
PD43974	PD43974gf
PD43974	PD43974em2
PD43974	PD43974ke
PD43974	PD43974l
PD43974	PD43974ox
PD43974	PD43974bn
PD43974	PD43974id
PD43974	PD43974kf
PD43974	PD43974pt
PD43974	PD43974hl
PD43974	PD43974ep
PD43974	PD43974bm2
PD43974	PD43974ps
PD43974	PD43974jm
PD43974	PD43974ks
PD43974	PD43974pu
PD43974	PD43974ll
PD43974	PD43974lt
PD43974	PD43974pf
PD43974	PD43974ed
PD43974	PD43974aj2
PD43974	PD43974ij
PD43974	PD43974aq
PD43974	PD43974bu
PD43974	PD43974gl
PD43974	PD43974or
PD43974	PD43974eh
PD43974	PD43974os
PD43974	PD43974if
PD43974	PD43974gi
PD43974	PD43974hu
PD43974	PD43974jl
PD43974	PD43974au
PD43974	PD43974er
PD43974	PD43974je
PD43974	PD43974pp
PD43974	PD43974jw
PD43974	PD43974om
PD43974	PD43974ls
PD43974	PD43974hf
PD43974	PD43974u2
PD43974	PD43974hp
PD43974	PD43974gq
PD43974	PD43974io
PD43974	PD43974n2
PD43974	PD43974fs2
PD43974	PD43974mq
PD43974	PD43974ml
PD43974	PD43974bg2
PD43974	PD43974ft2
PD43974	PD43974hq
PD43974	PD43974pn
PD43974	PD43974ht
PD43974	PD43974it
PD43974	PD43974hi
PD43974	PD43974jb
PD43974	PD43974py
PD43974	PD43974pi
PD43974	PD43974hv
PD43974	PD43974lr
PD43974	PD43974hz
PD43974	PD43974nj
PD43974	PD43974nq
PD43974	PD43974ej
PD43974	PD43974ak
PD43974	PD43974mk
PD43974	PD43974pk
PD43974	PD43974js
PD43974	PD43974be2
PD43974	PD43974z
PD43974	PD43974bo
PD43974	PD43974hb2
PD43974	PD43974nl
PD43974	PD43974fc
PD43974	PD43974am2
PD43974	PD43974fp
PD43974	PD43974hj
PD43974	PD43974fw
PD43974	PD43974o2
PD43974	PD43974hw
PD43974	PD43974ow
PD43974	PD43974ff
PD43974	PD43974gp
PD43974	PD43974pq
PD43974	PD43974s2
PD43974	PD43974oy
PD43974	PD43974ge
PD43974	PD43974bq
PD43974	PD43974in
PD43974	PD43974cl2
PD43974	PD43974gd
PD43974	PD43974jg
PD43974	PD43974m
PD43974	PD43974kz
PD43974	PD43974fm
PD43974	PD43974hn
PD43974	PD43974al2
PD43974	PD43974fd
PD43974	PD43974q2
PD43974	PD43974lu
PD43974	PD43974ku
PD43974	PD43974ax2
PD43974	PD43974c
PD43974	PD43974w
PD43974	PD43974ia
PD43974	PD43974an2
PD43974	PD43974jo
PD43974	PD43974ch2
PD43974	PD43974cd2
PD43974	PD43974ha2
PD43974	PD43974jf
PD43974	PD43974ip
PD43974	PD43974fv
PD43974	PD43974bb
PD43974	PD43974cr2
PD43974	PD43974bl
PD43974	PD43974ar2
PD43974	PD43974ld
PD43974	PD43974fy2
PD43974	PD43974is
PD43974	PD43974lm
PD43974	PD43974cj
PD43974	PD43974gj
PD43974	PD43974lv
PD43974	PD43974bk2
PD43974	PD43974gb
PD43974	PD43974j
PD43974	PD43974cc2
PD43974	PD43974pj
PD43974	PD43974ji
PD43974	PD43974by2
PD43974	PD43974ju
PD43974	PD43974po
PD43974	PD43974fg
PD43974	PD43974gx2
PD43974	PD43974jp
PD43974	PD43974lk
PD43974	PD43974hx
PD43974	PD43974hr
PD43974	PD43974aw2
PD43974	PD43974pg
PD43974	PD43974km
PD43974	PD43974go
PD43974	PD43974ae
PD43974	PD43974pe
PD43974	PD43974cs
PD43974	PD43974ci
PD43974	PD43974cq2
PD43974	PD43974il
PD43974	PD43974jy
PD43974	PD43974h
PD43974	PD43974eq
PD43974	PD43974bi
PD43974	PD43974lj
PD43974	PD43974pb
PD43974	PD43974fk
PD43974	PD43974gz2
PD43974	PD43974kg
PD43974	PD43974cn
PD43974	PD43974lb
PD43974	PD43974gt
PD43974	PD43974px
PD43974	PD43974lz
PD43974	PD43974hh
PD43974	PD43974gw
PD43974	PD43974kj
PD43974	PD43974no
PD43974	PD43974v
PD43974	PD43974mn
PD43974	PD43974cb2
PD43974	PD43974ao2
PD43974	PD43974im
PD43974	PD43974ir
PD43974	PD43974kd
PD43974	PD43974fn
PD43974	PD43974kn
PD43974	PD43974iz
PD43974	PD43974qa
PD43974	PD43974ac2
PD43974	PD43974mp
PD43974	PD43974pw
PD43974	PD43974ib
PD43974	PD43974lw
PD43974	PD43974fx
PD43974	PD43974md
PD43974	PD43974pd
PD43974	PD43974iq
PD43974	PD43974jt
PD43974	PD43974fu
PD43974	PD43974mz
PD43974	PD43974ab2
PD43974	PD43974ef
PD43974	PD43974fq2
PD43974	PD43974mu
PD43974	PD43974gy
PD43974	PD43974bc
PD43974	PD43974p
PD43974	PD43974bj
PD43974	PD43974iy
PD43974	PD43974jn
PD43974	PD43974bs
PD43974	PD43974bz
PD43974	PD43974cm3
PD43974	PD43974jd
PD43974	PD43974hy
PD43974	PD43974ix
PD43974	PD43974fh
PD43974	PD43974bx2
PD43974	PD43974he
PD43974	PD43974gu
PD43974	PD43974jj
PD43974	PD43974hm
PD43974	PD43974el
PD43974	PD43974lg
PD43974	PD43974on
PD43974	PD43974hs
PD43974	PD43974ew
PD43974	PD43974fo
PD43974	PD43974r2
PD43974	PD43974at
PD43974	PD43974ko
PD43974	PD43974ok
PD43974	PD43974ig
PD43974	PD43974hg2
PD43974	PD43974ja
PD43974	PD43974ad
PD43974	PD43974ee
PD43974	PD43974br
PD43974	PD43974g2
PD43974	PD43974ex
PD43974	PD43974mv
PD43974	PD43974ic
PD45534	PD45534aab
PD45534	PD45534zd
PD45534	PD45534abd
PD45534	PD45534yp
PD45534	PD45534aob
PD45534	PD45534air
PD45534	PD45534aqi
PD45534	PD45534yu
PD45534	PD45534es
PD45534	PD45534aho
PD45534	PD45534anl
PD45534	PD45534rz
PD45534	PD45534aew
PD45534	PD45534anm
PD45534	PD45534aeu
PD45534	PD45534ahl
PD45534	PD45534qk2
PD45534	PD45534vj
PD45534	PD45534ad
PD45534	PD45534amg
PD45534	PD45534wl
PD45534	PD45534zc
PD45534	PD45534aca
PD45534	PD45534ank
PD45534	PD45534abj
PD45534	PD45534ahs
PD45534	PD45534v
PD45534	PD45534wx
PD45534	PD45534xg
PD45534	PD45534wq
PD45534	PD45534g
PD45534	PD45534xp
PD45534	PD45534acq
PD45534	PD45534ajp
PD45534	PD45534aad
PD45534	PD45534aox
PD45534	PD45534aql
PD45534	PD45534apt
PD45534	PD45534afc
PD45534	PD45534j
PD45534	PD45534zl
PD45534	PD45534aqu
PD45534	PD45534la
PD45534	PD45534wg
PD45534	PD45534agq
PD45534	PD45534ye
PD45534	PD45534akn
PD45534	PD45534pu2
PD45534	PD45534amz
PD45534	PD45534aki
PD45534	PD45534hn2
PD45534	PD45534rr
PD45534	PD45534qf2
PD45534	PD45534ou
PD45534	PD45534acx
PD45534	PD45534agz
PD45534	PD45534xf
PD45534	PD45534adb
PD45534	PD45534abv
PD45534	PD45534dk
PD45534	PD45534jh2
PD45534	PD45534wv
PD45534	PD45534ph2
PD45534	PD45534aqd
PD45534	PD45534adp
PD45534	PD45534zn
PD45534	PD45534ij2
PD45534	PD45534xi
PD45534	PD45534od
PD45534	PD45534nw2
PD45534	PD45534xk
PD45534	PD45534oy2
PD45534	PD45534wp
PD45534	PD45534wr
PD45534	PD45534ale
PD45534	PD45534any
PD45534	PD45534xn
PD45534	PD45534jj2
PD45534	PD45534aqm
PD45534	PD45534qp2
PD45534	PD45534tv
PD45534	PD45534aqy
PD45534	PD45534kl2
PD45534	PD45534aiv
PD45534	PD45534ia
PD45534	PD45534ny2
PD45534	PD45534ajr
PD45534	PD45534aoe
PD45534	PD45534eg
PD45534	PD45534hj2
PD45534	PD45534zz
PD45534	PD45534ack
PD45534	PD45534ali
PD45534	PD45534dy
PD45534	PD45534dr
PD45534	PD45534ql
PD45534	PD45534abu
PD45534	PD45534aff
PD45534	PD45534vw
PD45534	PD45534adx
PD45534	PD45534wa
PD45534	PD45534gp2
PD45534	PD45534ags
PD45534	PD45534ob2
PD45534	PD45534au
PD45534	PD45534ako
PD45534	PD45534aei
PD45534	PD45534cv
PD45534	PD45534dm
PD45534	PD45534amc
PD45534	PD45534yz
PD45534	PD45534xh
PD45534	PD45534wu
PD45534	PD45534aej
PD45534	PD45534aoj
PD45534	PD45534ww
PD45534	PD45534my2
PD45534	PD45534aoa
PD45534	PD45534hc2
PD45534	PD45534dz
PD45534	PD45534ado
PD45534	PD45534apz
PD45534	PD45534qm2
PD45534	PD45534sm
PD45534	PD45534uq2
PD45534	PD45534or
PD45534	PD45534oj2
PD45534	PD45534acl
PD45534	PD45534anf
PD45534	PD45534ams
PD45534	PD45534aey
PD45534	PD45534pp2
PD45534	PD45534ajw
PD45534	PD45534akl
PD45534	PD45534ma2
PD45534	PD45534zm
PD45534	PD45534acy
PD45534	PD45534afg
PD45534	PD45534ahi
PD45534	PD45534am
PD45534	PD45534ajs
PD45534	PD45534abw
PD45534	PD45534qw2
PD45534	PD45534e
PD45534	PD45534aiu
PD45534	PD45534pr2
PD45534	PD45534aib
PD45534	PD45534nx2
PD45534	PD45534ajq
PD45534	PD45534nv2
PD45534	PD45534mo
PD45534	PD45534add
PD45534	PD45534tt
PD45534	PD45534aom
PD45534	PD45534aqh
PD45534	PD45534apq
PD45534	PD45534ald
PD45534	PD45534amd
PD45534	PD45534qd2
PD45534	PD45534abn
PD45534	PD45534nu2
PD45534	PD45534qb2
PD45534	PD45534ts
PD45534	PD45534aon
PD45534	PD45534aq
PD45534	PD45534cy
PD45534	PD45534on
PD45534	PD45534x
PD45534	PD45534wo
PD45534	PD45534hg2
PD45534	PD45534hk2
PD45534	PD45534hy2
PD45534	PD45534se
PD45534	PD45534gl2
PD45534	PD45534f
PD45534	PD45534ih2
PD45534	PD45534no2
PD45534	PD45534jp2
PD45534	PD45534xa
PD45534	PD45534za
PD45534	PD45534xc
PD45534	PD45534ajm
PD45534	PD45534hr2
PD45534	PD45534pn2
PD45534	PD45534hz2
PD45534	PD45534zw
PD45534	PD45534kt2
PD45534	PD45534gw2
PD45534	PD45534ajz
PD45534	PD45534aan
PD45534	PD45534ann
PD45534	PD45534amu
PD45534	PD45534kk2
PD45534	PD45534ya
PD45534	PD45534yb
PD45534	PD45534aio
PD45534	PD45534zx
PD45534	PD45534pi2
PD45534	PD45534hs2
PD45534	PD45534ant
PD45534	PD45534afp
PD45534	PD45534ang
PD45534	PD45534ama
PD45534	PD45534hp
PD45534	PD45534hi2
PD45534	PD45534va
PD45534	PD45534adg
PD45534	PD45534adv
PD45534	PD45534agf
PD45534	PD45534ha2
PD45534	PD45534aea
PD45534	PD45534aqk
PD45534	PD45534anj
PD45534	PD45534ahd
PD45534	PD45534qs2
PD45534	PD45534aif
PD45534	PD45534ain
PD45534	PD45534aqp
PD45534	PD45534abq
PD45534	PD45534abg
PD45534	PD45534aeq
PD45534	PD45534nz2
PD45534	PD45534aic
PD45534	PD45534aoi
PD45534	PD45534yy
PD45534	PD45534adh
PD45534	PD45534apu
PD45534	PD45534aqx
PD45534	PD45534bb
PD45534	PD45534aim
PD45534	PD45534dp
PD45534	PD45534ei
PD45534	PD45534ahg
PD45534	PD45534li2
PD45534	PD45534el
PD45534	PD45534adf
PD45534	PD45534is2
PD45534	PD45534ahw
PD45534	PD45534eo
PD45534	PD45534xw
PD45534	PD45534aku
PD45534	PD45534aiq
PD45534	PD45534br
PD45534	PD45534afk
PD45534	PD45534acf
PD45534	PD45534abs
PD45534	PD45534adj
PD45534	PD45534rp2
PD45534	PD45534ajo
PD45534	PD45534alw
PD45534	PD45534aby
PD45534	PD45534cz
PD45534	PD45534aqn
PD45534	PD45534afb
PD45534	PD45534and
PD45534	PD45534k
PD45534	PD45534aeh
PD45534	PD45534akm
PD45534	PD45534tk
PD45534	PD45534abi
PD45534	PD45534ane
PD45534	PD45534ads
PD45534	PD45534ec
PD45534	PD45534apc
PD45534	PD45534acv
PD45534	PD45534ago
PD45534	PD45534qc2
PD45534	PD45534yc
PD45534	PD45534mg2
PD45534	PD45534act
PD45534	PD45534amj
PD45534	PD45534re2
PD45534	PD45534uo
PD45534	PD45534hx2
PD45534	PD45534apr
PD45534	PD45534gu2
PD45534	PD45534l
PD45534	PD45534yd
PD45534	PD45534aqc
PD45534	PD45534agm
PD45534	PD45534wy
PD45534	PD45534xo
PD45534	PD45534cw
PD45534	PD45534afs
PD45534	PD45534q
PD45534	PD45534dx
PD45534	PD45534td
PD45534	PD45534je2
PD45534	PD45534aht
PD45534	PD45534acu
PD45534	PD45534te
PD45534	PD45534agt
PD45534	PD45534ep
PD45534	PD45534anh
PD45534	PD45534aia
PD45534	PD45534ajv
PD45534	PD45534ov2
PD45534	PD45534akt
PD45534	PD45534io2
PD45534	PD45534zq
PD45534	PD45534dl
PD45534	PD45534apm
PD45534	PD45534aec
PD45534	PD45534apj
PD45534	PD45534js2
PD45534	PD45534pq2
PD45534	PD45534ahm
PD45534	PD45534agc
PD45534	PD45534km2
PD45534	PD45534aeo
PD45534	PD45534aig
PD45534	PD45534agp
PD45534	PD45534apf
PD45534	PD45534ng2
PD45534	PD45534im2
PD45534	PD45534apw
PD45534	PD45534cu
PD45534	PD45534adq
PD45534	PD45534apv
PD45534	PD45534aen
PD45534	PD45534qy2
PD45534	PD45534aid
PD45534	PD45534bu
PD45534	PD45534ait
PD45534	PD45534api
PD45534	PD45534anq
PD45534	PD45534aak
PD45534	PD45534aha
PD45534	PD45534jn2
PD45534	PD45534afn
PD45534	PD45534zs
PD45534	PD45534jv2
PD45534	PD45534mx2
PD45534	PD45534ap
PD45534	PD45534pj2
PD45534	PD45534amn
PD45534	PD45534px
PD45534	PD45534adc
PD45534	PD45534aji
PD45534	PD45534iu2
PD45534	PD45534akq
PD45534	PD45534amq
PD45534	PD45534anc
PD45534	PD45534anr
PD45534	PD45534vg
PD45534	PD45534ag
PD45534	PD45534ra2
PD45534	PD45534ahe
PD45534	PD45534aiy
PD45534	PD45534aes
PD45534	PD45534ake
PD45534	PD45534wh
PD45534	PD45534as
PD45534	PD45534afr
PD45534	PD45534jy2
PD45534	PD45534ajt
PD45534	PD45534iq2
PD45534	PD45534eh
PD45534	PD45534sl
PD45534	PD45534dq
PD45534	PD45534xm
PD45534	PD45534ahc
PD45534	PD45534aag
PD45534	PD45534agn
PD45534	PD45534ami
PD45534	PD45534yg
PD45534	PD45534acr
PD45534	PD45534bk
PD45534	PD45534amx
PD45534	PD45534gv2
PD45534	PD45534rb2
PD45534	PD45534akr
PD45534	PD45534aap
PD45534	PD45534vs
PD45534	PD45534ana
PD45534	PD45534akp
PD45534	PD45534bl
PD45534	PD45534aaj
PD45534	PD45534wn
PD45534	PD45534er
PD45534	PD45534z
PD45534	PD45534vv
PD45534	PD45534abe
PD45534	PD45534aed
PD45534	PD45534mk
PD45534	PD45534wk
PD45534	PD45534anb
PD45534	PD45534ajb
PD45534	PD45534ais
PD45534	PD45534aem
PD45534	PD45534jt2
PD45534	PD45534gr2
PD45534	PD45534ix2
PD45534	PD45534amm
PD45534	PD45534kb2
PD45534	PD45534aje
PD45534	PD45534hd2
PD45534	PD45534tu
PD45534	PD45534m
PD45534	PD45534it2
PD45534	PD45534akc
PD45534	PD45534bv
PD45534	PD45534oi2
PD45534	PD45534lz2
PD45534	PD45534xs
PD45534	PD45534akj
PD45534	PD45534lk2
PD45534	PD45534sn2
PD45534	PD45534abt
PD45534	PD45534gn2
PD45534	PD45534wz
PD45534	PD45534oa2
PD45534	PD45534vt
PD45534	PD45534xr
PD45534	PD45534hm2
PD45534	PD45534ach
PD45534	PD45534aay
PD45534	PD45534ahv
PD45534	PD45534zh
PD45534	PD45534u
PD45534	PD45534ajx
PD45534	PD45534pz2
PD45534	PD45534zu
PD45534	PD45534eq
PD45534	PD45534gm2
PD45534	PD45534abx
PD45534	PD45534afq
PD45534	PD45534anw
PD45534	PD45534abk
PD45534	PD45534lb2
PD45534	PD45534ct
PD45534	PD45534ic2
PD45534	PD45534de
PD45534	PD45534du
PD45534	PD45534en
PD45534	PD45534ib2
PD45534	PD45534agi
PD45534	PD45534agu
PD45534	PD45534vz
PD45534	PD45534aou
PD45534	PD45534acz
PD45534	PD45534aqq
PD45534	PD45534ahb
PD45534	PD45534afm
PD45534	PD45534alo
PD45534	PD45534xj
PD45534	PD45534aoz
PD45534	PD45534bq
PD45534	PD45534iz2
PD45534	PD45534kd2
PD45534	PD45534gs2
PD45534	PD45534afy
PD45534	PD45534amw
PD45534	PD45534aae
PD45534	PD45534vy
PD45534	PD45534ahr
PD45534	PD45534amo
PD45534	PD45534xu
PD45534	PD45534agx
PD45534	PD45534aac
PD45534	PD45534zp
PD45534	PD45534he2
PD45534	PD45534adl
PD45534	PD45534alg
PD45534	PD45534aaf
PD45534	PD45534ael
PD45534	PD45534aas
PD45534	PD45534alp
PD45534	PD45534rc2
PD45534	PD45534adr
PD45534	PD45534agw
PD45534	PD45534il2
PD45534	PD45534iy2
PD45534	PD45534qe
PD45534	PD45534hu2
PD45534	PD45534nf2
PD45534	PD45534lv
PD45534	PD45534ie2
PD45534	PD45534qu2
PD45534	PD45534jb2
PD45534	PD45534jm2
PD45534	PD45534tm
PD45534	PD45534af
PD45534	PD45534alk
PD45534	PD45534alz
PD45534	PD45534aol
PD45534	PD45534dg
PD45534	PD45534qi2
PD45534	PD45534go2
PD45534	PD45534jk2
PD45534	PD45534aco
PD45534	PD45534hq2
PD45534	PD45534ps
PD45534	PD45534pb2
PD45534	PD45534iv2
PD45534	PD45534ok
PD45534	PD45534ui
PD45534	PD45534oc2
PD45534	PD45534kc2
PD45534	PD45534ke2
PD45534	PD45534rg
PD45534	PD45534wj
PD45534	PD45534xv
PD45534	PD45534lr2
PD45534	PD45534mi2
PD45534	PD45534sv2
PD45534	PD45534yk
PD45534	PD45534gy2
PD45534	PD45534ji2
PD45534	PD45534jl2
PD45534	PD45534ne
PD45534	PD45534op2
PD45534	PD45534iw2
PD45534	PD45534ly
PD45534	PD45534ja2
PD45534	PD45534si
PD45534	PD45534pm2
PD45534	PD45534xz
PD45534	PD45534c
PD45534	PD45534ka2
PD45534	PD45534oh
PD45534	PD45534zr
PD45534	PD45534ajj
PD45534	PD45534qn2
PD45534	PD45534aop
PD45534	PD45534abo
PD45534	PD45534dv
PD45534	PD45534sk
PD45534	PD45534ajy
PD45534	PD45534oo2
PD45534	PD45534akb
PD45534	PD45534abl
PD45534	PD45534aev
PD45534	PD45534apx
PD45534	PD45534em
PD45534	PD45534al
PD45534	PD45534aos
PD45534	PD45534jd2
PD45534	PD45534aqr
PD45534	PD45534ace
PD45534	PD45534we
PD45534	PD45534aao
PD45534	PD45534aez
PD45534	PD45534aeb
PD45534	PD45534hf2
PD45534	PD45534pl
PD45534	PD45534acp
PD45534	PD45534alv
PD45534	PD45534apk
PD45534	PD45534hl2
PD45534	PD45534afo
PD45534	PD45534aml
PD45534	PD45534yx
PD45534	PD45534vr
PD45534	PD45534gq2
PD45534	PD45534jw2
PD45534	PD45534wi
PD45534	PD45534acd
PD45534	PD45534ahu
PD45534	PD45534uy
PD45534	PD45534ame
PD45534	PD45534aih
PD45534	PD45534yw
PD45534	PD45534ls2
PD45534	PD45534aep
PD45534	PD45534ade
PD45534	PD45534aar
PD45534	PD45534agv
PD45534	PD45534ahq
PD45534	PD45534abr
PD45534	PD45534xt
PD45534	PD45534amt
PD45534	PD45534app
PD45534	PD45534vl
PD45534	PD45534agd
PD45534	PD45534aaz
PD45534	PD45534rh2
PD45534	PD45534acb
PD45534	PD45534be
PD45534	PD45534bo
PD45534	PD45534afi
PD45534	PD45534dw
PD45534	PD45534pc2
PD45534	PD45534aju
PD45534	PD45534qx2
PD45534	PD45534gk2
PD45534	PD45534ws
PD45534	PD45534yh
PD45534	PD45534ail
PD45534	PD45534rn
PD45534	PD45534jg2
PD45534	PD45534ol2
PD45534	PD45534alq
PD45534	PD45534ala
PD45534	PD45534ahh
PD45534	PD45534ef
PD45534	PD45534aee
PD45534	PD45534afa
PD45534	PD45534vx
PD45534	PD45534do
PD45534	PD45534eb
PD45534	PD45534av
PD45534	PD45534ahn
PD45534	PD45534ajg
PD45534	PD45534pf2
PD45534	PD45534aky
PD45534	PD45534bc
PD45534	PD45534aov
PD45534	PD45534yi
PD45534	PD45534aik
PD45534	PD45534aaw
PD45534	PD45534aow
PD45534	PD45534hv2
PD45534	PD45534aok
PD45534	PD45534qo2
PD45534	PD45534vi
PD45534	PD45534xd
PD45534	PD45534vk
PD45534	PD45534ahk
PD45534	PD45534dn
PD45534	PD45534ir2
PD45534	PD45534yr
PD45534	PD45534ahz
PD45534	PD45534aix
PD45534	PD45534alh
PD45534	PD45534alr
PD45534	PD45534aj
PD45534	PD45534anz
PD45534	PD45534adw
PD45534	PD45534apn
PD45534	PD45534aai
PD45534	PD45534apl
PD45534	PD45534zg
PD45534	PD45534jo2
PD45534	PD45534alc
PD45534	PD45534alx
PD45534	PD45534amf
PD45534	PD45534apb
PD45534	PD45534alu
PD45534	PD45534aja
PD45534	PD45534zi
PD45534	PD45534aaq
PD45534	PD45534aqz
PD45534	PD45534sx
PD45534	PD45534akk
PD45534	PD45534aiz
PD45534	PD45534abb
PD45534	PD45534ajn
PD45534	PD45534aba
PD45534	PD45534afe
PD45534	PD45534amv
PD45534	PD45534ape
PD45534	PD45534oz
PD45534	PD45534pt2
PD45534	PD45534aie
PD45534	PD45534rw2
PD45534	PD45534aam
PD45534	PD45534xe
PD45534	PD45534dh
PD45534	PD45534ip2
PD45534	PD45534p
PD45534	PD45534jf2
PD45534	PD45534qz
PD45534	PD45534ks
PD45534	PD45534afx
PD45534	PD45534yq
PD45534	PD45534zb
PD45534	PD45534ano
PD45534	PD45534adu
PD45534	PD45534agl
PD45534	PD45534ahf
PD45534	PD45534zf
PD45534	PD45534o
PD45534	PD45534ahx
PD45534	PD45534su
PD45534	PD45534agy
PD45534	PD45534ug
PD45534	PD45534ada
PD45534	PD45534amy
PD45534	PD45534ju2
PD45534	PD45534abp
PD45534	PD45534ahy
PD45534	PD45534aqg
PD45534	PD45534aqs
PD45534	PD45534wm
PD45534	PD45534zy
PD45534	PD45534dt
PD45534	PD45534amk
PD45534	PD45534rq
PD45534	PD45534om2
PD45534	PD45534dj
PD45534	PD45534adk
PD45534	PD45534afl
PD45534	PD45534aeg
PD45534	PD45534oe2
PD45534	PD45534acs
PD45534	PD45534ee
PD45534	PD45534jr2
PD45534	PD45534wt
PD45534	PD45534aip
PD45534	PD45534all
PD45534	PD45534anv
PD45534	PD45534bt
PD45534	PD45534ik2
PD45534	PD45534qj2
PD45534	PD45534aqt
PD45534	PD45534lq2
PD45534	PD45534yl
PD45534	PD45534ve
PD45534	PD45534aqw
PD45534	PD45534tc2
PD45534	PD45534vf
PD45534	PD45534ys
PD45534	PD45534us
PD45534	PD45534aaa
PD45534	PD45534amr
PD45534	PD45534yn
PD45534	PD45534abz
PD45534	PD45534vo
PD45534	PD45534acw
PD45534	PD45534adi
PD45534	PD45534aqv
PD45534	PD45534vp
PD45534	PD45534ed
PD45534	PD45534vq
PD45534	PD45534ajk
PD45534	PD45534aah
PD45534	PD45534mq2
PD45534	PD45534akv
PD45534	PD45534ajd
PD45534	PD45534akw
PD45534	PD45534amb
PD45534	PD45534vh
PD45534	PD45534afv
PD45534	PD45534acj
PD45534	PD45534ze
PD45534	PD45534acm
PD45534	PD45534aof
PD45534	PD45534aog
PD45534	PD45534pv2
PD45534	PD45534aat
PD45534	PD45534amh
PD45534	PD45534aau
PD45534	PD45534lc2
PD45534	PD45534id2
PD45534	PD45534ah
PD45534	PD45534abc
PD45534	PD45534vm
PD45534	PD45534sf2
PD45534	PD45534aax
PD45534	PD45534adz
PD45534	PD45534ajf
PD45534	PD45534mh2
PD45534	PD45534agj
PD45534	PD45534aor
PD45534	PD45534hb2
PD45534	PD45534afw
PD45534	PD45534alt
PD45534	PD45534aet
PD45534	PD45534qa2
PD45534	PD45534yo
PD45534	PD45534ig2
PD45534	PD45534ds
PD45534	PD45534og2
PD45534	PD45534wd
PD45534	PD45534po2
PD45534	PD45534aka
PD45534	PD45534jz2
PD45534	PD45534agr
PD45534	PD45534zt
PD45534	PD45534ho2
PD45534	PD45534akz
PD45534	PD45534apo
PD45534	PD45534vu
PD45534	PD45534vd
PD45534	PD45534agk
PD45534	PD45534apa
PD45534	PD45534of2
PD45534	PD45534bf
PD45534	PD45534rd2
PD45534	PD45534aqf
PD45534	PD45534akh
PD45534	PD45534bp
PD45534	PD45534vc
PD45534	PD45534alf
PD45534	PD45534adm
PD45534	PD45534aex
PD45534	PD45534afj
PD45534	PD45534yv
PD45534	PD45534os
PD45534	PD45534ow2
PD45534	PD45534qg2
PD45534	PD45534qv2
PD45534	PD45534if2
PD45534	PD45534alj
PD45534	PD45534qh2
PD45534	PD45534w
PD45534	PD45534ek
PD45534	PD45534ajc
PD45534	PD45534xy
PD45534	PD45534nm2
PD45534	PD45534amp
PD45534	PD45534ym
PD45534	PD45534afz
PD45534	PD45534wb
PD45534	PD45534ajh
PD45534	PD45534bd
PD45534	PD45534aij
PD45534	PD45534aek
PD45534	PD45534als
PD45534	PD45534aqa
PD45534	PD45534ay
PD45534	PD45534mp2
PD45534	PD45534aiw
PD45534	PD45534qr2
PD45534	PD45534zk
PD45534	PD45534ajl
PD45534	PD45534abh
PD45534	PD45534dc
PD45534	PD45534anp
PD45534	PD45534anx
PD45534	PD45534xx
PD45534	PD45534anu
PD45534	PD45534pe2
PD45534	PD45534afd
PD45534	PD45534ani
PD45534	PD45534qq2
PD45534	PD45534agg
PD45534	PD45534abf
PD45534	PD45534acg
PD45534	PD45534py2
PD45534	PD45534in2
PD45534	PD45534zj
PD45534	PD45534uz
PD45534	PD45534apy
PD45534	PD45534qt
PD45534	PD45534adn
PD45534	PD45534bi
PD45534	PD45534aoc
PD45534	PD45534gx2
PD45534	PD45534agh
PD45534	PD45534gz2
PD45534	PD45534afh
PD45534	PD45534aga
PD45534	PD45534ahp
PD45534	PD45534alm
PD45534	PD45534aal
PD45534	PD45534age
PD45534	PD45534aqo
PD45534	PD45534zv
PD45534	PD45534ans
PD45534	PD45534aod
PD45534	PD45534db
PD45534	PD45534arb
PD45534	PD45534jq2
PD45534	PD45534akd
PD45534	PD45534aln
PD45534	PD45534jx2
PD45534	PD45534ua2
PD45534	PD45534t
PD45534	PD45534i
PD45534	PD45534an
PD45534	PD45534df
PD45534	PD45534jc2
PD45534	PD45534rf2
PD45534	PD45534alb
PD45534	PD45534oq2
PD45534	PD45534abm
PD45534	PD45534ro2
PD45534	PD45534agb
PD45534	PD45534dd
PD45534	PD45534cx
PD45534	PD45534rx2
PD45534	PD45534hh2
PD45534	PD45534y
PD45534	PD45534ii2
PD45534	PD45534ku2
PD45534	PD45534gt2
PD45534	PD45534pw2
PD45534	PD45534sa
PD45534	PD45534vb
PD45534	PD45534adt
PD45534	PD45534acn
PD45534	PD45534ahj
PD45534	PD45534aii
PD45534	PD45534aav
PD45534	PD45534afu
PD45534	PD45534aqe
PD45534	PD45534aft
PD45534	PD45534vn
PD45534	PD45534apd
PD45534	PD45534aqj
PD45534	PD45534pg2
PD45534	PD45534pk2
PD45534	PD45534aps
PD45534	PD45534yj
PD45534	PD45534aoh
PD45534	PD45534ox
PD45534	PD45534pd2
PD45534	PD45534ht2
PD45534	PD45534ady
PD45534	PD45534di
PD45534	PD45534aly
PD45534	PD45534wf
PD45534	PD45534aer
PD45534	PD45534wc
PD45534	PD45534akf
PD45534	PD45534xb
PD45534	PD45534aks
PD45534	PD45534pa2
PD45534	PD45534ot2
PD45534	PD45534yf
PD45534	PD45534aef
PD45534	PD45534akx
PD45534	PD45534aoo
PD45534	PD45534aoq
PD45534	PD45534acc
PD45534	PD45534yt
PD45534	PD45534aqb
PD45534	PD45534nn2
PD45534	PD45534ej
PD45534	PD45534ry
PD47738	PD47738b_lo0001
PD47738	PD47738b_lo0292
PD47738	PD47738b_lo0013
PD47738	PD47738b_lo0010
PD47738	PD47738b_lo0125
PD47738	PD47738b_lo0134
PD47738	PD47738b_lo0200
PD47738	PD47738b_lo0215
PD47738	PD47738b_lo0346
PD47738	PD47738b_lo0269
PD47738	PD47738b_lo0015
PD47738	PD47738b_lo0355
PD47738	PD47738b_lo0170
PD47738	PD47738b_lo0045
PD47738	PD47738b_lo0305
PD47738	PD47738b_lo0377
PD47738	PD47738b_lo0369
PD47738	PD47738b_lo0257
PD47738	PD47738b_lo0354
PD47738	PD47738b_lo0057
PD47738	PD47738b_lo0199
PD47738	PD47738b_lo0137
PD47738	PD47738b_lo0105
PD47738	PD47738b_lo0298
PD47738	PD47738b_lo0285
PD47738	PD47738b_lo0044
PD47738	PD47738b_lo0115
PD47738	PD47738b_lo0251
PD47738	PD47738b_lo0307
PD47738	PD47738b_lo0018
PD47738	PD47738b_lo0023
PD47738	PD47738b_lo0142
PD47738	PD47738b_lo0243
PD47738	PD47738b_lo0072
PD47738	PD47738b_lo0279
PD47738	PD47738b_lo0124
PD47738	PD47738b_lo0126
PD47738	PD47738b_lo0162
PD47738	PD47738b_lo0052
PD47738	PD47738b_lo0178
PD47738	PD47738b_lo0149
PD47738	PD47738b_lo0150
PD47738	PD47738b_lo0041
PD47738	PD47738b_lo0337
PD47738	PD47738b_lo0008
PD47738	PD47738b_lo0046
PD47738	PD47738b_lo0362
PD47738	PD47738b_lo0065
PD47738	PD47738b_lo0141
PD47738	PD47738b_lo0033
PD47738	PD47738b_lo0036
PD47738	PD47738b_lo0099
PD47738	PD47738b_lo0216
PD47738	PD47738b_lo0363
PD47738	PD47738b_lo0237
PD47738	PD47738b_lo0185
PD47738	PD47738b_lo0330
PD47738	PD47738b_lo0063
PD47738	PD47738b_lo0172
PD47738	PD47738b_lo0030
PD47738	PD47738b_lo0117
PD47738	PD47738b_lo0198
PD47738	PD47738b_lo0139
PD47738	PD47738b_lo0082
PD47738	PD47738b_lo0087
PD47738	PD47738b_lo0019
PD47738	PD47738b_lo0217
PD47738	PD47738b_lo0232
PD47738	PD47738b_lo0245
PD47738	PD47738b_lo0241
PD47738	PD47738b_lo0256
PD47738	PD47738b_lo0140
PD47738	PD47738b_lo0264
PD47738	PD47738b_lo0073
PD47738	PD47738b_lo0317
PD47738	PD47738b_lo0275
PD47738	PD47738b_lo0287
PD47738	PD47738b_lo0189
PD47738	PD47738b_lo0040
PD47738	PD47738b_lo0224
PD47738	PD47738b_lo0075
PD47738	PD47738b_lo0272
PD47738	PD47738b_lo0316
PD47738	PD47738b_lo0096
PD47738	PD47738b_lo0201
PD47738	PD47738b_lo0025
PD47738	PD47738b_lo0259
PD47738	PD47738b_lo0090
PD47738	PD47738b_lo0271
PD47738	PD47738b_lo0059
PD47738	PD47738b_lo0056
PD47738	PD47738b_lo0255
PD47738	PD47738b_lo0047
PD47738	PD47738b_lo0102
PD47738	PD47738b_lo0002
PD47738	PD47738b_lo0020
PD47738	PD47738b_lo0314
PD47738	PD47738b_lo0050
PD47738	PD47738b_lo0080
PD47738	PD47738b_lo0286
PD47738	PD47738b_lo0380
PD47738	PD47738b_lo0223
PD47738	PD47738b_lo0098
PD47738	PD47738b_lo0211
PD47738	PD47738b_lo0037
PD47738	PD47738b_lo0006
PD47738	PD47738b_lo0297
PD47738	PD47738b_lo0203
PD47738	PD47738b_lo0207
PD47738	PD47738b_lo0226
PD47738	PD47738b_lo0276
PD47738	PD47738b_lo0039
PD47738	PD47738b_lo0260
PD47738	PD47738b_lo0262
PD47738	PD47738b_lo0313
PD47738	PD47738b_lo0053
PD47738	PD47738b_lo0060
PD47738	PD47738b_lo0064
PD47738	PD47738b_lo0187
PD47738	PD47738b_lo0293
PD47738	PD47738b_lo0218
PD47738	PD47738b_lo0281
PD47738	PD47738b_lo0291
PD47738	PD47738b_lo0204
PD47738	PD47738b_lo0084
PD47738	PD47738b_lo0022
PD47738	PD47738b_lo0043
PD47738	PD47738b_lo0011
PD47738	PD47738b_lo0035
PD47738	PD47738b_lo0193
PD47738	PD47738b_lo0042
PD47738	PD47738b_lo0055
PD47738	PD47738b_lo0274
PD47738	PD47738b_lo0095
PD47738	PD47738b_lo0299
PD47738	PD47738b_lo0357
PD47738	PD47738b_lo0235
PD47738	PD47738b_lo0058
PD47738	PD47738b_lo0009
PD47738	PD47738b_lo0188
PD47738	PD47738b_lo0147
PD47738	PD47738b_lo0266
PD47738	PD47738b_lo0248
PD47738	PD47738b_lo0086
PD47738	PD47738b_lo0169
PD47738	PD47738b_lo0085
PD47738	PD47738b_lo0347
PD47738	PD47738b_lo0122
PD47738	PD47738b_lo0038
PD47738	PD47738b_lo0017
PD47738	PD47738b_lo0238
PD47738	PD47738b_lo0268
PD47738	PD47738b_lo0081
PD47738	PD47738b_lo0157
PD47738	PD47738b_lo0101
PD47738	PD47738b_lo0091
PD47738	PD47738b_lo0246
PD47738	PD47738b_lo0244
PD47738	PD47738b_lo0379
PD47738	PD47738b_lo0156
PD47738	PD47738b_lo0234
PD47738	PD47738b_lo0315
PD47738	PD47738b_lo0024
PD47738	PD47738b_lo0289
PD47738	PD47738b_lo0066
PD47738	PD47738b_lo0236
PD47738	PD47738b_lo0138
PD47738	PD47738b_lo0107
PD47738	PD47738b_lo0208
PD47738	PD47738b_lo0089
PD47738	PD47738b_lo0016
PD47738	PD47738b_lo0181
PD47738	PD47738b_lo0114
PD47738	PD47738b_lo0113
PD47738	PD47738b_lo0222
PD47738	PD47738b_lo0322
PD47738	PD47738b_lo0195
PD47738	PD47738b_lo0282
PD47738	PD47738b_lo0118
PD47738	PD47738b_lo0048
PD47738	PD47738b_lo0092
PD47738	PD47738b_lo0220
PD47738	PD47738b_lo0340
PD47738	PD47738b_lo0123
PD47738	PD47738b_lo0007
PD47738	PD47738b_lo0161
PD47738	PD47738b_lo0338
PD47738	PD47738b_lo0094
PD47738	PD47738b_lo0301
PD47738	PD47738b_lo0031
PD47738	PD47738b_lo0061
PD47738	PD47738b_lo0153
PD47738	PD47738b_lo0180
PD47738	PD47738b_lo0116
PD47738	PD47738b_lo0088
PD47738	PD47738b_lo0194
PD47738	PD47738b_lo0339
PD47738	PD47738b_lo0110
PD47738	PD47738b_lo0325
PD47738	PD47738b_lo0345
PD47738	PD47738b_lo0231
PD47738	PD47738b_lo0068
PD47738	PD47738b_lo0341
PD47738	PD47738b_lo0270
PD47738	PD47738b_lo0221
PD47738	PD47738b_lo0012
PD47738	PD47738b_lo0213
PD47738	PD47738b_lo0049
PD47738	PD47738b_lo0253
PD47738	PD47738b_lo0250
PD47738	PD47738b_lo0290
PD47738	PD47738b_lo0132
PD47738	PD47738b_lo0079
PD47738	PD47738b_lo0254
PD47738	PD47738b_lo0321
PD47738	PD47738b_lo0109
PD47738	PD47738b_lo0261
PD47738	PD47738b_lo0247
PD47738	PD47738b_lo0027
PD47738	PD47738b_lo0273
PD47738	PD47738b_lo0076
PD47738	PD47738b_lo0028
PD47738	PD47738b_lo0333
PD47738	PD47738b_lo0130
PD47738	PD47738b_lo0155
PD47738	PD47738b_lo0165
PD47738	PD47738b_lo0227
PD47738	PD47738b_lo0173
PD47738	PD47738b_lo0370
PD47738	PD47738b_lo0371
PD47738	PD47738b_lo0074
PD47738	PD47738b_lo0277
PD47738	PD47738b_lo0054
PD47738	PD47738b_lo0121
PD47738	PD47738b_lo0108
PD47738	PD47738b_lo0353
PD47738	PD47738b_lo0078
PD47738	PD47738b_lo0239
PD47738	PD47738b_lo0177
PD47738	PD47738b_lo0219
PD47738	PD47738b_lo0083
PD47738	PD47738b_lo0003
PD47738	PD47738b_lo0062
PD47738	PD47738b_lo0097
PD47738	PD47738b_lo0014
PD47738	PD47738b_lo0233
PD47738	PD47738b_lo0069
PD47738	PD47738b_lo0145
PD47738	PD47738b_lo0258
PD47738	PD47738b_lo0265
PD47738	PD47738b_lo0324
PD47738	PD47738b_lo0229
PD47738	PD47738b_lo0323
PD47738	PD47738b_lo0242
PD47738	PD47738b_lo0077
PD47738	PD47738b_lo0071
PD47738	PD47738b_lo0278
PD47738	PD47738b_lo0032
PD47738	PD47738b_lo0280
PD47738	PD47738b_lo0349
PD47738	PD47738b_lo0329
PD47738	PD47738b_lo0372
PD47738	PD47738b_lo0361
PD47738	PD47738b_lo0364
PD47738	PD47738b_lo0179
PD47738	PD47738b_lo0196
PD47738	PD47738b_lo0284
PD47738	PD47738b_lo0263
PD47738	PD47738b_lo0202
PD47738	PD47738b_lo0026
PD47738	PD47738b_lo0300
PD47738	PD47738b_lo0348
PD47738	PD47738b_lo0225
PD47738	PD47738b_lo0146
PD47738	PD47738b_lo0158
PD47738	PD47738b_lo0100
PD47738	PD47738b_lo0332
PD47738	PD47738b_lo0171
PD47738	PD47738b_lo0331
PD47738	PD47738b_lo0029
PD47738	PD47738b_lo0186
PD47738	PD47738b_lo0210
PD47738	PD47738b_lo0131
PD47738	PD47738b_lo0164
PD47738	PD47738b_lo0283
PD47738	PD47738b_lo0034
PD47738	PD47738b_lo0197
PD47738	PD47738b_lo0252
PD47738	PD47738b_lo0070
PD47738	PD47738b_lo0206
PD47738	PD47738b_lo0240
PD47738	PD47738b_lo0378
PD47738	PD47738b_lo0214
PD47738	PD47738b_lo0093
PD47738	PD47738b_lo0133
PD47738	PD47738b_lo0249
PD47738	PD47738b_lo0067
PD47738	PD47738b_lo0004
PD47738	PD47738b_lo0005
PD47738	PD47738b_lo0106
PD47738	PD47738b_lo0230
PD47738	PD47738b_lo0267
PD47738	PD47738b_lo0154
PD47738	PD47738b_lo0205
PD47738	PD47738b_lo0309
PD47738	PD47738b_lo0129
PD47738	PD47738b_lo0306
PD47738	PD47738b_lo0051
PD47738	PD47738b_lo0308
PD47738	PD47738b_lo0212
PD47738	PD47738b_lo0356
PD47738	PD47738b_lo0021
PD47738	PD47738b_lo0148
PD47738	PD47738b_lo0228
PD47738	PD47738b_lo0209
PD48402	PD48402b_lo0001
PD48402	PD48402b_lo0353
PD48402	PD48402b_lo0003
PD48402	PD48402b_lo0271
PD48402	PD48402b_lo0400
PD48402	PD48402b_lo0408
PD48402	PD48402b_lo0149
PD48402	PD48402b_lo0023
PD48402	PD48402b_lo0206
PD48402	PD48402b_lo0421
PD48402	PD48402b_lo0246
PD48402	PD48402b_lo0275
PD48402	PD48402b_lo0056
PD48402	PD48402b_lo0416
PD48402	PD48402b_lo0046
PD48402	PD48402b_lo0404
PD48402	PD48402b_lo0245
PD48402	PD48402b_lo0354
PD48402	PD48402b_lo0324
PD48402	PD48402b_lo0030
PD48402	PD48402b_lo0106
PD48402	PD48402b_lo0202
PD48402	PD48402b_lo0230
PD48402	PD48402b_lo0009
PD48402	PD48402b_lo0390
PD48402	PD48402b_lo0384
PD48402	PD48402b_lo0317
PD48402	PD48402b_lo0424
PD48402	PD48402b_lo0178
PD48402	PD48402b_lo0220
PD48402	PD48402b_lo0027
PD48402	PD48402b_lo0298
PD48402	PD48402b_lo0437
PD48402	PD48402b_lo0261
PD48402	PD48402b_lo0402
PD48402	PD48402b_lo0433
PD48402	PD48402b_lo0208
PD48402	PD48402b_lo0365
PD48402	PD48402b_lo0077
PD48402	PD48402b_lo0268
PD48402	PD48402b_lo0231
PD48402	PD48402b_lo0025
PD48402	PD48402b_lo0219
PD48402	PD48402b_lo0287
PD48402	PD48402b_lo0229
PD48402	PD48402b_lo0286
PD48402	PD48402b_lo0195
PD48402	PD48402b_lo0403
PD48402	PD48402b_lo0196
PD48402	PD48402b_lo0207
PD48402	PD48402b_lo0394
PD48402	PD48402b_lo0318
PD48402	PD48402b_lo0084
PD48402	PD48402b_lo0140
PD48402	PD48402b_lo0191
PD48402	PD48402b_lo0244
PD48402	PD48402b_lo0382
PD48402	PD48402b_lo0289
PD48402	PD48402b_lo0420
PD48402	PD48402b_lo0263
PD48402	PD48402b_lo0193
PD48402	PD48402b_lo0214
PD48402	PD48402b_lo0356
PD48402	PD48402b_lo0197
PD48402	PD48402b_lo0418
PD48402	PD48402b_lo0411
PD48402	PD48402b_lo0254
PD48402	PD48402b_lo0377
PD48402	PD48402b_lo0301
PD48402	PD48402b_lo0045
PD48402	PD48402b_lo0434
PD48402	PD48402b_lo0272
PD48402	PD48402b_lo0334
PD48402	PD48402b_lo0409
PD48402	PD48402b_lo0032
PD48402	PD48402b_lo0089
PD48402	PD48402b_lo0044
PD48402	PD48402b_lo0050
PD48402	PD48402b_lo0064
PD48402	PD48402b_lo0264
PD48402	PD48402b_lo0169
PD48402	PD48402b_lo0305
PD48402	PD48402b_lo0080
PD48402	PD48402b_lo0127
PD48402	PD48402b_lo0425
PD48402	PD48402b_lo0166
PD48402	PD48402b_lo0288
PD48402	PD48402b_lo0316
PD48402	PD48402b_lo0079
PD48402	PD48402b_lo0379
PD48402	PD48402b_lo0262
PD48402	PD48402b_lo0352
PD48402	PD48402b_lo0372
PD48402	PD48402b_lo0040
PD48402	PD48402b_lo0069
PD48402	PD48402b_lo0160
PD48402	PD48402b_lo0042
PD48402	PD48402b_lo0388
PD48402	PD48402b_lo0427
PD48402	PD48402b_lo0401
PD48402	PD48402b_lo0192
PD48402	PD48402b_lo0010
PD48402	PD48402b_lo0257
PD48402	PD48402b_lo0419
PD48402	PD48402b_lo0307
PD48402	PD48402b_lo0172
PD48402	PD48402b_lo0203
PD48402	PD48402b_lo0029
PD48402	PD48402b_lo0155
PD48402	PD48402b_lo0090
PD48402	PD48402b_lo0413
PD48402	PD48402b_lo0020
PD48402	PD48402b_lo0396
PD48402	PD48402b_lo0068
PD48402	PD48402b_lo0168
PD48402	PD48402b_lo0218
PD48402	PD48402b_lo0243
PD48402	PD48402b_lo0022
PD48402	PD48402b_lo0232
PD48402	PD48402b_lo0306
PD48402	PD48402b_lo0054
PD48402	PD48402b_lo0190
PD48402	PD48402b_lo0242
PD48402	PD48402b_lo0283
PD48402	PD48402b_lo0398
PD48402	PD48402b_lo0016
PD48402	PD48402b_lo0241
PD48402	PD48402b_lo0335
PD48402	PD48402b_lo0392
PD48402	PD48402b_lo0062
PD48402	PD48402b_lo0147
PD48402	PD48402b_lo0094
PD48402	PD48402b_lo0031
PD48402	PD48402b_lo0078
PD48402	PD48402b_lo0035
PD48402	PD48402b_lo0234
PD48402	PD48402b_lo0098
PD48402	PD48402b_lo0397
PD48402	PD48402b_lo0005
PD48402	PD48402b_lo0210
PD48402	PD48402b_lo0428
PD48402	PD48402b_lo0251
PD48402	PD48402b_lo0350
PD48402	PD48402b_lo0355
PD48402	PD48402b_lo0093
PD48402	PD48402b_lo0058
PD48402	PD48402b_lo0174
PD48402	PD48402b_lo0095
PD48402	PD48402b_lo0215
PD48402	PD48402b_lo0162
PD48402	PD48402b_lo0417
PD48402	PD48402b_lo0141
PD48402	PD48402b_lo0070
PD48402	PD48402b_lo0265
PD48402	PD48402b_lo0087
PD48402	PD48402b_lo0101
PD48402	PD48402b_lo0112
PD48402	PD48402b_lo0376
PD48402	PD48402b_lo0247
PD48402	PD48402b_lo0119
PD48402	PD48402b_lo0187
PD48402	PD48402b_lo0072
PD48402	PD48402b_lo0139
PD48402	PD48402b_lo0348
PD48402	PD48402b_lo0081
PD48402	PD48402b_lo0369
PD48402	PD48402b_lo0429
PD48402	PD48402b_lo0212
PD48402	PD48402b_lo0412
PD48402	PD48402b_lo0100
PD48402	PD48402b_lo0200
PD48402	PD48402b_lo0057
PD48402	PD48402b_lo0293
PD48402	PD48402b_lo0204
PD48402	PD48402b_lo0059
PD48402	PD48402b_lo0295
PD48402	PD48402b_lo0085
PD48402	PD48402b_lo0299
PD48402	PD48402b_lo0113
PD48402	PD48402b_lo0015
PD48402	PD48402b_lo0173
PD48402	PD48402b_lo0142
PD48402	PD48402b_lo0163
PD48402	PD48402b_lo0017
PD48402	PD48402b_lo0066
PD48402	PD48402b_lo0238
PD48402	PD48402b_lo0060
PD48402	PD48402b_lo0061
PD48402	PD48402b_lo0114
PD48402	PD48402b_lo0086
PD48402	PD48402b_lo0108
PD48402	PD48402b_lo0111
PD48402	PD48402b_lo0430
PD48402	PD48402b_lo0341
PD48402	PD48402b_lo0014
PD48402	PD48402b_lo0083
PD48402	PD48402b_lo0073
PD48402	PD48402b_lo0180
PD48402	PD48402b_lo0118
PD48402	PD48402b_lo0125
PD48402	PD48402b_lo0345
PD48402	PD48402b_lo0282
PD48402	PD48402b_lo0227
PD48402	PD48402b_lo0269
PD48402	PD48402b_lo0281
PD48402	PD48402b_lo0331
PD48402	PD48402b_lo0358
PD48402	PD48402b_lo0213
PD48402	PD48402b_lo0387
PD48402	PD48402b_lo0047
PD48402	PD48402b_lo0006
PD48402	PD48402b_lo0386
PD48402	PD48402b_lo0322
PD48402	PD48402b_lo0133
PD48402	PD48402b_lo0076
PD48402	PD48402b_lo0074
PD48402	PD48402b_lo0104
PD48402	PD48402b_lo0249
PD48402	PD48402b_lo0039
PD48402	PD48402b_lo0096
PD48402	PD48402b_lo0329
PD48402	PD48402b_lo0292
PD48402	PD48402b_lo0436
PD48402	PD48402b_lo0107
PD48402	PD48402b_lo0349
PD48402	PD48402b_lo0007
PD48402	PD48402b_lo0233
PD48402	PD48402b_lo0250
PD48402	PD48402b_lo0008
PD48402	PD48402b_lo0312
PD48402	PD48402b_lo0036
PD48402	PD48402b_lo0368
PD48402	PD48402b_lo0422
PD48402	PD48402b_lo0156
PD48402	PD48402b_lo0126
PD48402	PD48402b_lo0347
PD48402	PD48402b_lo0217
PD48402	PD48402b_lo0374
PD48402	PD48402b_lo0237
PD48402	PD48402b_lo0097
PD48402	PD48402b_lo0378
PD48402	PD48402b_lo0385
PD48402	PD48402b_lo0414
PD48402	PD48402b_lo0381
PD48402	PD48402b_lo0346
PD48402	PD48402b_lo0258
PD48402	PD48402b_lo0364
PD48402	PD48402b_lo0371
PD48402	PD48402b_lo0395
PD48402	PD48402b_lo0432
PD48402	PD48402b_lo0154
PD48402	PD48402b_lo0161
PD48402	PD48402b_lo0362
PD48402	PD48402b_lo0181
PD48402	PD48402b_lo0270
PD48402	PD48402b_lo0186
PD48402	PD48402b_lo0038
PD48402	PD48402b_lo0184
PD48402	PD48402b_lo0380
PD48402	PD48402b_lo0013
PD48402	PD48402b_lo0041
PD48402	PD48402b_lo0357
PD48402	PD48402b_lo0019
PD48402	PD48402b_lo0021
PD48402	PD48402b_lo0406
PD48402	PD48402b_lo0179
PD48402	PD48402b_lo0120
PD48402	PD48402b_lo0225
PD48402	PD48402b_lo0344
PD48402	PD48402b_lo0259
PD48402	PD48402b_lo0319
PD48402	PD48402b_lo0276
PD48402	PD48402b_lo0336
PD48402	PD48402b_lo0209
PD48402	PD48402b_lo0370
PD48402	PD48402b_lo0185
PD48402	PD48402b_lo0339
PD48402	PD48402b_lo0310
PD48402	PD48402b_lo0053
PD48402	PD48402b_lo0055
PD48402	PD48402b_lo0216
PD48402	PD48402b_lo0033
PD48402	PD48402b_lo0134
PD48402	PD48402b_lo0002
PD48402	PD48402b_lo0175
PD48402	PD48402b_lo0389
PD48402	PD48402b_lo0167
PD48402	PD48402b_lo0092
PD48402	PD48402b_lo0188
PD48402	PD48402b_lo0248
PD48402	PD48402b_lo0274
PD48402	PD48402b_lo0328
PD48402	PD48402b_lo0067
PD48402	PD48402b_lo0313
PD48402	PD48402b_lo0037
PD48402	PD48402b_lo0128
PD48402	PD48402b_lo0211
PD48402	PD48402b_lo0099
PD48402	PD48402b_lo0052
PD48402	PD48402b_lo0201
PD48402	PD48402b_lo0253
PD48402	PD48402b_lo0182
PD48402	PD48402b_lo0361
PD48402	PD48402b_lo0393
PD48402	PD48402b_lo0325
PD48402	PD48402b_lo0105
PD48402	PD48402b_lo0205
PD48402	PD48402b_lo0226
PD48402	PD48402b_lo0048
PD48402	PD48402b_lo0300
PD48402	PD48402b_lo0304
PD48402	PD48402b_lo0199
PD48402	PD48402b_lo0075
PD48402	PD48402b_lo0280
PD48402	PD48402b_lo0132
PD48402	PD48402b_lo0011
PD48402	PD48402b_lo0051
PD48402	PD48402b_lo0049
PD48402	PD48402b_lo0065
PD48402	PD48402b_lo0063
PD48402	PD48402b_lo0222
PD48402	PD48402b_lo0034
PD48402	PD48402b_lo0071
PD48402	PD48402b_lo0043
PD48402	PD48402b_lo0223
PD48402	PD48402b_lo0224
PD48402	PD48402b_lo0194
PD48402	PD48402b_lo0028
PD48402	PD48402b_lo0311
PD48402	PD48402b_lo0146
PD48402	PD48402b_lo0240
PD48402	PD48402b_lo0260
PD48402	PD48402b_lo0088
PD48402	PD48402b_lo0410
PD48402	PD48402b_lo0189
PD48402	PD48402b_lo0252
PD48402	PD48402b_lo0255
PD48402	PD48402b_lo0267
PD48402	PD48402b_lo0405
PD48402	PD48402b_lo0363
PD48402	PD48402b_lo0012
PD48402	PD48402b_lo0340
PD48402	PD48402b_lo0148
PD48402	PD48402b_lo0323
PD48402	PD48402b_lo0198
PD48402	PD48402b_lo0121
PD48402	PD48402b_lo0235
PD48402	PD48402b_lo0091
PD48402	PD48402b_lo0018
PD48402	PD48402b_lo0373
PD48402	PD48402b_lo0256
PD48402	PD48402b_lo0153
PD48402	PD48402b_lo0236
PD48402	PD48402b_lo0426
PD48402	PD48402b_lo0266
PD48402	PD48402b_lo0004
PD48402	PD48402b_lo0135
PD48402	PD48402b_lo0221
PD48402	PD48402b_lo0228
PD48402	PD48402b_lo0183
PD48402	PD48402b_lo0277
PD48402	PD48402b_lo0273
PD48402	PD48402b_lo0239
PD48402	PD48402b_lo0330
PD48402	PD48402b_lo0024
PD48402	PD48402b_lo0026
PD48402	PD48402b_lo0294
PD49236	PD49236au
PD49236	PD49236id
PD49236	PD49236fo
PD49236	PD49236dy
PD49236	PD49236km
PD49236	PD49236pd
PD49236	PD49236dh
PD49236	PD49236ri
PD49236	PD49236rb
PD49236	PD49236h
PD49236	PD49236lt
PD49236	PD49236gr
PD49236	PD49236bu
PD49236	PD49236py
PD49236	PD49236mu
PD49236	PD49236tn
PD49236	PD49236hw
PD49236	PD49236gx
PD49236	PD49236ap
PD49236	PD49236ev
PD49236	PD49236rq
PD49236	PD49236dt
PD49236	PD49236ho
PD49236	PD49236bv
PD49236	PD49236mb
PD49236	PD49236fv
PD49236	PD49236eq
PD49236	PD49236in
PD49236	PD49236nv
PD49236	PD49236ow
PD49236	PD49236sg
PD49236	PD49236nh
PD49236	PD49236sc
PD49236	PD49236kc
PD49236	PD49236ee
PD49236	PD49236bw
PD49236	PD49236kw
PD49236	PD49236gy
PD49236	PD49236mc
PD49236	PD49236fz
PD49236	PD49236fx
PD49236	PD49236jf
PD49236	PD49236lf
PD49236	PD49236jg
PD49236	PD49236sj
PD49236	PD49236eh
PD49236	PD49236ck
PD49236	PD49236jn
PD49236	PD49236kk
PD49236	PD49236jw
PD49236	PD49236il
PD49236	PD49236nr
PD49236	PD49236dp
PD49236	PD49236nw
PD49236	PD49236op
PD49236	PD49236pz
PD49236	PD49236g
PD49236	PD49236ej
PD49236	PD49236lj
PD49236	PD49236tm
PD49236	PD49236tp
PD49236	PD49236iv
PD49236	PD49236fb
PD49236	PD49236kx
PD49236	PD49236an
PD49236	PD49236ol
PD49236	PD49236ql
PD49236	PD49236mx
PD49236	PD49236pw
PD49236	PD49236hu
PD49236	PD49236cv
PD49236	PD49236pj
PD49236	PD49236qj
PD49236	PD49236qm
PD49236	PD49236av
PD49236	PD49236oc
PD49236	PD49236bf
PD49236	PD49236tk
PD49236	PD49236nm
PD49236	PD49236dm
PD49236	PD49236dq
PD49236	PD49236er
PD49236	PD49236lq
PD49236	PD49236so
PD49236	PD49236pf
PD49236	PD49236lh
PD49236	PD49236ov
PD49236	PD49236rr
PD49236	PD49236ag
PD49236	PD49236ao
PD49236	PD49236nq
PD49236	PD49236ox
PD49236	PD49236rf
PD49236	PD49236oo
PD49236	PD49236pl
PD49236	PD49236f
PD49236	PD49236eg
PD49236	PD49236mt
PD49236	PD49236nz
PD49236	PD49236pv
PD49236	PD49236sq
PD49236	PD49236kz
PD49236	PD49236mo
PD49236	PD49236go
PD49236	PD49236cx
PD49236	PD49236hg
PD49236	PD49236pk
PD49236	PD49236jc
PD49236	PD49236y
PD49236	PD49236qt
PD49236	PD49236rw
PD49236	PD49236sn
PD49236	PD49236fy
PD49236	PD49236jk
PD49236	PD49236sw
PD49236	PD49236mq
PD49236	PD49236qe
PD49236	PD49236ft
PD49236	PD49236ju
PD49236	PD49236mv
PD49236	PD49236dc
PD49236	PD49236tq
PD49236	PD49236fs
PD49236	PD49236df
PD49236	PD49236gv
PD49236	PD49236ky
PD49236	PD49236md
PD49236	PD49236if
PD49236	PD49236fc
PD49236	PD49236qu
PD49236	PD49236kn
PD49236	PD49236tb
PD49236	PD49236n
PD49236	PD49236me
PD49236	PD49236ge
PD49236	PD49236gl
PD49236	PD49236cc
PD49236	PD49236ti
PD49236	PD49236ng
PD49236	PD49236be
PD49236	PD49236i
PD49236	PD49236pn
PD49236	PD49236rt
PD49236	PD49236kd
PD49236	PD49236mp
PD49236	PD49236pu
PD49236	PD49236sp
PD49236	PD49236ro
PD49236	PD49236js
PD49236	PD49236pg
PD49236	PD49236po
PD49236	PD49236ew
PD49236	PD49236fj
PD49236	PD49236ko
PD49236	PD49236lm
PD49236	PD49236rx
PD49236	PD49236cz
PD49236	PD49236ei
PD49236	PD49236oh
PD49236	PD49236pb
PD49236	PD49236de
PD49236	PD49236kr
PD49236	PD49236cs
PD49236	PD49236qs
PD49236	PD49236oy
PD49236	PD49236rp
PD49236	PD49236iw
PD49236	PD49236ey
PD49236	PD49236hy
PD49236	PD49236ks
PD49236	PD49236fe
PD49236	PD49236ls
PD49236	PD49236ix
PD49236	PD49236kp
PD49236	PD49236o
PD49236	PD49236rn
PD49236	PD49236pe
PD49236	PD49236q
PD49236	PD49236x
PD49236	PD49236qd
PD49236	PD49236qi
PD49236	PD49236ds
PD49236	PD49236dz
PD49236	PD49236do
PD49236	PD49236kv
PD49236	PD49236ml
PD49236	PD49236iu
PD49236	PD49236nk
PD49236	PD49236rg
PD49236	PD49236fg
PD49236	PD49236gk
PD49236	PD49236ce
PD49236	PD49236mz
PD49236	PD49236og
PD49236	PD49236cu
PD49236	PD49236cm
PD49236	PD49236hn
PD49236	PD49236nn
PD49236	PD49236bg
PD49236	PD49236tu
PD49236	PD49236on
PD49236	PD49236qf
PD49236	PD49236ps
PD49236	PD49236je
PD49236	PD49236tj
PD49236	PD49236gi
PD49236	PD49236ke
PD49236	PD49236eo
PD49236	PD49236ld
PD49236	PD49236rd
PD49236	PD49236tr
PD49236	PD49236ot
PD49236	PD49236qq
PD49236	PD49236qx
PD49236	PD49236np
PD49236	PD49236em
PD49236	PD49236gb
PD49236	PD49236ek
PD49236	PD49236el
PD49236	PD49236ax
PD49236	PD49236oz
PD49236	PD49236ny
PD49236	PD49236nd
PD49236	PD49236hf
PD49236	PD49236p
PD49236	PD49236io
PD49236	PD49236sh
PD49236	PD49236kf
PD49236	PD49236tt
PD49236	PD49236gq
PD49236	PD49236nj
PD49236	PD49236ob
PD49236	PD49236v
PD49236	PD49236gg
PD49236	PD49236gm
PD49236	PD49236cw
PD49236	PD49236ez
PD49236	PD49236ie
PD49236	PD49236jd
PD49236	PD49236oi
PD49236	PD49236mg
PD49236	PD49236ru
PD49236	PD49236lw
PD49236	PD49236rc
PD49236	PD49236it
PD49236	PD49236st
PD49236	PD49236ly
PD49236	PD49236or
PD49236	PD49236rz
PD49236	PD49236dg
PD49236	PD49236ns
PD49236	PD49236hi
PD49236	PD49236hx
PD49236	PD49236am
PD49236	PD49236bo
PD49236	PD49236tf
PD49236	PD49236kq
PD49236	PD49236cn
PD49236	PD49236cd
PD49236	PD49236hm
PD49236	PD49236sv
PD49236	PD49236hh
PD49236	PD49236le
PD49236	PD49236ih
PD49236	PD49236ln
PD49236	PD49236ph
PD49236	PD49236pt
PD49236	PD49236ae
PD49236	PD49236nc
PD49236	PD49236os
PD49236	PD49236sk
PD49236	PD49236su
PD49236	PD49236ep
PD49236	PD49236fk
PD49236	PD49236dd
PD49236	PD49236af
PD49236	PD49236sm
PD49236	PD49236qb
PD49236	PD49236qc
PD49236	PD49236hq
PD49236	PD49236ig
PD49236	PD49236mw
PD49236	PD49236fu
PD49236	PD49236gh
PD49236	PD49236qh
PD49236	PD49236gw
PD49236	PD49236rm
PD49236	PD49236gp
PD49236	PD49236ec
PD49236	PD49236gd
PD49236	PD49236bd
PD49236	PD49236gz
PD49236	PD49236lo
PD49236	PD49236pq
PD49236	PD49236tg
PD49236	PD49236ok
PD49236	PD49236gf
PD49236	PD49236fq
PD49236	PD49236cl
PD49236	PD49236kj
PD49236	PD49236et
PD49236	PD49236bm
PD49236	PD49236di
PD49236	PD49236pp
PD49236	PD49236dk
PD49236	PD49236ff
PD49236	PD49236lx
PD49236	PD49236nf
PD49236	PD49236pc
PD49236	PD49236qo
PD49236	PD49236px
PD49236	PD49236gn
PD49236	PD49236fr
PD49236	PD49236qg
PD49236	PD49236dx
PD49236	PD49236pi
PD49236	PD49236db
PD49236	PD49236dn
PD49236	PD49236jm
PD49236	PD49236te
PD49236	PD49236mh
PD49236	PD49236td
PD49236	PD49236ts
PD49236	PD49236cf
PD49236	PD49236fh
PD49236	PD49236oq
PD49236	PD49236sb
PD49236	PD49236sr
PD49236	PD49236rk
PD49236	PD49236ms
PD49236	PD49236en
PD49236	PD49236aw
PD49236	PD49236ex
PD49236	PD49236bt
PD49236	PD49236kt
PD49236	PD49236fl
PD49236	PD49236ku
PD49236	PD49236jl
PD49236	PD49236no
PD49236	PD49236si
PD49236	PD49236od
PD49236	PD49236lg
PD49236	PD49236lr
PD49236	PD49236hp
PD49236	PD49236my
PD49236	PD49236nb
PD49236	PD49236mf
PD49236	PD49236rv
PD49236	PD49236hv
PD49236	PD49236lk
PD49236	PD49236jt
PD49236	PD49236qy
PD49236	PD49236rh
PD49236	PD49236lb
PD49236	PD49236ct
PD49236	PD49236nt
PD49236	PD49236ll
PD49236	PD49236qn
PD49236	PD49236qz
PD49236	PD49236fi
PD49236	PD49236oe
PD49236	PD49236qr
PD49236	PD49236mm
PD49236	PD49236ou
PD49236	PD49236im
PD49236	PD49236nu
PD49236	PD49236se
PD49236	PD49236kl
PD49236	PD49236ef
PD49236	PD49236tc
PD49236	PD49236lp
PD49236	PD49236fw
PD49236	PD49236rj
PD49236	PD49236lc
PD49236	PD49236lu
PD49236	PD49236jo
PD49236	PD49236mr
PD49236	PD49236qk
PD49236	PD49236dj
PD49236	PD49236gj
PD49236	PD49236lv
PD49236	PD49236fp
PD49236	PD49236pm
PD49236	PD49236ed
PD49236	PD49236bl
PD49236	PD49236mn
PD49236	PD49236nx
PD49236	PD49236sd
PD49236	PD49236w
PD49236	PD49236sy
PD49236	PD49236eu
PD49236	PD49236fm
PD49236	PD49236fn
PD49236	PD49236fd
PD49236	PD49236om
PD49236	PD49236dv
PD49236	PD49236tl
PD49236	PD49236nl
PD49236	PD49236oj
PD49236	PD49236qv
PD49236	PD49236dl
PD49236	PD49236ip
PD49236	PD49236bn
PD49236	PD49236dr
PD49236	PD49236gc
PD49236	PD49236cy
PD49236	PD49236he
PD49236	PD49236jv
PD49236	PD49236sx
PD49236	PD49236du
PD49236	PD49236es
PD49236	PD49236kb
PD49236	PD49236mi
PD49236	PD49236eb
PD49236	PD49236mk
PD49236	PD49236lz
PD49236	PD49236dw
PD49236	PD49236li
PD49236	PD49236mj
PD49236	PD49236ne
PD49236	PD49236ni
PD49236	PD49236of
PD49237	PD49237ag
PD49237	PD49237au
PD49237	PD49237az
PD49237	PD49237cl
PD49237	PD49237ex
PD49237	PD49237fg
PD49237	PD49237mq
PD49237	PD49237z
PD49237	PD49237fq
PD49237	PD49237bi
PD49237	PD49237bc
PD49237	PD49237ml
PD49237	PD49237eo
PD49237	PD49237md
PD49237	PD49237dq
PD49237	PD49237ff
PD49237	PD49237ko
PD49237	PD49237bb
PD49237	PD49237fn
PD49237	PD49237w
PD49237	PD49237dj
PD49237	PD49237av
PD49237	PD49237kx
PD49237	PD49237lf
PD49237	PD49237cu
PD49237	PD49237kz
PD49237	PD49237b
PD49237	PD49237cz
PD49237	PD49237gh
PD49237	PD49237bu
PD49237	PD49237ec
PD49237	PD49237gb
PD49237	PD49237as
PD49237	PD49237mw
PD49237	PD49237ce
PD49237	PD49237ed
PD49237	PD49237fd
PD49237	PD49237fm
PD49237	PD49237cr
PD49237	PD49237ak
PD49237	PD49237ee
PD49237	PD49237an
PD49237	PD49237dx
PD49237	PD49237be
PD49237	PD49237ey
PD49237	PD49237lb
PD49237	PD49237s
PD49237	PD49237bq
PD49237	PD49237en
PD49237	PD49237mv
PD49237	PD49237do
PD49237	PD49237bh
PD49237	PD49237ar
PD49237	PD49237mj
PD49237	PD49237v
PD49237	PD49237me
PD49237	PD49237eu
PD49237	PD49237ev
PD49237	PD49237ki
PD49237	PD49237kt
PD49237	PD49237cw
PD49237	PD49237cq
PD49237	PD49237ej
PD49237	PD49237ax
PD49237	PD49237bs
PD49237	PD49237eg
PD49237	PD49237ds
PD49237	PD49237fj
PD49237	PD49237kr
PD49237	PD49237aq
PD49237	PD49237lw
PD49237	PD49237fe
PD49237	PD49237lu
PD49237	PD49237cc
PD49237	PD49237ae
PD49237	PD49237cd
PD49237	PD49237dy
PD49237	PD49237ci
PD49237	PD49237kg
PD49237	PD49237ai
PD49237	PD49237ap
PD49237	PD49237mx
PD49237	PD49237dl
PD49237	PD49237al
PD49237	PD49237at
PD49237	PD49237lo
PD49237	PD49237bd
PD49237	PD49237x
PD49237	PD49237ek
PD49237	PD49237di
PD49237	PD49237dc
PD49237	PD49237ku
PD49237	PD49237bo
PD49237	PD49237bx
PD49237	PD49237o
PD49237	PD49237bt
PD49237	PD49237dp
PD49237	PD49237fw
PD49237	PD49237mk
PD49237	PD49237mp
PD49237	PD49237lh
PD49237	PD49237db
PD49237	PD49237ls
PD49237	PD49237cy
PD49237	PD49237fx
PD49237	PD49237gd
PD49237	PD49237fh
PD49237	PD49237t
PD49237	PD49237ll
PD49237	PD49237dr
PD49237	PD49237gg
PD49237	PD49237ef
PD49237	PD49237li
PD49237	PD49237bp
PD49237	PD49237br
PD49237	PD49237fv
PD49237	PD49237ck
PD49237	PD49237aj
PD49237	PD49237q
PD49237	PD49237h
PD49237	PD49237ay
PD49237	PD49237el
PD49237	PD49237l
PD49237	PD49237bg
PD49237	PD49237bj
PD49237	PD49237du
PD49237	PD49237r
PD49237	PD49237by
PD49237	PD49237fl
PD49237	PD49237p
PD49237	PD49237bf
PD49237	PD49237c
PD49237	PD49237es
PD49237	PD49237i
PD49237	PD49237ln
PD49237	PD49237lt
PD49237	PD49237mr
PD49237	PD49237ao
PD49237	PD49237u
PD49237	PD49237bv
PD49237	PD49237kf
PD49237	PD49237cj
PD49237	PD49237bz
PD49237	PD49237n
PD49237	PD49237fy
PD49237	PD49237gi
PD49237	PD49237lx
PD49237	PD49237ly
PD49237	PD49237kl
PD49237	PD49237bl
PD49237	PD49237ei
PD49237	PD49237fb
PD49237	PD49237cm
PD49237	PD49237dg
PD49237	PD49237dh
PD49237	PD49237lm
PD49237	PD49237cp
PD49237	PD49237af
PD49237	PD49237bn
PD49237	PD49237cx
PD49237	PD49237cf
PD49237	PD49237ez
PD49237	PD49237dn
PD49237	PD49237bw
PD49237	PD49237nb
PD49237	PD49237f
PD49237	PD49237dd
PD49237	PD49237em
PD49237	PD49237e
PD49237	PD49237ew
PD49237	PD49237df
PD49237	PD49237lg
PD49237	PD49237gf
PD49237	PD49237ad
PD49237	PD49237bm
PD49237	PD49237dt
PD49237	PD49237fi
PD49237	PD49237m
PD49237	PD49237ms
PD49237	PD49237dk
PD49237	PD49237kh
PD49237	PD49237cs
PD49237	PD49237mf
PD49237	PD49237ac
PD49237	PD49237k
PD49237	PD49237ch
PD49237	PD49237gc
PD49237	PD49237er
PD49237	PD49237fs
PD49237	PD49237ah
PD49237	PD49237y
PD49237	PD49237de
PD49237	PD49237ky
PD49237	PD49237fk
PD49237	PD49237cg
PD49237	PD49237fu
PD49237	PD49237fp
PD49237	PD49237ct
PD49237	PD49237cv
PD49237	PD49237dv
PD49237	PD49237j
PD49237	PD49237co
PD49237	PD49237eq
PD49237	PD49237fr
PD49237	PD49237fc
PD49237	PD49237ab
PD49237	PD49237dw
PD49237	PD49237d
PD49237	PD49237cn
PD49237	PD49237am
PD49237	PD49237lz
PD49237	PD49237eh
PD49237	PD49237ft
PD49237	PD49237aw
PD49237	PD49237bk
PD49237	PD49237mm
PD49237	PD49237dm
PD49237	PD49237ks
PD49237	PD49237et
PD49237	PD49237kn
PD49237	PD49237dz
PD49237	PD49237lq
PD49237	PD49237mg
PD49237	PD49237ge
PD49237	PD49237km
PD49237	PD49237g
PD49237	PD49237eb
PD49237	PD49237fo
PD49237	PD49237ep
PD49237	PD49237cb
PD49237	PD49237fz
PD34493	PD34493k_01
PD34493	PD34493k_07
PD34493	PD34493k_12
PD34493	PD34493k_34
PD34493	PD34493k_61
PD34493	PD34493k_64
PD34493	PD34493k_02
PD34493	PD34493k_19
PD34493	PD34493k_72
PD34493	PD34493k_77
PD34493	PD34493k_86
PD34493	PD34493k_89
PD34493	PD34493k_20
PD34493	PD34493k_05
PD34493	PD34493k_41
PD34493	PD34493k_24
PD34493	PD34493k_43
PD34493	PD34493k_33
PD34493	PD34493k_79
PD34493	PD34493k_81
PD34493	PD34493k_40
PD34493	PD34493k_28
PD34493	PD34493k_57
PD34493	PD34493k_90
PD34493	PD34493k_92
PD34493	PD34493k_51
PD34493	PD34493k_17
PD34493	PD34493k_37
PD34493	PD34493k_06
PD34493	PD34493k_74
PD34493	PD34493k_08
PD34493	PD34493k_68
PD34493	PD34493k_91
PD34493	PD34493k_67
PD34493	PD34493k_21
PD34493	PD34493k_44
PD34493	PD34493k_39
PD34493	PD34493k_96
PD34493	PD34493k_46
PD34493	PD34493k_35
PD34493	PD34493k_52
PD34493	PD34493k_73
PD34493	PD34493k_11
PD34493	PD34493k_30
PD34493	PD34493k_45
PD34493	PD34493k_53
PD34493	PD34493k_59
PD34493	PD34493k_63
PD34493	PD34493k_03
PD34493	PD34493k_88
PD34493	PD34493k_94
PD34493	PD34493k_15
PD34493	PD34493k_25
PD34493	PD34493k_56
PD34493	PD34493k_23
PD34493	PD34493k_48
PD34493	PD34493k_10
PD34493	PD34493k_87
PD34493	PD34493k_22
PD34493	PD34493k_60
PD34493	PD34493k_26
PD34493	PD34493k_95
PD34493	PD34493k_31
PD34493	PD34493k_47
PD34493	PD34493k_58
PD34493	PD34493k_32
PD34493	PD34493k_16
PD34493	PD34493k_83
PD34493	PD34493k_78
PD34493	PD34493k_04
PD34493	PD34493k_76
PD34493	PD34493k_18
PD34493	PD34493k_55
PD34493	PD34493k_50
PD34493	PD34493k_36
PD34493	PD34493k_14
PD34493	PD34493k_66
PD34493	PD34493k_09
PD34493	PD34493k_93
PD34493	PD34493k_54
PD34493	PD34493k_65
PD34493	PD34493k_38
PD34493	PD34493k_80
PD34493	PD34493k_13
PD34493	PD34493k_82
PD34493	PD34493k_62
PD34493	PD34493k_70
PD34493	PD34493k_84
PD34493	PD34493k_27
PD34493	PD34493k_29
PD34493	PD34493k_85
PD34493	PD34493k_71
PD34493	Ancestral
PD36713	Cl.10
PD36713	Cl.33
PD36713	Cl.34
PD36713	Cl.35
PD36713	Cl.37
PD36713	Cl.20_2
PD36713	Cl.20_1
PD36713	Cl.27
PD36713	Cl.1
PD36713	Cl.2
PD36713	Cl.4
PD36713	Cl.5
PD36713	Cl.6
PD36713	Cl.7
PD36713	Cl.9
PD36713	Cl.12
PD36713	Cl.13
PD36713	Cl.14
PD36713	Cl.15
PD36713	Cl.16
PD36713	Cl.17
PD36713	Cl.18
PD36713	Cl.19
PD36713	Cl.21
PD36713	Cl.22
PD36713	Cl.24
PD36713	Cl.25
PD36713	Cl.26
PD36713	Cl.28
PD36713	Cl.29
PD36713	Cl.31
PD36713	Cl.32
PD36714	Cl.17
PD36714	Cl.24
PD36714	Cl.11
PD36714	Cl.21
PD36714	Cl.1
PD36714	Cl.4
PD36714	Cl.5
PD36714	Cl.6
PD36714	Cl.7
PD36714	Cl.8
PD36714	Cl.9
PD36714	Cl.10
PD36714	Cl.12
PD36714	Cl.13
PD36714	Cl.14
PD36714	Cl.15
PD36714	Cl.16
PD36714	Cl.18
PD36714	Cl.19
PD36714	Cl.20
PD36714	Cl.22
PD36714	Cl.23
PD36714	Cl.25
PD36714	Cl.26
PD36714	Cl.27
PD36714	Cl.28
PD36714	Cl.29
PD36715	Cl.36
PD36715	Cl.37
PD36715	Cl.75
PD36715	Cl.18
PD36715	Cl.38
PD36715	Cl.11
PD36715	Cl.17
PD36715	Cl.23
PD36715	Cl.1
PD36715	Cl.2
PD36715	Cl.3
PD36715	Cl.4
PD36715	Cl.6
PD36715	Cl.7
PD36715	Cl.8
PD36715	Cl.10
PD36715	Cl.12
PD36715	Cl.15
PD36715	Cl.16
PD36715	Cl.20
PD36715	Cl.21
PD36715	Cl.22
PD36715	Cl.24
PD36715	Cl.25
PD36715	Cl.28
PD36715	Cl.29
PD36715	Cl.32
PD36715	Cl.34
PD36717	Cl.21
PD36717	Cl.30
PD36717	Cl.31
PD36717	Cl.32
PD36717	Cl.26
PD36717	Cl.1
PD36717	Cl.2
PD36717	Cl.3
PD36717	Cl.4
PD36717	Cl.6
PD36717	Cl.7
PD36717	Cl.8
PD36717	Cl.9
PD36717	Cl.10
PD36717	Cl.11
PD36717	Cl.12
PD36717	Cl.13
PD36717	Cl.14
PD36717	Cl.15
PD36717	Cl.16
PD36717	Cl.17
PD36717	Cl.18
PD36717	Cl.19
PD36717	Cl.20
PD36717	Cl.23
PD36717	Cl.25
PD36717	Cl.27
PD36717	Cl.28
PD36717	Cl.29
PD36718	Cl.1
PD36718	Cl.2
PD36718	Cl.4
PD36718	Cl.5
PD36718	Cl.6
PD36718	Cl.8
PD36718	Cl.11
PD36718	Cl.13
PD36718	Cl.14
PD36718	Cl.15
PD36718	Cl.17
PD36718	Cl.18
PD36718	Cl.19
PD36718	Cl.21
PD36718	Cl.24
PD36718	Cl.26
PD36718	Cl.27
PD36718	Cl.28
PD36718	Cl.30
PD36718	Cl.31
PD36718	Cl.23_3
PD36718	Cl.23_4
PD36718	Cl.29_5
PD36718	Cl.29_6
PD36718	Cl.3_1
PD36718	Cl.3_2
PD37105	Cl.38
PD37105	Cl.6
PD37105	Cl.25
PD37105	Cl.9
PD37105	Cl.41
PD37105	Cl.8
PD37105	Cl.14
PD37105	Cl.29
PD37105	Cl.22
PD37105	Cl.5
PD37105	Cl.17
PD37105	Cl.31
PD37105	Cl.40
PD37105	Cl.12
PD37105	Cl.1
PD37105	Cl.7
PD37105	Cl.11
PD37105	Cl.13
PD37105	Cl.18
PD37105	Cl.20
PD37105	Cl.23
PD37105	Cl.24
PD37105	Cl.30
PD37105	Cl.33
PD37105	Cl.34
PD37105	Cl.35
PD37107	Cl.8
PD37107	Cl.17
PD37107	Cl.23
PD37107	Cl.4
PD37107	Cl.2
PD37107	Cl.21
PD37107	Cl.6
PD37107	Cl.7
PD37107	Cl.9
PD37107	Cl.10
PD37107	Cl.14
PD37107	Cl.15
PD37107	Cl.18
PD37110	Cl.19
PD37110	Cl.24
PD37110	Cl.18
PD37110	Cl.22
PD37110	Cl.20
PD37110	Cl.23
PD37110	Cl.27
PD37110	Cl.6
PD37110	Cl.8
PD37110	Cl.1
PD37110	Cl.3
PD37110	Cl.5
PD37110	Cl.9
PD37110	Cl.10
PD37110	Cl.12
PD37110	Cl.13
PD37110	Cl.16
PD37110	Cl.17
PD37110	Cl.21
PD37110	Cl.26
PD37110	Cl.28
PD37111	Cl.36
PD37111	Cl.7
PD37111	Cl.37
PD37111	Cl.38
PD37111	Cl.8
PD37111	Cl.28
PD37111	Cl.23
PD37111	Cl.13
PD37111	Cl.98
PD37111	Cl.89
PD37111	Cl.33
PD37111	Cl.20
PD37111	Cl.2
PD37111	Cl.5
PD37111	Cl.6
PD37111	Cl.9
PD37111	Cl.10
PD37111	Cl.11
PD37111	Cl.18
PD37111	Cl.25
PD37111	Cl.26
PD37111	Cl.29
PD37111	Cl.34
PD37111	Cl.35
PD37111	Cl.41
PD37111	Cl.31_1
PD37111	Cl.31_2
PD37111	Cl.4
PD37111	Cl.14
PD37113	Cl.17
PD37113	Cl.18
PD37113	Cl.19
PD37113	Cl.43
PD37113	Cl.14
PD37113	Cl.35
PD37113	Cl.50
PD37113	Cl.12
PD37113	Cl.44
PD37113	Cl.10
PD37113	Cl.22
PD37113	Cl.23
PD37113	Cl.42
PD37113	Cl.48
PD37113	Cl.30
PD37113	Cl.24
PD37113	Cl.27
PD37113	Cl.46
PD37113	Cl.31
PD37113	Cl.34
PD37113	Cl.1
PD37113	Cl.11
PD37113	Cl.13
PD37113	Cl.16
PD37113	Cl.20
PD37113	Cl.32
PD37113	Cl.41
PD37113	Cl.49
PD37114	Cl.3
PD37114	Cl.25
PD37114	Cl.11
PD37114	Cl.9
PD37114	Cl.24
PD37114	Cl.37
PD37114	Cl.39
PD37114	Cl.4
PD37114	Cl.13
PD37114	Cl.19
PD37114	Cl.33
PD37114	Cl.34
PD37114	Cl.10
PD37114	Cl.27
PD37114	Cl.36
PD37114	Cl.1
PD37114	Cl.7
PD37114	Cl.8
PD37114	Cl.12
PD37114	Cl.14
PD37114	Cl.16
PD37114	Cl.18
PD37114	Cl.20
PD37114	Cl.21
PD37114	Cl.23
PD37114	Cl.26
PD37114	Cl.30
PD37114	Cl.45
PD37115	Cl.37
PD37115	Cl.4
PD37115	Cl.10
PD37115	Cl.23
PD37115	Cl.34
PD37115	Cl.26
PD37115	Cl.9
PD37115	Cl.27
PD37115	Cl.41
PD37115	Cl.12
PD37115	Cl.19
PD37115	Cl.15
PD37115	Cl.29
PD37115	Cl.36
PD37115	Cl.38
PD37115	Cl.28
PD37115	Cl.40
PD37115	Cl.25
PD37115	Cl.33
PD37116	Cl.27
PD37116	Cl.23
PD37116	Cl.29
PD37116	Cl.24
PD37116	Cl.30
PD37116	Cl.3
PD37116	Cl.5
PD37116	Cl.6
PD37116	Cl.7
PD37116	Cl.8
PD37116	Cl.10
PD37116	Cl.11
PD37116	Cl.12
PD37116	Cl.13
PD37116	Cl.15
PD37116	Cl.16
PD37116	Cl.17
PD37116	Cl.18
PD37116	Cl.20
PD37116	Cl.21
PD37116	Cl.26
PD37116	Cl.1
PD37118	Cl.9
PD37118	Cl.14
PD37118	Cl.7
PD37118	Cl.11
PD37118	Cl.32
PD37118	Cl.6
PD37118	Cl.1
PD37118	Cl.37
PD37118	Cl.30
PD37118	Cl.10
PD37118	Cl.13
PD37118	Cl.25
PD37118	Cl.27
PD37118	Cl.33
PD37118	Cl.3
PD37118	Cl.4
PD37118	Cl.15
PD37118	Cl.16
PD37118	Cl.17
PD37118	Cl.18
PD37118	Cl.19
PD37118	Cl.26
PD37118	Cl.31
PD37118	Cl.35
PD37230	Cl.14
PD37230	Cl.21
PD37230	Cl.1
PD37230	Cl.2
PD37230	Cl.4
PD37230	Cl.5
PD37230	Cl.6
PD37230	Cl.7
PD37230	Cl.8
PD37230	Cl.9
PD37230	Cl.10
PD37230	Cl.11
PD37230	Cl.12
PD37230	Cl.13
PD37230	Cl.15
PD37230	Cl.16
PD37230	Cl.18
PD37230	Cl.19
PD37230	Cl.20
PD37230	Cl.22
PD37230	Cl.23
PD37230	Cl.25
PD37230	Cl.26
PD37230	Cl.27
PD37231	Cl.23
PD37231	Cl.32
PD37231	Cl.11
PD37231	Cl.14
PD37231	Cl.34
PD37231	Cl.20
PD37231	Cl.33
PD37231	Cl.18
PD37231	Cl.22
PD37231	Cl.4
PD37231	Cl.7
PD37231	Cl.8
PD37231	Cl.9
PD37231	Cl.10
PD37231	Cl.12
PD37231	Cl.13
PD37231	Cl.15
PD37231	Cl.17
PD37231	Cl.19
PD37231	Cl.25
PD37232	Cl.30
PD37232	Cl.2
PD37232	Cl.6
PD37232	Cl.3
PD37232	Cl.4
PD37232	Cl.5
PD37232	Cl.8
PD37232	Cl.10
PD37232	Cl.12
PD37232	Cl.13
PD37232	Cl.14
PD37232	Cl.15
PD37232	Cl.19
PD37232	Cl.20
PD37232	Cl.21
PD37232	Cl.22
PD37232	Cl.24
PD37232	Cl.26
PD37232	Cl.27
PD37232	Cl.28
PD37232	Cl.29
PD37232	Cl.32
PD37232	Cl.33
PD37232	Cl.34
PD37232	Cl.31_1
PD37232	Cl.31_2
PD37234	Cl.33
PD37234	Cl.31_2
PD37234	Cl.38
PD37234	Cl.14
PD37234	Cl.31_1
PD37234	Cl.4
PD37234	Cl.37
PD37234	Cl.1
PD37234	Cl.36
PD37234	Cl.5
PD37234	Cl.6
PD37234	Cl.8
PD37234	Cl.9
PD37234	Cl.10
PD37234	Cl.13
PD37234	Cl.15
PD37234	Cl.16
PD37234	Cl.18
PD37234	Cl.19
PD37234	Cl.22
PD37234	Cl.23
PD37234	Cl.25
PD37234	Cl.27
PD37234	Cl.28
PD37234	Cl.29
PD37234	Cl.30
PD37234	Cl.32
PD37234	Cl.35
PD37234	Cl.39
PD37234	Cl.40
PD37237	Cl.2
PD37237	Cl.31
PD37237	Cl.5
PD37237	Cl.15
PD37237	Cl.19
PD37237	Cl.32
PD37237	Cl.7
PD37237	Cl.34
PD37237	Cl.1
PD37237	Cl.6
PD37237	Cl.8
PD37237	Cl.12
PD37237	Cl.14
PD37237	Cl.16
PD37237	Cl.17
PD37237	Cl.18
PD37237	Cl.20
PD37237	Cl.21
PD37237	Cl.22
PD37237	Cl.24
PD37237	Cl.26
PD37237	Cl.27
PD37237	Cl.28
PD37237	Cl.29
PD37237	Cl.30
PD37237	Cl.33
PD37237	Cl.37
PD37237	Cl.10_1
PD37237	Cl.10_2
PD37238	Cl.38
PD37238	Cl.37_1
PD37238	Cl.12
PD37238	Cl.13
PD37238	Cl.30
PD37238	Cl.14
PD37238	Cl.17
PD37238	Cl.34
PD37238	Cl.20
PD37238	Cl.31
PD37238	Cl.37_2
PD37238	Cl.15
PD37238	Cl.24
PD37238	Cl.4
PD37238	Cl.5
PD37238	Cl.7
PD37238	Cl.8
PD37238	Cl.9
PD37238	Cl.10
PD37238	Cl.16
PD37238	Cl.18
PD37238	Cl.22
PD37238	Cl.29
PD37238	Cl.32
PD37238	Cl.33
PD37238	Cl.39
PD37239	Cl.14
PD37239	Cl.6
PD37239	Cl.11
PD37239	Cl.9
PD37239	Cl.27
PD37239	Cl.21
PD37239	Cl.17
PD37239	Cl.2
PD37239	Cl.24
PD37239	Cl.1
PD37239	Cl.5
PD37239	Cl.7
PD37239	Cl.15
PD37239	Cl.18
PD37239	Cl.19
PD37239	Cl.23
PD37239	Cl.25
PD37239	Cl.29
PD37239	Cl.49
PD37239	Cl.11_1
PD37240	Cl.25
PD37240	Cl.22_2
PD37240	Cl.10
PD37240	Cl.36
PD37240	Cl.21
PD37240	Cl.2
PD37240	Cl.35
PD37240	Cl.22_1
PD37240	Cl.23
PD37240	Cl.86
PD37240	Cl.38
PD37240	Cl.11
PD37240	Cl.7
PD37240	Cl.13
PD37240	Cl.4
PD37240	Cl.5
PD37240	Cl.6
PD37240	Cl.8
PD37240	Cl.9
PD37240	Cl.14
PD37240	Cl.15
PD37240	Cl.16
PD37240	Cl.17
PD37240	Cl.20
PD37240	Cl.24
PD37240	Cl.26
PD37243	Cl.34
PD37243	Cl.41
PD37243	Cl.16
PD37243	Cl.28
PD37243	Cl.45
PD37243	Cl.35
PD37243	Cl.36
PD37243	Cl.11
PD37243	Cl.43
PD37243	Cl.4
PD37243	Cl.31
PD37243	Cl.27
PD37243	Cl.46
PD37243	Cl.32
PD37243	Cl.42
PD37243	Cl.2
PD37243	Cl.50
PD37243	Cl.23
PD37243	Cl.29
PD37243	Cl.33
PD37243	Cl.51
PD37243	Cl.5
PD37243	Cl.6
PD37243	Cl.9
PD37243	Cl.14
PD37243	Cl.15
PD37243	Cl.20
PD37243	Cl.22
PD37243	Cl.24
PD37243	Cl.25
PD37243	Cl.26
PD37243	Cl.39
PD37245	Cl.21
PD37245	Cl.2
PD37245	Cl.16
PD37245	Cl.25
PD37245	Cl.3
PD37245	Cl.8
PD37245	Cl.22
PD37245	Cl.23
PD37245	Cl.9
PD37245	Cl.15
PD37245	Cl.19
PD37245	Cl.7
PD37245	Cl.10
PD37245	Cl.12
PD37245	Cl.13
PD37245	Cl.14
PD37245	Cl.17
PD37245	Cl.20
PD37245	Cl.24
PD37904	Cl.24
PD37904	Cl.47
PD37904	Cl.13_1
PD37904	Cl.1
PD37904	Cl.33
PD37904	Cl.13
PD37904	Cl.3
PD37904	Cl.8
PD37904	Cl.25
PD37904	Cl.40
PD37904	Cl.42
PD37904	Cl.27
PD37904	Cl.35
PD37904	Cl.46
PD37904	Cl.2
PD37904	Cl.9
PD37904	Cl.11
PD37904	Cl.12
PD37904	Cl.14
PD37904	Cl.15
PD37904	Cl.16
PD37904	Cl.17
PD37904	Cl.18
PD37904	Cl.19
PD37904	Cl.20
PD37904	Cl.22
PD37904	Cl.29
PD37904	Cl.32
PD37904	Cl.36
PD37904	Cl.37
PD37904	Cl.43
PD37904	Cl.49
PD37907	Cl.28
PD37907	Cl.30
PD37907	Cl.31
PD37907	Cl.32
PD37907	Cl.33
PD37907	Cl.34
PD37907	Cl.36
PD37907	Cl.37
PD37907	Cl.22_1
PD37907	Cl.22_2
PD37907	Cl.2
PD37907	Cl.3
PD37907	Cl.1
PD37907	Cl.4
PD37907	Cl.5
PD37907	Cl.6
PD37907	Cl.7
PD37907	Cl.8
PD37907	Cl.9
PD37907	Cl.10
PD37907	Cl.11
PD37907	Cl.12
PD37907	Cl.13
PD37907	Cl.14
PD37907	Cl.15
PD37907	Cl.16
PD37907	Cl.17
PD37907	Cl.20
PD37907	Cl.21
PD37907	Cl.23
PD37907	Cl.24
PD37907	Cl.25
PD37907	Cl.26
PD37907	Cl.27
PD37907	Cl.29
PD37909	Cl.25
PD37909	Cl.35
PD37909	Cl.39
PD37909	Cl.41
PD37909	Cl.13
PD37909	Cl.31
PD37909	Cl.36
PD37909	Cl.19
PD37909	Cl.34
PD37909	Cl.1
PD37909	Cl.2
PD37909	Cl.3
PD37909	Cl.4
PD37909	Cl.5
PD37909	Cl.8
PD37909	Cl.9
PD37909	Cl.10
PD37909	Cl.11
PD37909	Cl.12
PD37909	Cl.14
PD37909	Cl.16
PD37909	Cl.17
PD37909	Cl.20
PD37909	Cl.21
PD37909	Cl.22
PD37909	Cl.23
PD37909	Cl.24
PD37909	Cl.26
PD37909	Cl.29
PD37909	Cl.30
PD37909	Cl.33
PD37910	Cl.30
PD37910	Cl.34
PD37910	Cl.25
PD37910	Cl.16
PD37910	Cl.3
PD37910	Cl.11
PD37910	Cl.15
PD37910	Cl.28
PD37910	Cl.5
PD37910	Cl.19
PD37910	Cl.23
PD37910	Cl.8
PD37910	Cl.14
PD37910	Cl.21
PD37910	Cl.24
PD37910	Cl.7
PD37910	Cl.9
PD37910	Cl.13
PD37910	Cl.18
PD37910	Cl.20
PD37910	Cl.22
PD37910	Cl.26
PD37910	Cl.27
PD37910	Cl.29
PD37910	Cl.35
PD37910	Cl.37
PD37914	Cl.8
PD37914	Cl.19
PD37914	Cl.4
PD37914	Cl.26
PD37914	Cl.1
PD37914	Cl.2
PD37914	Cl.3
PD37914	Cl.5
PD37914	Cl.7
PD37914	Cl.9
PD37914	Cl.10
PD37914	Cl.11
PD37914	Cl.12
PD37914	Cl.14
PD37914	Cl.15
PD37914	Cl.16
PD37914	Cl.17
PD37914	Cl.21
PD37914	Cl.22
PD37914	Cl.23
PD37914	Cl.24
PD37914	Cl.27
PD37914	Cl.28
PD37914	Cl.31
PD37914	Cl.33
PD37915	Cl.10
PD37915	Cl.11
PD37915	Cl.23
PD37915	Cl.32
PD37915	Cl.1
PD37915	Cl.20
PD37915	Cl.6
PD37915	Cl.27
PD37915	Cl.2
PD37915	Cl.31
PD37915	Cl.9
PD37915	Cl.22
PD37915	Cl.19
PD37915	Cl.4
PD37915	Cl.5
PD37915	Cl.7
PD37915	Cl.8
PD37915	Cl.12
PD37915	Cl.13
PD37915	Cl.15
PD37915	Cl.16
PD37915	Cl.17
PD37915	Cl.18
PD37915	Cl.24
PD37917	Cl.5
PD37917	Cl.2
PD37917	Cl.4
PD37917	Cl.13
PD37917	Cl.25
PD37917	Cl.1
PD37917	Cl.7
PD37917	Cl.8
PD37917	Cl.9
PD37917	Cl.10
PD37917	Cl.11
PD37917	Cl.14
PD37917	Cl.15
PD37917	Cl.18
PD37917	Cl.21
PD37917	Cl.22
PD37917	Cl.23
PD37917	Cl.24
PD37917	Cl.26
PD37917	Cl.27
PD37917	Cl.28
PD37918	Cl.6
PD37918	Cl.21
PD37918	Cl.36
PD37918	Cl.38
PD37918	Cl.40
PD37918	Cl.41
PD37918	Cl.16
PD37918	Cl.33
PD37918	Cl.14
PD37918	Cl.27
PD37918	Cl.1
PD37918	Cl.2
PD37918	Cl.4
PD37918	Cl.5
PD37918	Cl.8
PD37918	Cl.9
PD37918	Cl.10
PD37918	Cl.11
PD37918	Cl.12
PD37918	Cl.13
PD37918	Cl.15
PD37918	Cl.17
PD37918	Cl.18
PD37918	Cl.19
PD37918	Cl.22
PD37918	Cl.23
PD37918	Cl.24
PD37918	Cl.25
PD37918	Cl.26
PD37918	Cl.28
PD37918	Cl.30
PD37918	Cl.31
PD37918	Cl.34
PD41276	PD41276k_05
PD41276	PD41276k_36
PD41276	PD41276k_40
PD41276	PD41276k_94
PD41276	PD41276k_84
PD41276	PD41276k_24
PD41276	PD41276k_79
PD41276	PD41276k_95
PD41276	PD41276k_03
PD41276	PD41276k_13
PD41276	PD41276k_70
PD41276	PD41276k_54
PD41276	PD41276k_19
PD41276	PD41276k_53
PD41276	PD41276k_28
PD41276	PD41276k_66
PD41276	PD41276k_51
PD41276	PD41276k_72
PD41276	PD41276k_01
PD41276	PD41276k_17
PD41276	PD41276k_48
PD41276	PD41276k_69
PD41276	PD41276k_37
PD41276	PD41276k_78
PD41276	PD41276k_49
PD41276	PD41276k_86
PD41276	PD41276k_25
PD41276	PD41276k_58
PD41276	PD41276k_08
PD41276	PD41276k_62
PD41276	PD41276k_73
PD41276	PD41276k_12
PD41276	PD41276k_96
PD41276	PD41276k_47
PD41276	PD41276k_91
PD41276	PD41276k_74
PD41276	PD41276k_10
PD41276	PD41276k_43
PD41276	PD41276k_61
PD41276	PD41276k_52
PD41276	PD41276k_77
PD41276	PD41276k_45
PD41276	PD41276k_85
PD41276	PD41276k_39
PD41276	PD41276k_75
PD41276	PD41276k_06
PD41276	PD41276k_93
PD41276	PD41276k_42
PD41276	PD41276k_64
PD41276	PD41276k_07
PD41276	PD41276k_88
PD41276	PD41276k_71
PD41276	PD41276k_29
PD41276	PD41276k_76
PD41276	PD41276k_31
PD41276	PD41276k_60
PD41276	PD41276k_87
PD41276	PD41276k_20
PD41276	PD41276k_59
PD41276	PD41276k_55
PD41276	PD41276k_83
PD41276	PD41276k_23
PD41276	PD41276k_33
PD41276	PD41276k_65
PD41276	PD41276k_35
PD41276	PD41276k_14
PD41276	PD41276k_32
PD41276	PD41276k_56
PD41276	PD41276k_18
PD41276	PD41276k_27
PD41276	PD41276k_57
PD41276	PD41276k_09
PD41276	PD41276k_41
PD41276	PD41276k_02
PD41276	PD41276k_46
PD41276	PD41276k_38
PD41276	PD41276k_63
PD41276	PD41276k_80
PD41276	PD41276k_67
PD41276	PD41276k_90
PD41276	PD41276k_22
PD41276	PD41276k_30
PD41276	PD41276k_34
PD41276	PD41276k_50
PD41276	Ancestral
PD41305	PD41305k_115
PD41305	PD41305k_119
PD41305	PD41305k_97
PD41305	PD41305k_178
PD41305	PD41305k_162
PD41305	PD41305k_125
PD41305	PD41305k_102
PD41305	PD41305k_104
PD41305	PD41305k_146
PD41305	PD41305k_185
PD41305	PD41305k_110
PD41305	PD41305k_128
PD41305	PD41305k_156
PD41305	PD41305k_108
PD41305	PD41305k_100
PD41305	PD41305k_174
PD41305	PD41305k_145
PD41305	PD41305k_176
PD41305	PD41305k_124
PD41305	PD41305k_116
PD41305	PD41305k_159
PD41305	PD41305k_177
PD41305	PD41305k_170
PD41305	PD41305k_111
PD41305	PD41305k_140
PD41305	PD41305k_138
PD41305	PD41305k_151
PD41305	PD41305k_184
PD41305	PD41305k_139
PD41305	PD41305k_175
PD41305	PD41305k_142
PD41305	PD41305k_122
PD41305	PD41305k_168
PD41305	PD41305k_106
PD41305	PD41305k_109
PD41305	PD41305k_164
PD41305	PD41305k_114
PD41305	PD41305k_187
PD41305	PD41305k_192
PD41305	PD41305k_152
PD41305	PD41305k_98
PD41305	PD41305k_117
PD41305	PD41305k_99
PD41305	PD41305k_181
PD41305	PD41305k_127
PD41305	PD41305k_105
PD41305	PD41305k_129
PD41305	PD41305k_179
PD41305	PD41305k_167
PD41305	PD41305k_150
PD41305	PD41305k_188
PD41305	PD41305k_130
PD41305	PD41305k_191
PD41305	PD41305k_113
PD41305	PD41305k_147
PD41305	PD41305k_166
PD41305	PD41305k_141
PD41305	PD41305k_172
PD41305	PD41305k_131
PD41305	PD41305k_133
PD41305	PD41305k_173
PD41305	PD41305k_160
PD41305	PD41305k_121
PD41305	PD41305k_123
PD41305	PD41305k_171
PD41305	PD41305k_134
PD41305	PD41305k_136
PD41305	PD41305k_148
PD41305	PD41305k_118
PD41305	PD41305k_101
PD41305	PD41305k_103
PD41305	PD41305k_180
PD41305	PD41305k_112
PD41305	PD41305k_144
PD41305	PD41305k_163
PD41305	PD41305k_153
PD41305	PD41305k_155
PD41305	PD41305k_186
PD41305	PD41305k_154
PD41305	PD41305k_182
PD41305	PD41305k_107
PD41305	PD41305k_158
PD41305	PD41305k_189
PD41305	PD41305k_183
PD41305	PD41305k_149
PD41305	PD41305k_190
PD41305	PD41305k_165
PD41305	PD41305k_157
PD41305	PD41305k_126
PD41305	PD41305k_132
PD41305	PD41305k_169
PD41305	Ancestral
PD4781	PD4781d_lo0019
PD4781	PD4781d_lo0001
PD4781	PD4781c_lo0022
PD4781	PD4781c_lo0027
PD4781	PD4781d_lo0009
PD4781	PD4781c_lo0034
PD4781	PD4781c_lo0025
PD4781	PD4781c_lo0043
PD4781	PD4781c_lo0002
PD4781	PD4781c_lo0011
PD4781	PD4781c_lo0039
PD4781	PD4781c_lo0036
PD4781	PD4781d_lo0014
PD4781	PD4781c_lo0018
PD4781	PD4781c_lo0017
PD4781	PD4781d_lo0007
PD4781	PD4781c_lo0023
PD4781	PD4781d_lo0020
PD4781	PD4781c_lo0031
PD4781	PD4781c_lo0009
PD4781	PD4781c_lo0007
PD4781	PD4781c_lo0033
PD4781	PD4781c_lo0015
PD4781	PD4781c_lo0019
PD4781	PD4781c_lo0041
PD4781	PD4781d_lo0010
PD4781	PD4781d_lo0021
PD4781	PD4781c_lo0028
PD4781	PD4781d_lo0029
PD4781	PD4781c_lo0006
PD4781	PD4781c_lo0001
PD4781	PD4781c_lo0010
PD4781	PD4781c_lo0042
PD4781	PD4781c_lo0005
PD4781	PD4781d_lo0015
PD4781	PD4781d_lo0022
PD4781	PD4781c_lo0014
PD4781	PD4781c_lo0029
PD4781	PD4781d_lo0031
PD4781	PD4781d_lo0003
PD4781	PD4781d_lo0002
PD4781	PD4781c_lo0024
PD4781	PD4781c_lo0035
PD4781	PD4781c_lo0021
PD4781	PD4781d_lo0011
PD4781	PD4781d_lo0006
PD4781	PD4781d_lo0028
PD4781	PD4781c_lo0013
PD4781	Ancestral
PD48367	Cl.1
PD48367	Cl.19
PD48367	Cl.45
PD48367	Cl.32
PD48367	Cl.11
PD48367	Cl.16
PD48367	Cl.12
PD48367	Cl.18
PD48367	Cl.26
PD48367	Cl.2
PD48367	Cl.41
PD48367	Cl.42
PD48367	Cl.20
PD48367	Cl.21
PD48367	Cl.28
PD48367	Cl.5
PD48367	Cl.33
PD48367	Cl.43
PD48367	Cl.9
PD48367	Cl.15
PD48367	Cl.24
PD48367	Cl.30
PD48367	Cl.37
PD48367	Cl.8
PD48372	Cl.9
PD48372	Cl.23
PD48372	Cl.28
PD48372	Cl.11
PD48372	Cl.21
PD48372	Cl.12
PD48372	Cl.31
PD48372	Cl.13
PD48372	Cl.7
PD48372	Cl.32
PD48372	Cl.1
PD48372	Cl.8
PD48372	Cl.16
PD48372	Cl.19
PD5117	PD5117cm
PD5117	PD5117bj
PD5117	PD5117aj
PD5117	PD5117cw
PD5117	PD5117aw
PD5117	PD5117cv
PD5117	PD5117bv
PD5117	PD5117at
PD5117	PD5117bx
PD5117	PD5117ca
PD5117	PD5117cx
PD5117	PD5117aa
PD5117	PD5117cd
PD5117	PD5117au
PD5117	PD5117ci
PD5117	PD5117bp
PD5117	PD5117ct
PD5117	PD5117bm
PD5117	PD5117de
PD5117	PD5117cq
PD5117	PD5117ba
PD5117	PD5117bt
PD5117	PD5117w
PD5117	PD5117bs
PD5117	PD5117bi
PD5117	PD5117cb
PD5117	PD5117z
PD5117	PD5117t
PD5117	PD5117as
PD5117	PD5117cp
PD5117	PD5117ai
PD5117	PD5117x
PD5117	PD5117bd
PD5117	PD5117af
PD5117	PD5117cl
PD5117	PD5117al
PD5117	PD5117y
PD5117	PD5117bg
PD5117	PD5117ce
PD5117	PD5117bl
PD5117	PD5117db
PD5117	PD5117br
PD5117	PD5117ag
PD5117	PD5117ao
PD5117	PD5117ac
PD5117	PD5117aq
PD5117	PD5117ax
PD5117	PD5117ab
PD5117	PD5117bf
PD5117	PD5117n
PD5117	PD5117ak
PD5117	PD5117cc
PD5117	PD5117an
PD5117	PD5117cs
PD5117	PD5117ap
PD5117	PD5117s
PD5117	PD5117v
PD5117	PD5117cz
PD5117	PD5117bw
PD5117	PD5117ah
PD5117	Ancestral
PD5147	PD5147c_lo079
PD5147	PD5147c_lo047
PD5147	PD5147c_lo057
PD5147	PD5147c_lo085
PD5147	PD5147c_lo069
PD5147	PD5147c_lo048
PD5147	PD5147c_lo028
PD5147	PD5147c_lo090
PD5147	PD5147c_lo045
PD5147	PD5147c_lo081
PD5147	PD5147c_lo013
PD5147	PD5147c_lo049
PD5147	PD5147c_lo043
PD5147	PD5147c_lo070
PD5147	PD5147c_lo060
PD5147	PD5147c_lo088
PD5147	PD5147c_lo091
PD5147	PD5147c_lo053
PD5147	PD5147c_lo050
PD5147	PD5147c_lo041
PD5147	PD5147c_lo062
PD5147	PD5147c_lo055
PD5147	PD5147c_lo003
PD5147	PD5147c_lo080
PD5147	PD5147c_lo032
PD5147	PD5147c_lo054
PD5147	PD5147c_lo052
PD5147	PD5147c_lo089
PD5147	PD5147c_lo061
PD5147	PD5147c_lo011
PD5147	PD5147c_lo067
PD5147	PD5147c_lo010
PD5147	PD5147c_lo078
PD5147	PD5147c_lo009
PD5147	PD5147c_lo076
PD5147	PD5147c_lo094
PD5147	PD5147c_lo063
PD5147	PD5147c_lo075
PD5147	PD5147c_lo082
PD5147	PD5147c_lo071
PD5147	PD5147c_lo092
PD5147	PD5147c_lo066
PD5147	PD5147c_lo084
PD5147	PD5147c_lo087
PD5147	PD5147c_lo017
PD5147	PD5147c_lo064
PD5147	PD5147c_lo065
PD5147	PD5147c_lo077
PD5147	PD5147c_lo074
PD5147	PD5147c_lo068
PD5147	PD5147c_lo086
PD5147	PD5147c_lo083
PD5147	PD5147c_lo056
PD5147	PD5147c_lo006
PD5147	PD5147c_lo059
PD5147	PD5147c_lo051
PD5147	PD5147c_lo018
PD5147	PD5147c_lo042
PD5147	PD5147c_lo012
PD5147	PD5147c_lo093
PD5147	PD5147c_lo004
PD5147	PD5147c_lo058
PD5147	PD5147c_lo072
PD5147	PD5147c_lo073
PD5147	PD5147c_lo044
PD5147	PD5147c_lo024
PD5147	Ancestral
PD5163	PD5163d_lo0074
PD5163	PD5163d_lo0094
PD5163	PD5163d_lo0031
PD5163	PD5163d_lo0082
PD5163	PD5163d_lo0006
PD5163	PD5163d_lo0085
PD5163	PD5163d_lo0089
PD5163	PD5163d_lo0079
PD5163	PD5163d_lo0020
PD5163	PD5163d_lo0084
PD5163	PD5163d_lo0056
PD5163	PD5163d_lo0064
PD5163	PD5163d_lo0059
PD5163	PD5163d_lo0058
PD5163	PD5163d_lo0044
PD5163	PD5163d_lo0029
PD5163	PD5163d_lo0042
PD5163	PD5163d_lo0001
PD5163	PD5163d_lo0034
PD5163	PD5163d_lo0017
PD5163	PD5163d_lo0043
PD5163	PD5163d_lo0057
PD5163	PD5163d_lo0046
PD5163	PD5163d_lo0081
PD5163	PD5163d_lo0040
PD5163	PD5163d_lo0037
PD5163	PD5163d_lo0007
PD5163	PD5163d_lo0033
PD5163	PD5163d_lo0011
PD5163	PD5163d_lo0045
PD5163	PD5163d_lo0051
PD5163	PD5163d_lo0077
PD5163	PD5163d_lo0008
PD5163	PD5163d_lo0080
PD5163	PD5163d_lo0067
PD5163	PD5163d_lo0065
PD5163	PD5163d_lo0088
PD5163	PD5163d_lo0036
PD5163	PD5163d_lo0023
PD5163	PD5163d_lo0041
PD5163	PD5163d_lo0063
PD5163	PD5163d_lo0003
PD5163	PD5163d_lo0014
PD5163	PD5163d_lo0039
PD5163	PD5163d_lo0019
PD5163	PD5163d_lo0004
PD5163	PD5163d_lo0010
PD5163	PD5163d_lo0024
PD5163	PD5163d_lo0091
PD5163	PD5163d_lo0027
PD5163	PD5163d_lo0070
PD5163	PD5163d_lo0005
PD5163	PD5163d_lo0012
PD5163	PD5163d_lo0086
PD5163	PD5163d_lo0013
PD5163	PD5163d_lo0022
PD5163	PD5163d_lo0076
PD5163	PD5163d_lo0002
PD5163	PD5163d_lo0015
PD5163	PD5163d_lo0018
PD5163	PD5163d_lo0072
PD5163	PD5163d_lo0073
PD5163	PD5163d_lo0092
PD5163	PD5163d_lo0026
PD5163	PD5163d_lo0066
PD5163	PD5163d_lo0016
PD5163	PD5163d_lo0025
PD5163	PD5163d_lo0038
PD5163	PD5163d_lo0055
PD5163	PD5163d_lo0035
PD5163	Ancestral
PD5179	PD5179cj
PD5179	PD5179s
PD5179	PD5179bw
PD5179	PD5179o
PD5179	PD5179ae
PD5179	PD5179ar
PD5179	PD5179bv
PD5179	PD5179br
PD5179	PD5179ct
PD5179	PD5179co
PD5179	PD5179cs
PD5179	PD5179an
PD5179	PD5179cm
PD5179	PD5179u
PD5179	PD5179ch
PD5179	PD5179cf
PD5179	PD5179bu
PD5179	PD5179cq
PD5179	PD5179q
PD5179	PD5179bf
PD5179	PD5179ce
PD5179	PD5179x
PD5179	PD5179ay
PD5179	PD5179ag
PD5179	PD5179cl
PD5179	PD5179av
PD5179	PD5179dc
PD5179	PD5179r
PD5179	PD5179ad
PD5179	PD5179ck
PD5179	PD5179bl
PD5179	PD5179ap
PD5179	PD5179cb
PD5179	PD5179m
PD5179	PD5179cy
PD5179	PD5179t
PD5179	PD5179bi
PD5179	PD5179cn
PD5179	PD5179at
PD5179	PD5179bc
PD5179	PD5179cu
PD5179	PD5179cv
PD5179	PD5179aq
PD5179	PD5179al
PD5179	PD5179af
PD5179	PD5179ac
PD5179	PD5179w
PD5179	PD5179cg
PD5179	PD5179cz
PD5179	PD5179bm
PD5179	PD5179bz
PD5179	PD5179bt
PD5179	PD5179bq
PD5179	PD5179bb
PD5179	PD5179au
PD5179	PD5179y
PD5179	PD5179ao
PD5179	PD5179cr
PD5179	PD5179ci
PD5179	PD5179aj
PD5179	PD5179ba
PD5179	PD5179z
PD5179	PD5179aa
PD5179	PD5179cx
PD5179	PD5179bk
PD5179	PD5179am
PD5179	PD5179ah
PD5179	PD5179dd
PD5179	PD5179cw
PD5179	PD5179ca
PD5179	PD5179cc
PD5179	PD5179da
PD5179	PD5179ak
PD5179	PD5179n
PD5179	PD5179ai
PD5179	PD5179ab
PD5179	PD5179bp
PD5179	PD5179by
PD5179	PD5179v
PD5179	PD5179bo
PD5179	PD5179bs
PD5179	PD5179as
PD5179	PD5179p
PD5179	PD5179bd
PD5179	PD5179aw
PD5179	PD5179bj
PD5179	PD5179be
PD5179	Ancestral
PD5182	PD5182z
PD5182	PD5182dl_lo0040
PD5182	PD5182p
PD5182	PD5182dl_lo0071
PD5182	PD5182u
PD5182	PD5182db_lo0029
PD5182	PD5182dl_lo0033
PD5182	PD5182db_lo0012
PD5182	PD5182dl_lo0095
PD5182	PD5182af
PD5182	PD5182db_lo0026
PD5182	PD5182dl_lo0013
PD5182	PD5182dl_lo0072
PD5182	PD5182t
PD5182	PD5182ar
PD5182	PD5182db_lo0004
PD5182	PD5182dl_lo0034
PD5182	PD5182j
PD5182	PD5182dl_lo0012
PD5182	PD5182dl_lo0056
PD5182	PD5182dl_lo0024
PD5182	PD5182k
PD5182	PD5182dl_lo0053
PD5182	PD5182am
PD5182	PD5182dl_lo0094
PD5182	PD5182ao
PD5182	PD5182dl_lo0011
PD5182	PD5182dl_lo0065
PD5182	PD5182ac
PD5182	PD5182as
PD5182	PD5182ai
PD5182	PD5182ag
PD5182	PD5182w
PD5182	PD5182al
PD5182	PD5182db_lo0022
PD5182	PD5182db_lo0011
PD5182	PD5182dl_lo0038
PD5182	PD5182ak
PD5182	PD5182dl_lo0069
PD5182	PD5182dl_lo0044
PD5182	PD5182dl_lo0082
PD5182	PD5182dl_lo0048
PD5182	PD5182dl_lo0042
PD5182	PD5182v
PD5182	PD5182dl_lo0079
PD5182	PD5182dl_lo0062
PD5182	PD5182dl_lo0022
PD5182	PD5182dl_lo0008
PD5182	PD5182an
PD5182	PD5182dl_lo0002
PD5182	PD5182dl_lo0027
PD5182	PD5182dl_lo0067
PD5182	PD5182dl_lo0064
PD5182	PD5182db_lo0032
PD5182	PD5182dl_lo0063
PD5182	PD5182dl_lo0078
PD5182	PD5182db_lo0001
PD5182	PD5182dl_lo0047
PD5182	PD5182db_lo0006
PD5182	PD5182db_lo0030
PD5182	PD5182aq
PD5182	PD5182aj
PD5182	PD5182dl_lo0096
PD5182	PD5182db_lo0024
PD5182	PD5182dl_lo0054
PD5182	PD5182db_lo0031
PD5182	PD5182ad
PD5182	PD5182dl_lo0080
PD5182	PD5182dl_lo0084
PD5182	PD5182db_lo0003
PD5182	PD5182dl_lo0029
PD5182	PD5182dl_lo0004
PD5182	PD5182r
PD5182	PD5182dl_lo0016
PD5182	PD5182db_lo0014
PD5182	PD5182l
PD5182	PD5182dl_lo0061
PD5182	PD5182dl_lo0021
PD5182	PD5182dl_lo0057
PD5182	PD5182dl_lo0085
PD5182	PD5182dl_lo0092
PD5182	PD5182db_lo0019
PD5182	PD5182db_lo0005
PD5182	PD5182db_lo0025
PD5182	PD5182db_lo0008
PD5182	PD5182db_lo0021
PD5182	PD5182dl_lo0005
PD5182	PD5182db_lo0020
PD5182	PD5182db_lo0028
PD5182	PD5182db_lo0016
PD5182	PD5182db_lo0018
PD5182	PD5182db_lo0027
PD5182	PD5182db_lo0007
PD5182	PD5182dl_lo0041
PD5182	PD5182dl_lo0023
PD5182	PD5182dl_lo0081
PD5182	PD5182dl_lo0007
PD5182	PD5182dl_lo0076
PD5182	PD5182dl_lo0035
PD5182	PD5182n
PD5182	PD5182s
PD5182	PD5182dl_lo0014
PD5182	PD5182dl_lo0068
PD5182	PD5182dl_lo0055
PD5182	PD5182dl_lo0086
PD5182	PD5182dl_lo0051
PD5182	PD5182dl_lo0039
PD5182	PD5182x
PD5182	PD5182dl_lo0075
PD5182	PD5182dl_lo0006
PD5182	PD5182dl_lo0046
PD5182	PD5182dl_lo0049
PD5182	PD5182dl_lo0090
PD5182	PD5182dl_lo0015
PD5182	PD5182dl_lo0045
PD5182	PD5182dl_lo0017
PD5182	PD5182dl_lo0010
PD5182	PD5182dl_lo0036
PD5182	PD5182db_lo0002
PD5182	PD5182dl_lo0089
PD5182	PD5182dl_lo0091
PD5182	PD5182m
PD5182	PD5182db_lo0013
PD5182	PD5182db_lo0017
PD5182	PD5182db_lo0009
PD5182	PD5182dl_lo0077
PD5182	PD5182dl_lo0070
PD5182	PD5182dl_lo0050
PD5182	PD5182dl_lo0020
PD5182	PD5182dl_lo0060
PD5182	PD5182db_lo0015
PD5182	PD5182dl_lo0074
PD5182	PD5182q
PD5182	PD5182dl_lo0009
PD5182	PD5182dl_lo0088
PD5182	PD5182db_lo0023
PD5182	PD5182dl_lo0001
PD5182	PD5182dl_lo0025
PD5182	PD5182ah
PD5182	PD5182ap
PD5182	PD5182dl_lo0032
PD5182	PD5182y
PD5182	PD5182db_lo0010
PD5182	PD5182dl_lo0037
PD5182	PD5182o
PD5182	PD5182dl_lo0083
PD5182	PD5182dl_lo0093
PD5182	PD5182dl_lo0019
PD5182	PD5182dl_lo0059
PD5182	PD5182dl_lo0018
PD5182	PD5182dl_lo0031
PD5182	PD5182dl_lo0058
PD5182	PD5182dl_lo0030
PD5182	PD5182dl_lo0087
PD5182	PD5182aa
PD5182	PD5182dl_lo0052
PD5182	PD5182dl_lo0073
PD5182	PD5182dl_lo0028
PD5182	PD5182ab
PD5182	Ancestral
PD5847	PD5847h_lo0156
PD5847	PD5847h_lo0107
PD5847	PD5847h_lo0124
PD5847	PD5847h_lo0180
PD5847	PD5847h_lo0176
PD5847	PD5847h_lo0113
PD5847	PD5847h_lo0186
PD5847	PD5847h_lo0187
PD5847	PD5847h_lo0152
PD5847	PD5847h_lo0025
PD5847	PD5847h_lo0105
PD5847	PD5847h_lo0185
PD5847	PD5847h_lo0032
PD5847	PD5847h_lo0144
PD5847	PD5847h_lo0158
PD5847	PD5847h_lo0178
PD5847	PD5847h_lo0181
PD5847	PD5847h_lo0109
PD5847	PD5847h_lo0126
PD5847	PD5847h_lo0116
PD5847	PD5847h_lo0189
PD5847	PD5847h_lo0192
PD5847	PD5847h_lo0029
PD5847	PD5847h_lo0135
PD5847	PD5847h_lo0133
PD5847	PD5847h_lo0129
PD5847	PD5847h_lo0151
PD5847	PD5847h_lo0183
PD5847	PD5847h_lo0125
PD5847	PD5847h_lo0024
PD5847	PD5847h_lo0155
PD5847	PD5847h_lo0118
PD5847	PD5847h_lo0010
PD5847	PD5847h_lo0132
PD5847	PD5847h_lo0191
PD5847	PD5847h_lo0148
PD5847	PD5847h_lo0188
PD5847	PD5847h_lo0006
PD5847	PD5847h_lo0177
PD5847	PD5847h_lo0163
PD5847	PD5847h_lo0121
PD5847	PD5847h_lo0123
PD5847	PD5847h_lo0103
PD5847	PD5847h_lo0170
PD5847	PD5847h_lo0110
PD5847	PD5847h_lo0171
PD5847	PD5847h_lo0154
PD5847	PD5847h_lo0131
PD5847	PD5847h_lo0172
PD5847	PD5847h_lo0007
PD5847	PD5847h_lo0108
PD5847	PD5847h_lo0169
PD5847	PD5847h_lo0019
PD5847	PD5847h_lo0120
PD5847	PD5847h_lo0008
PD5847	PD5847h_lo0002
PD5847	PD5847h_lo0027
PD5847	PD5847h_lo0127
PD5847	PD5847h_lo0190
PD5847	PD5847h_lo0112
PD5847	PD5847h_lo0111
PD5847	PD5847h_lo0100
PD5847	PD5847h_lo0128
PD5847	PD5847h_lo0146
PD5847	PD5847h_lo0182
PD5847	PD5847h_lo0143
PD5847	PD5847h_lo0173
PD5847	PD5847h_lo0101
PD5847	PD5847h_lo0137
PD5847	PD5847h_lo0157
PD5847	PD5847h_lo0122
PD5847	PD5847h_lo0161
PD5847	PD5847h_lo0174
PD5847	PD5847h_lo0017
PD5847	PD5847h_lo0184
PD5847	PD5847h_lo0102
PD5847	PD5847h_lo0018
PD5847	PD5847h_lo0142
PD5847	PD5847h_lo0115
PD5847	PD5847h_lo0117
PD5847	PD5847h_lo0164
PD5847	PD5847h_lo0175
PD5847	PD5847h_lo0098
PD5847	PD5847h_lo0016
PD5847	PD5847h_lo0136
PD5847	PD5847h_lo0097
PD5847	PD5847h_lo0104
PD5847	PD5847h_lo0160
PD5847	PD5847h_lo0106
PD5847	Ancestral
PD6629	PD6629db_lo0014
PD6629	PD6629ad
PD6629	PD6629ah
PD6629	PD6629w
PD6629	PD6629v
PD6629	PD6629n
PD6629	PD6629ag
PD6629	PD6629aq
PD6629	PD6629db_lo0011
PD6629	PD6629db_lo0029
PD6629	PD6629db_lo0007
PD6629	PD6629ak
PD6629	PD6629as
PD6629	PD6629ac
PD6629	PD6629db_lo0019
PD6629	PD6629aj
PD6629	PD6629ap
PD6629	PD6629db_lo0025
PD6629	PD6629y
PD6629	PD6629db_lo0033
PD6629	PD6629x
PD6629	PD6629db_lo0036
PD6629	PD6629db_lo0031
PD6629	PD6629db_lo0015
PD6629	PD6629db_lo0013
PD6629	PD6629u
PD6629	PD6629db_lo0012
PD6629	PD6629ai
PD6629	PD6629af
PD6629	PD6629o
PD6629	PD6629db_lo0017
PD6629	PD6629al
PD6629	PD6629db_lo0023
PD6629	PD6629aa
PD6629	PD6629ao
PD6629	PD6629db_lo0028
PD6629	PD6629db_lo0035
PD6629	PD6629db_lo0024
PD6629	PD6629ab
PD6629	PD6629db_lo0005
PD6629	PD6629db_lo0030
PD6629	PD6629db_lo0027
PD6629	PD6629p
PD6629	PD6629db_lo0003
PD6629	PD6629db_lo0006
PD6629	PD6629db_lo0008
PD6629	PD6629k
PD6629	PD6629db_lo0022
PD6629	PD6629db_lo0032
PD6629	PD6629r
PD6629	PD6629db_lo0009
PD6629	PD6629db_lo0020
PD6629	PD6629db_lo0001
PD6629	PD6629db_lo0021
PD6629	PD6629an
PD6629	PD6629db_lo0026
PD6629	PD6629db_lo0016
PD6629	Ancestral
PD6646	PD6646d_lo047
PD6646	PD6646m_lo0083
PD6646	PD6646m_lo0049
PD6646	PD6646m_lo0027
PD6646	PD6646m_lo0067
PD6646	PD6646m_lo0088
PD6646	PD6646m_lo0076
PD6646	PD6646m_lo0021
PD6646	PD6646m_lo0013
PD6646	PD6646m_lo0012
PD6646	PD6646m_lo0025
PD6646	PD6646m_lo0003
PD6646	PD6646m_lo0085
PD6646	PD6646m_lo0082
PD6646	PD6646m_lo0042
PD6646	PD6646m_lo0046
PD6646	PD6646m_lo0007
PD6646	PD6646m_lo0079
PD6646	PD6646m_lo0056
PD6646	PD6646m_lo0090
PD6646	PD6646m_lo0017
PD6646	PD6646m_lo0010
PD6646	PD6646d_lo042
PD6646	PD6646m_lo0084
PD6646	PD6646d_lo010
PD6646	PD6646m_lo0020
PD6646	PD6646d_lo006
PD6646	PD6646m_lo0040
PD6646	PD6646d_lo036
PD6646	PD6646m_lo0087
PD6646	PD6646d_lo024
PD6646	PD6646d_lo009
PD6646	PD6646m_lo0062
PD6646	PD6646m_lo0039
PD6646	PD6646m_lo0050
PD6646	PD6646d_lo045
PD6646	PD6646d_lo028
PD6646	PD6646m_lo0041
PD6646	PD6646m_lo0035
PD6646	PD6646m_lo0075
PD6646	PD6646m_lo0059
PD6646	PD6646d_lo004
PD6646	PD6646m_lo0074
PD6646	PD6646m_lo0054
PD6646	PD6646m_lo0086
PD6646	PD6646m_lo0008
PD6646	PD6646d_lo022
PD6646	PD6646m_lo0064
PD6646	PD6646d_lo049
PD6646	PD6646m_lo0077
PD6646	PD6646d_lo039
PD6646	PD6646d_lo040
PD6646	PD6646d_lo041
PD6646	PD6646m_lo0073
PD6646	PD6646m_lo0030
PD6646	PD6646m_lo0091
PD6646	PD6646d_lo012
PD6646	PD6646m_lo0060
PD6646	PD6646d_lo005
PD6646	PD6646m_lo0022
PD6646	PD6646m_lo0026
PD6646	PD6646m_lo0089
PD6646	PD6646m_lo0081
PD6646	PD6646m_lo0015
PD6646	PD6646m_lo0045
PD6646	PD6646d_lo046
PD6646	PD6646d_lo026
PD6646	PD6646m_lo0032
PD6646	PD6646m_lo0038
PD6646	PD6646m_lo0044
PD6646	PD6646m_lo0018
PD6646	PD6646m_lo0004
PD6646	PD6646d_lo048
PD6646	PD6646m_lo0047
PD6646	PD6646m_lo0028
PD6646	PD6646m_lo0048
PD6646	PD6646m_lo0069
PD6646	PD6646m_lo0078
PD6646	PD6646m_lo0002
PD6646	PD6646d_lo034
PD6646	PD6646m_lo0052
PD6646	PD6646m_lo0033
PD6646	PD6646m_lo0006
PD6646	PD6646m_lo0016
PD6646	PD6646m_lo0005
PD6646	PD6646m_lo0024
PD6646	PD6646d_lo030
PD6646	PD6646m_lo0031
PD6646	PD6646d_lo016
PD6646	PD6646m_lo0019
PD6646	PD6646m_lo0080
PD6646	PD6646m_lo0037
PD6646	PD6646d_lo044
PD6646	PD6646d_lo008
PD6646	PD6646d_lo014
PD6646	PD6646m_lo0058
PD6646	PD6646m_lo0051
PD6646	PD6646m_lo0093
PD6646	PD6646m_lo0053
PD6646	PD6646m_lo0034
PD6646	PD6646m_lo0011
PD6646	PD6646m_lo0094
PD6646	PD6646m_lo0068
PD6646	PD6646m_lo0036
PD6646	PD6646m_lo0043
PD6646	PD6646m_lo0066
PD6646	PD6646m_lo0061
PD6646	PD6646m_lo0063
PD6646	PD6646m_lo0029
PD6646	PD6646m_lo0065
PD6646	PD6646m_lo0092
PD6646	PD6646m_lo0070
PD6646	PD6646m_lo0057
PD6646	PD6646m_lo0009
PD6646	PD6646m_lo0072
PD6646	PD6646m_lo0071
PD6646	Ancestral
PD7271	PD7271c_lo0091
PD7271	PD7271c_lo0071
PD7271	PD7271c_lo0025
PD7271	PD7271c_lo0014
PD7271	PD7271c_lo0009
PD7271	PD7271c_lo0083
PD7271	PD7271c_lo0004
PD7271	PD7271c_lo0077
PD7271	PD7271c_lo0076
PD7271	PD7271c_lo0001
PD7271	PD7271c_lo0039
PD7271	PD7271c_lo0061
PD7271	PD7271c_lo0006
PD7271	PD7271c_lo0010
PD7271	PD7271c_lo0029
PD7271	PD7271c_lo0090
PD7271	PD7271c_lo0031
PD7271	PD7271c_lo0074
PD7271	PD7271c_lo0028
PD7271	PD7271c_lo0073
PD7271	PD7271c_lo0016
PD7271	PD7271c_lo0003
PD7271	PD7271c_lo0052
PD7271	PD7271c_lo0015
PD7271	PD7271c_lo0081
PD7271	PD7271c_lo0079
PD7271	PD7271c_lo0021
PD7271	PD7271c_lo0030
PD7271	PD7271c_lo0022
PD7271	PD7271c_lo0020
PD7271	PD7271c_lo0072
PD7271	PD7271c_lo0062
PD7271	PD7271c_lo0036
PD7271	PD7271c_lo0033
PD7271	PD7271c_lo0012
PD7271	PD7271c_lo0002
PD7271	PD7271c_lo0059
PD7271	PD7271c_lo0007
PD7271	PD7271c_lo0026
PD7271	PD7271c_lo0082
PD7271	PD7271c_lo0069
PD7271	PD7271c_lo0047
PD7271	PD7271c_lo0037
PD7271	PD7271c_lo0093
PD7271	PD7271c_lo0035
PD7271	PD7271c_lo0057
PD7271	PD7271c_lo0013
PD7271	PD7271c_lo0032
PD7271	PD7271c_lo0058
PD7271	PD7271c_lo0017
PD7271	PD7271c_lo0085
PD7271	PD7271c_lo0048
PD7271	PD7271c_lo0078
PD7271	PD7271c_lo0019
PD7271	PD7271c_lo0065
PD7271	PD7271c_lo0049
PD7271	PD7271c_lo0040
PD7271	PD7271c_lo0094
PD7271	PD7271c_lo0066
PD7271	PD7271c_lo0087
PD7271	PD7271c_lo0045
PD7271	PD7271c_lo0070
PD7271	PD7271c_lo0044
PD7271	PD7271c_lo0063
PD7271	PD7271c_lo0008
PD7271	PD7271c_lo0086
PD7271	PD7271c_lo0084
PD7271	PD7271c_lo0024
PD7271	PD7271c_lo0060
PD7271	PD7271c_lo0068
PD7271	PD7271c_lo0067
PD7271	PD7271c_lo0046
PD7271	PD7271c_lo0064
PD7271	PD7271c_lo0080
PD7271	PD7271c_lo0005
PD7271	PD7271c_lo0027
PD7271	Ancestral
PD9478	PD9478bk
PD9478	PD9478da
PD9478	PD9478bd
PD9478	PD9478o
PD9478	PD9478ab
PD9478	PD9478bz
PD9478	PD9478af
PD9478	PD9478ah
PD9478	PD9478ar
PD9478	PD9478bh
PD9478	PD9478cx
PD9478	PD9478ba
PD9478	PD9478cj
PD9478	PD9478cb
PD9478	PD9478l
PD9478	PD9478bc
PD9478	PD9478br
PD9478	PD9478am
PD9478	PD9478cr
PD9478	PD9478cn
PD9478	PD9478cy
PD9478	PD9478t
PD9478	PD9478bb
PD9478	PD9478cu
PD9478	PD9478cz
PD9478	PD9478aw
PD9478	PD9478r
PD9478	PD9478cm
PD9478	PD9478cd
PD9478	PD9478ch
PD9478	PD9478at
PD9478	PD9478cs
PD9478	PD9478ak
PD9478	PD9478p
PD9478	PD9478v
PD9478	PD9478bt
PD9478	PD9478bp
PD9478	PD9478ca
PD9478	PD9478ap
PD9478	PD9478be
PD9478	PD9478cl
PD9478	PD9478cf
PD9478	PD9478dc
PD9478	PD9478bq
PD9478	PD9478ay
PD9478	PD9478ax
PD9478	PD9478w
PD9478	PD9478n
PD9478	PD9478az
PD9478	PD9478z
PD9478	PD9478ae
PD9478	PD9478ck
PD9478	PD9478aq
PD9478	PD9478ad
PD9478	PD9478by
PD9478	PD9478av
PD9478	PD9478ce
PD9478	PD9478co
PD9478	PD9478bw
PD9478	PD9478aa
PD9478	PD9478au
PD9478	PD9478ct
PD9478	PD9478db
PD9478	PD9478cq
PD9478	PD9478bx
PD9478	PD9478q
PD9478	PD9478cc
PD9478	PD9478bi
PD9478	PD9478bm
PD9478	PD9478aj
PD9478	PD9478bg
PD9478	PD9478bj
PD9478	PD9478ci
PD9478	PD9478bv
PD9478	PD9478an
PD9478	PD9478cp
PD9478	PD9478cw
PD9478	PD9478bn
PD9478	PD9478cg
PD9478	PD9478cv
PD9478	PD9478as
PD9478	Ancestral
PD47703	PD47703b_lo0001
PD47703	PD47703b_lo0056
PD47703	PD47703b_lo0143
PD47703	PD47703b_lo0188
PD47703	PD47703b_lo0203
PD47703	PD47703b_lo0196
PD47703	PD47703b_lo0279
PD47703	PD47703b_lo0264
PD47703	PD47703b_lo0017
PD47703	PD47703b_lo0096
PD47703	PD47703b_lo0088
PD47703	PD47703b_lo0032
PD47703	PD47703b_lo0219
PD47703	PD47703b_lo0267
PD47703	PD47703b_lo0127
PD47703	PD47703b_lo0259
PD47703	PD47703b_lo0054
PD47703	PD47703b_lo0042
PD47703	PD47703b_lo0037
PD47703	PD47703b_lo0155
PD47703	PD47703b_lo0210
PD47703	PD47703b_lo0043
PD47703	PD47703b_lo0136
PD47703	PD47703b_lo0240
PD47703	PD47703b_lo0254
PD47703	PD47703b_lo0026
PD47703	PD47703b_lo0130
PD47703	PD47703b_lo0292
PD47703	PD47703b_lo0124
PD47703	PD47703b_lo0251
PD47703	PD47703b_lo0272
PD47703	PD47703b_lo0162
PD47703	PD47703b_lo0089
PD47703	PD47703b_lo0283
PD47703	PD47703b_lo0289
PD47703	PD47703b_lo0286
PD47703	PD47703b_lo0291
PD47703	PD47703b_lo0195
PD47703	PD47703b_lo0147
PD47703	PD47703b_lo0256
PD47703	PD47703b_lo0298
PD47703	PD47703b_lo0268
PD47703	PD47703b_lo0154
PD47703	PD47703b_lo0249
PD47703	PD47703b_lo0285
PD47703	PD47703b_lo0105
PD47703	PD47703b_lo0006
PD47703	PD47703b_lo0261
PD47703	PD47703b_lo0002
PD47703	PD47703b_lo0087
PD47703	PD47703b_lo0003
PD47703	PD47703b_lo0117
PD47703	PD47703b_lo0281
PD47703	PD47703b_lo0217
PD47703	PD47703b_lo0250
PD47703	PD47703b_lo0276
PD47703	PD47703b_lo0167
PD47703	PD47703b_lo0202
PD47703	PD47703b_lo0274
PD47703	PD47703b_lo0262
PD47703	PD47703b_lo0299
PD47703	PD47703b_lo0300
PD47703	PD47703b_lo0243
PD47703	PD47703b_lo0303
PD47703	PD47703b_lo0057
PD47703	PD47703b_lo0114
PD47703	PD47703b_lo0082
PD47703	PD47703b_lo0085
PD47703	PD47703b_lo0168
PD47703	PD47703b_lo0197
PD47703	PD47703b_lo0014
PD47703	PD47703b_lo0151
PD47703	PD47703b_lo0011
PD47703	PD47703b_lo0030
PD47703	PD47703b_lo0078
PD47703	PD47703b_lo0156
PD47703	PD47703b_lo0090
PD47703	PD47703b_lo0163
PD47703	PD47703b_lo0110
PD47703	PD47703b_lo0271
PD47703	PD47703b_lo0141
PD47703	PD47703b_lo0070
PD47703	PD47703b_lo0086
PD47703	PD47703b_lo0020
PD47703	PD47703b_lo0152
PD47703	PD47703b_lo0213
PD47703	PD47703b_lo0222
PD47703	PD47703b_lo0257
PD47703	PD47703b_lo0045
PD47703	PD47703b_lo0055
PD47703	PD47703b_lo0059
PD47703	PD47703b_lo0004
PD47703	PD47703b_lo0093
PD47703	PD47703b_lo0021
PD47703	PD47703b_lo0007
PD47703	PD47703b_lo0104
PD47703	PD47703b_lo0201
PD47703	PD47703b_lo0098
PD47703	PD47703b_lo0297
PD47703	PD47703b_lo0022
PD47703	PD47703b_lo0023
PD47703	PD47703b_lo0028
PD47703	PD47703b_lo0116
PD47703	PD47703b_lo0060
PD47703	PD47703b_lo0016
PD47703	PD47703b_lo0107
PD47703	PD47703b_lo0053
PD47703	PD47703b_lo0111
PD47703	PD47703b_lo0106
PD47703	PD47703b_lo0137
PD47703	PD47703b_lo0009
PD47703	PD47703b_lo0036
PD47703	PD47703b_lo0236
PD47703	PD47703b_lo0050
PD47703	PD47703b_lo0247
PD47703	PD47703b_lo0049
PD47703	PD47703b_lo0064
PD47703	PD47703b_lo0101
PD47703	PD47703b_lo0125
PD47703	PD47703b_lo0073
PD47703	PD47703b_lo0146
PD47703	PD47703b_lo0206
PD47703	PD47703b_lo0122
PD47703	PD47703b_lo0186
PD47703	PD47703b_lo0018
PD47703	PD47703b_lo0212
PD47703	PD47703b_lo0231
PD47703	PD47703b_lo0075
PD47703	PD47703b_lo0255
PD47703	PD47703b_lo0265
PD47703	PD47703b_lo0062
PD47703	PD47703b_lo0280
PD47703	PD47703b_lo0290
PD47703	PD47703b_lo0013
PD47703	PD47703b_lo0118
PD47703	PD47703b_lo0207
PD47703	PD47703b_lo0040
PD47703	PD47703b_lo0008
PD47703	PD47703b_lo0029
PD47703	PD47703b_lo0295
PD47703	PD47703b_lo0129
PD47703	PD47703b_lo0165
PD47703	PD47703b_lo0205
PD47703	PD47703b_lo0208
PD47703	PD47703b_lo0047
PD47703	PD47703b_lo0153
PD47703	PD47703b_lo0258
PD47703	PD47703b_lo0278
PD47703	PD47703b_lo0010
PD47703	PD47703b_lo0145
PD47703	PD47703b_lo0131
PD47703	PD47703b_lo0175
PD47703	PD47703b_lo0302
PD47703	PD47703b_lo0306
PD47703	PD47703b_lo0115
PD47703	PD47703b_lo0100
PD47703	PD47703b_lo0178
PD47703	PD47703b_lo0232
PD47703	PD47703b_lo0158
PD47703	PD47703b_lo0266
PD47703	PD47703b_lo0135
PD47703	PD47703b_lo0102
PD47703	PD47703b_lo0126
PD47703	PD47703b_lo0015
PD47703	PD47703b_lo0112
PD47703	PD47703b_lo0058
PD47703	PD47703b_lo0148
PD47703	PD47703b_lo0172
PD47703	PD47703b_lo0198
PD47703	PD47703b_lo0296
PD47703	PD47703b_lo0066
PD47703	PD47703b_lo0248
PD47703	PD47703b_lo0123
PD47703	PD47703b_lo0277
PD47703	PD47703b_lo0263
PD47703	PD47703b_lo0241
PD47703	PD47703b_lo0284
PD47703	PD47703b_lo0253
PD47703	PD47703b_lo0282
PD47703	PD47703b_lo0076
PD47703	PD47703b_lo0293
PD47703	PD47703b_lo0204
PD47703	PD47703b_lo0051
PD47703	PD47703b_lo0108
PD47703	PD47703b_lo0252
PD47703	PD47703b_lo0166
PD47703	PD47703b_lo0275
PD47703	PD47703b_lo0288
PD47703	PD47703b_lo0227
PD47703	PD47703b_lo0119
PD47703	PD47703b_lo0305
PD47703	PD47703b_lo0035
PD47703	PD47703b_lo0068
PD47703	PD47703b_lo0071
PD47703	PD47703b_lo0069
PD47703	PD47703b_lo0170
PD47703	PD47703b_lo0012
PD47703	PD47703b_lo0211
PD47703	PD47703b_lo0270
PD47703	PD47703b_lo0031
PD47703	PD47703b_lo0063
PD47703	PD47703b_lo0273
PD47703	PD47703b_lo0052
PD47703	PD47703b_lo0092
PD47703	PD47703b_lo0220
PD47703	PD47703b_lo0307
PD47703	PD47703b_lo0269
PD47703	PD47703b_lo0074
PD47703	PD47703b_lo0072
PD47703	PD47703b_lo0077
PD47703	PD47703b_lo0242
PD47703	PD47703b_lo0019
PD47703	PD47703b_lo0033
PD47703	PD47703b_lo0161
PD47703	PD47703b_lo0160
PD47703	PD47703b_lo0260
PD47703	PD47703b_lo0234
PD47703	PD47703b_lo0144
PD47703	PD47703b_lo0304
PD47703	PD47703b_lo0099
PD47703	PD47703b_lo0150
PD47703	PD47703b_lo0159
PD47703	PD47703b_lo0174
PD47703	PD47703b_lo0301
PD47703	PD47703b_lo0120
PD47703	PD47703b_lo0081
PD47703	PD47703b_lo0034
PD47703	PD47703b_lo0083
PD47703	PD47703b_lo0138
PD47703	PD47703b_lo0048
PD47703	PD47703b_lo0005
PD47703	PD47703b_lo0218
PD47703	PD47703b_lo0046
PD47703	PD47703b_lo0128
PD47703	PD47703b_lo0176
PD47703	PD47703b_lo0079
PD47703	PD47703b_lo0235
PD47703	PD47703b_lo0024
PD47703	PD47703b_lo0237
PD47703	PD47703b_lo0184
PD47703	PD47703b_lo0091
PD47703	PD47703b_lo0095
PD47703	PD47703b_lo0067
PD47703	PD47703b_lo0142
PD47703	PD47703b_lo0094
PD47703	PD47703b_lo0226
PD47703	PD47703b_lo0121
PD47703	PD47703b_lo0223
PD47703	PD47703b_lo0061
PD47703	PD47703b_lo0080
PD47703	PD47703b_lo0109
PD47703	PD47703b_lo0229
PD47703	PD47703b_lo0287
PD47703	PD47703b_lo0044
PD47703	PD47703b_lo0084
PD47703	PD47703b_lo0065
PD47703	PD47703b_lo0038
PD47703	PD47703b_lo0133
PD47703	PD47703b_lo0039
PD44579	PD44579b_lo0093_2
PD44579	PD44579b_lo0215
PD44579	PD44579b_lo0121_2
PD44579	PD44579b_lo0200
PD44579	PD44579b_lo0230
PD44579	PD44579b_lo0130_2
PD44579	PD44579b_lo0267
PD44579	PD44579b_lo0103_2
PD44579	PD44579b_lo0145_2
PD44579	PD44579b_lo0148_2
PD44579	PD44579b_lo0210
PD44579	PD44579b_lo0149_2
PD44579	PD44579b_lo0196
PD44579	PD44579b_lo0213
PD44579	PD44579b_lo0100_2
PD44579	PD44579b_lo0274
PD44579	PD44579b_lo0188_2
PD44579	PD44579b_lo0135_2
PD44579	PD44579b_lo0282
PD44579	PD44579b_lo0162_2
PD44579	PD44579b_lo0114_2
PD44579	PD44579b_lo0182_2
PD44579	PD44579b_lo0111_2
PD44579	PD44579b_lo0101_2
PD44579	PD44579b_lo0190
PD44579	PD44579b_lo0164_2
PD44579	PD44579b_lo0143_2
PD44579	PD44579b_lo0172_2
PD44579	PD44579b_lo0266
PD44579	PD44579b_lo0237
PD44579	PD44579b_lo0113_2
PD44579	PD44579b_lo0110_2
PD44579	PD44579b_lo0174_2
PD44579	PD44579b_lo0141_2
PD44579	PD44579b_lo0157_2
PD44579	PD44579b_lo0270
PD44579	PD44579b_lo0189
PD44579	PD44579b_lo0229
PD44579	PD44579b_lo0116_2
PD44579	PD44579b_lo0268
PD44579	PD44579b_lo0167_2
PD44579	PD44579b_lo0177_2
PD44579	PD44579b_lo0231
PD44579	PD44579b_lo0150_2
PD44579	PD44579b_lo0105_2
PD44579	PD44579b_lo0106_2
PD44579	PD44579b_lo0126_2
PD44579	PD44579b_lo0169_2
PD44579	PD44579b_lo0252
PD44579	PD44579b_lo0155_2
PD44579	PD44579b_lo0095_2
PD44579	PD44579b_lo0160_2
PD44579	PD44579b_lo0262
PD44579	PD44579b_lo0201
PD44579	PD44579b_lo0260
PD44579	PD44579b_lo0255
PD44579	PD44579b_lo0098_2
PD44579	PD44579b_lo0107_2
PD44579	PD44579b_lo0115_2
PD44579	PD44579b_lo0153_2
PD44579	PD44579b_lo0109_2
PD44579	PD44579b_lo0158_2
PD44579	PD44579b_lo0244
PD44579	PD44579b_lo0094_2
PD44579	PD44579b_lo0265
PD44579	PD44579b_lo0129_2
PD44579	PD44579b_lo0183_2
PD44579	PD44579b_lo0280
PD44579	PD44579b_lo0250
PD44579	PD44579b_lo0236
PD44579	PD44579b_lo0283
PD44579	PD44579b_lo0195
PD44579	PD44579b_lo0232
PD44579	PD44579b_lo0249
PD44579	PD44579b_lo0277
PD44579	PD44579b_lo0170_2
PD44579	PD44579b_lo0204
PD44579	PD44579b_lo0133_2
PD44579	PD44579b_lo0180_2
PD44579	PD44579b_lo0219
PD44579	PD44579b_lo0096_2
PD44579	PD44579b_lo0102_2
PD44579	PD44579b_lo0271
PD44579	PD44579b_lo0273
PD44579	PD44579b_lo0118_2
PD44579	PD44579b_lo0187_2
PD44579	PD44579b_lo0199
PD44579	PD44579b_lo0144_2
PD44579	PD44579b_lo0120_2
PD44579	PD44579b_lo0242
PD44579	PD44579b_lo0176_2
PD44579	PD44579b_lo0209
PD44579	PD44579b_lo0216
PD44579	PD44579b_lo0218
PD44579	PD44579b_lo0123_2
PD44579	PD44579b_lo0214
PD44579	PD44579b_lo0227
PD44579	PD44579b_lo0184_2
PD44579	PD44579b_lo0173_2
PD44579	PD44579b_lo0181_2
PD44579	PD44579b_lo0104_2
PD44579	PD44579b_lo0264
PD44579	PD44579b_lo0128_2
PD44579	PD44579b_lo0197
PD44579	PD44579b_lo0139_2
PD44579	PD44579b_lo0124_2
PD44579	PD44579b_lo0136_2
PD44579	PD44579b_lo0166_2
PD44579	PD44579b_lo0175_2
PD44579	PD44579b_lo0254
PD44579	PD44579b_lo0122_2
PD44579	PD44579b_lo0256
PD44579	PD44579b_lo0279
PD44579	PD44579b_lo0269
PD44579	PD44579b_lo0222
PD44579	PD44579b_lo0171_2
PD44579	PD44579b_lo0221
PD44579	PD44579b_lo0205
PD44579	PD44579b_lo0212
PD44579	PD44579b_lo0241
PD44579	PD44579b_lo0179_2
PD44579	PD44579b_lo0224
PD44579	PD44579b_lo0112_2
PD44579	PD44579b_lo0097_2
PD44579	PD44579b_lo0198
PD44579	PD44579b_lo0220
PD44579	PD44579b_lo0257
PD44579	PD44579b_lo0235
PD44579	PD44579b_lo0263
PD44579	PD44579b_lo0202
PD44579	PD44579b_lo0191
PD44579	PD44579b_lo0117_2
PD44579	PD44579b_lo0159_2
PD44579	PD44579b_lo0140_2
PD44579	PD44579b_lo0186_2
PD44579	PD44579b_lo0245
PD44579	PD44579b_lo0281
PD44579	PD44579b_lo0238
PD44579	PD44579b_lo0225
PD44579	PD44579b_lo0192
PD44579	PD44579b_lo0253
PD44579	PD44579b_lo0146_2
PD44579	PD44579b_lo0239
PD44579	PD44579b_lo0203
PD44579	PD44579b_lo0233
PD44579	PD44579b_lo0147_2
PD44579	PD44579b_lo0142_2
PD44579	PD44579b_lo0284
PD44579	PD44579b_lo0259
PD44579	PD44579b_lo0151_2
PD44579	PD44579b_lo0207
PD44579	PD44579b_lo0206
PD44579	PD44579b_lo0119_2
PD44579	PD44579b_lo0243
PD44579	PD44579b_lo0228
PD44579	PD44579b_lo0127_2
PD44579	PD44579b_lo0272
PD44579	PD44579b_lo0138_2
PD44579	PD44579b_lo0168_2
PD44579	PD44579b_lo0247
PD44579	PD44579b_lo0276
PD44579	PD44579b_lo0251
PD44579	PD44579b_lo0154_2
PD44579	PD44579b_lo0132_2
PD44579	PD44579b_lo0223
PD44579	PD44579b_lo0226
PD44579	PD44579b_lo0248
PD44579	PD44579b_lo0099_2
PD44579	PD44579b_lo0193
PD44579	PD44579b_lo0234
PD44579	PD44579b_lo0194
PD44579	PD44579b_lo0217
PD44579	PD44579b_lo0208
PD44579	PD44579b_lo0211
PD50307	PD50307au
PD50307	PD50307bn
PD50307	PD50307ay
PD50307	PD50307bq
PD50307	PD50307ce
PD50307	PD50307bo
PD50307	PD50307cp
PD50307	PD50307g
PD50307	PD50307bu
PD50307	PD50307cq
PD50307	PD50307ax
PD50307	PD50307l
PD50307	PD50307c
PD50307	PD50307bf
PD50307	PD50307br
PD50307	PD50307i
PD50307	PD50307cb
PD50307	PD50307cn
PD50307	PD50307k
PD50307	PD50307at
PD50307	PD50307cf
PD50307	PD50307bw
PD50307	PD50307aq
PD50307	PD50307ca
PD50307	PD50307av
PD50307	PD50307ba
PD50307	PD50307cs
PD50307	PD50307bh
PD50307	PD50307bs
PD50307	PD50307h
PD50307	PD50307cm
PD50307	PD50307cr
PD50307	PD50307as
PD50307	PD50307aw
PD50307	PD50307bb
PD50307	PD50307be
PD50307	PD50307bm
PD50307	PD50307e
PD50307	PD50307ar
PD50307	PD50307az
PD50307	PD50307b
PD41048	PD41048b_lo0079
PD41048	PD41048b_lo0350
PD41048	PD41048b_lo0200
PD41048	PD41048b_lo0253
PD41048	PD41048b_sc0030
PD41048	PD41048b_lo0275
PD41048	PD41048b_lo0117
PD41048	PD41048b_lo0297
PD41048	PD41048b_lo0125
PD41048	PD41048b_sc0044
PD41048	PD41048b_lo0204
PD41048	PD41048b_lo0082
PD41048	PD41048b_lo0090
PD41048	PD41048b_lo0272
PD41048	PD41048b_lo0183
PD41048	PD41048b_lo0189
PD41048	PD41048b_lo0089
PD41048	PD41048b_lo0331
PD41048	PD41048b_lo0335
PD41048	PD41048b_lo0130
PD41048	PD41048b_lo0319
PD41048	PD41048b_lo0050
PD41048	PD41048b_lo0235
PD41048	PD41048b_lo0206
PD41048	PD41048b_lo0366
PD41048	PD41048b_lo0402
PD41048	PD41048b_lo0193
PD41048	PD41048b_lo0394
PD41048	PD41048b_lo0264
PD41048	PD41048b_lo0354
PD41048	PD41048b_lo0144
PD41048	PD41048b_lo0249
PD41048	PD41048b_lo0156
PD41048	PD41048b_lo0179
PD41048	PD41048b_lo0258
PD41048	PD41048b_lo0320
PD41048	PD41048b_lo0273
PD41048	PD41048b_lo0274
PD41048	PD41048b_lo0351
PD41048	PD41048b_lo0290
PD41048	PD41048b_lo0205
PD41048	PD41048b_lo0296
PD41048	PD41048b_lo0365
PD41048	PD41048b_lo0378
PD41048	PD41048b_lo0282
PD41048	PD41048b_lo0315
PD41048	PD41048b_lo0279
PD41048	PD41048b_lo0356
PD41048	PD41048b_lo0101
PD41048	PD41048b_lo0322
PD41048	PD41048b_lo0307
PD41048	PD41048b_lo0379
PD41048	PD41048b_lo0141
PD41048	PD41048b_lo0074
PD41048	PD41048b_lo0332
PD41048	PD41048b_lo0270
PD41048	PD41048b_lo0284
PD41048	PD41048b_lo0404
PD41048	PD41048b_lo0121
PD41048	PD41048b_lo0152
PD41048	PD41048b_lo0187
PD41048	PD41048b_lo0397
PD41048	PD41048b_lo0389
PD41048	PD41048b_lo0175
PD41048	PD41048b_lo0413
PD41048	PD41048b_lo0238
PD41048	PD41048b_lo0423
PD41048	PD41048b_lo0108
PD41048	PD41048b_lo0116
PD41048	PD41048b_sc0035
PD41048	PD41048b_lo0328
PD41048	PD41048b_lo0380
PD41048	PD41048b_sc0067
PD41048	PD41048b_lo0251
PD41048	PD41048b_lo0416
PD41048	PD41048b_lo0178
PD41048	PD41048b_lo0192
PD41048	PD41048b_lo0137
PD41048	PD41048b_lo0302
PD41048	PD41048b_lo0287
PD41048	PD41048b_lo0406
PD41048	PD41048b_lo0300
PD41048	PD41048b_sc0066
PD41048	PD41048b_lo0341
PD41048	PD41048b_lo0292
PD41048	PD41048b_sc0040
PD41048	PD41048b_lo0370
PD41048	PD41048b_lo0271
PD41048	PD41048b_lo0347
PD41048	PD41048b_lo0149
PD41048	PD41048b_lo0317
PD41048	PD41048b_lo0122
PD41048	PD41048b_lo0401
PD41048	PD41048b_lo0336
PD41048	PD41048b_lo0102
PD41048	PD41048b_lo0318
PD41048	PD41048b_lo0421
PD41048	PD41048b_sc0025
PD41048	PD41048b_lo0055
PD41048	PD41048b_lo0357
PD41048	PD41048b_lo0188
PD41048	PD41048b_lo0170
PD41048	PD41048b_lo0158
PD41048	PD41048b_lo0168
PD41048	PD41048b_lo0269
PD41048	PD41048b_lo0098
PD41048	PD41048b_lo0298
PD41048	PD41048b_lo0126
PD41048	PD41048b_lo0247
PD41048	PD41048b_lo0355
PD41048	PD41048b_lo0382
PD41048	PD41048b_lo0059
PD41048	PD41048b_lo0417
PD41048	PD41048b_lo0395
PD41048	PD41048b_lo0387
PD41048	PD41048b_lo0114
PD41048	PD41048b_lo0263
PD41048	PD41048b_lo0276
PD41048	PD41048b_lo0070
PD41048	PD41048b_lo0374
PD41048	PD41048b_lo0119
PD41048	PD41048b_lo0344
PD41048	PD41048b_lo0066
PD41048	PD41048b_lo0109
PD41048	PD41048b_lo0425
PD41048	PD41048b_lo0373
PD41048	PD41048b_lo0237
PD41048	PD41048b_sc0001
PD41048	PD41048b_lo0194
PD41048	PD41048b_lo0414
PD41048	PD41048b_lo0403
PD41048	PD41048b_lo0165
PD41048	PD41048b_lo0337
PD41048	PD41048b_lo0240
PD41048	PD41048b_lo0411
PD41048	PD41048b_lo0312
PD41048	PD41048b_lo0115
PD41048	PD41048b_lo0146
PD41048	PD41048b_sc0006
PD41048	PD41048b_lo0147
PD41048	PD41048b_lo0169
PD41048	PD41048b_lo0363
PD41048	PD41048b_lo0303
PD41048	PD41048b_lo0364
PD41048	PD41048b_lo0262
PD41048	PD41048b_sc0045
PD41048	PD41048b_lo0053
PD41048	PD41048b_lo0132
PD41048	PD41048b_lo0295
PD41048	PD41048b_lo0062
PD41048	PD41048b_lo0410
PD41048	PD41048b_sc0036
PD41048	PD41048b_lo0195
PD41048	PD41048b_lo0197
PD41048	PD41048b_sc0010
PD41048	PD41048b_lo0080
PD41048	PD41048b_lo0278
PD41048	PD41048b_lo0277
PD41048	PD41048b_sc0020
PD41048	PD41048b_lo0065
PD41048	PD41048b_sc0050
PD41048	PD41048b_lo0280
PD41048	PD41048b_lo0162
PD41048	PD41048b_lo0398
PD41048	PD41048b_lo0180
PD41048	PD41048b_lo0100
PD41048	PD41048b_lo0346
PD41048	PD41048b_lo0412
PD41048	PD41048b_lo0120
PD41048	PD41048b_sc0012
PD41048	PD41048b_lo0340
PD41048	PD41048b_lo0407
PD41048	PD41048b_sc0017
PD41048	PD41048b_lo0368
PD41048	PD41048b_lo0246
PD41048	PD41048b_lo0358
PD41048	PD41048b_lo0400
PD41048	PD41048b_lo0112
PD41048	PD41048b_lo0299
PD41048	PD41048b_lo0239
PD41048	PD41048b_sc0060
PD41048	PD41048b_lo0058
PD41048	PD41048b_lo0167
PD41048	PD41048b_lo0123
PD41048	PD41048b_lo0081
PD41048	PD41048b_sc0041
PD41048	PD41048b_lo0266
PD41048	PD41048b_lo0256
PD41048	PD41048b_lo0329
PD41048	PD41048b_lo0110
PD41048	PD41048b_sc0022
PD41048	PD41048b_lo0381
PD41048	PD41048b_lo0073
PD41048	PD41048b_lo0133
PD41048	PD41048b_lo0072
PD41048	PD41048b_lo0305
PD41048	PD41048b_lo0219
PD41048	PD41048b_lo0254
PD41048	PD41048b_sc0052
PD41048	PD41048b_lo0097
PD41048	PD41048b_lo0359
PD41048	PD41048b_lo0124
PD41048	PD41048b_lo0383
PD41048	PD41048b_lo0127
PD41048	PD41048b_lo0260
PD41048	PD41048b_lo0349
PD41048	PD41048b_lo0367
PD41048	PD41048b_lo0111
PD41048	PD41048b_lo0148
PD41048	PD41048b_sc0038
PD41048	PD41048b_lo0342
PD41048	PD41048b_lo0420
PD41048	PD41048b_sc0037
PD41048	PD41048b_lo0088
PD41048	PD41048b_lo0181
PD41048	PD41048b_lo0250
PD41048	PD41048b_lo0243
PD41048	PD41048b_sc0014
PD41048	PD41048b_lo0261
PD41048	PD41048b_lo0313
PD41048	PD41048b_lo0393
PD41048	PD41048b_sc0003
PD41048	PD41048b_lo0163
PD41048	PD41048b_lo0185
PD41048	PD41048b_lo0054
PD41048	PD41048b_lo0405
PD41048	PD41048b_sc0061
PD41048	PD41048b_sc0007
PD41048	PD41048b_lo0160
PD41048	PD41048b_sc0009
PD41048	PD41048b_lo0324
PD41048	PD41048b_lo0191
PD41048	PD41048b_sc0018
PD41048	PD41048b_lo0311
PD41048	PD41048b_lo0281
PD41048	PD41048b_lo0145
PD41048	PD41048b_lo0294
PD41048	PD41048b_lo0140
PD41048	PD41048b_lo0353
PD41048	PD41048b_sc0031
PD41048	PD41048b_sc0048
PD41048	PD41048b_lo0196
PD41048	PD41048b_lo0134
PD41048	PD41048b_lo0321
PD41048	PD41048b_lo0259
PD41048	PD41048b_lo0360
PD41048	PD41048b_sc0063
PD41048	PD41048b_lo0139
PD41048	PD41048b_lo0138
PD41048	PD41048b_lo0176
PD41048	PD41048b_lo0306
PD41048	PD41048b_lo0310
PD41048	PD41048b_lo0309
PD41048	PD41048b_sc0054
PD41048	PD41048b_lo0049
PD41048	PD41048b_lo0286
PD41048	PD41048b_lo0103
PD41048	PD41048b_lo0343
PD41048	PD41048b_lo0316
PD41048	PD41048b_lo0418
PD41048	PD41048b_sc0016
PD41048	PD41048b_lo0388
PD41048	PD41048b_sc0028
PD41048	PD41048b_sc0049
PD41048	PD41048b_lo0241
PD41048	PD41048b_lo0248
PD41048	PD41048b_lo0288
PD41048	PD41048b_lo0384
PD41048	PD41048b_lo0323
PD41048	PD41048b_lo0245
PD41048	PD41048b_sc0019
PD41048	PD41048b_lo0252
PD41048	PD41048b_lo0422
PD41048	PD41048b_lo0375
PD41048	PD41048b_lo0142
PD41048	PD41048b_lo0171
PD41048	PD41048b_lo0056
PD41048	PD41048b_lo0244
PD41048	PD41048b_sc0013
PD41048	PD41048b_lo0164
PD41048	PD41048b_lo0285
PD41048	PD41048b_lo0361
PD41048	PD41048b_sc0056
PD41048	PD41048b_lo0166
PD41048	PD41048b_lo0095
PD41048	PD41048b_lo0075
PD41048	PD41048b_lo0265
PD41048	PD41048b_lo0190
PD41048	PD41048b_sc0046
PD41048	PD41048b_lo0339
PD41048	PD41048b_lo0291
PD41048	PD41048b_lo0293
PD41048	PD41048b_sc0057
PD41048	PD41048b_lo0308
PD41048	PD41048b_lo0301
PD41048	PD41048b_lo0106
PD41048	PD41048b_lo0255
PD41048	PD41048b_lo0386
PD41048	PD41048b_lo0415
PD41048	PD41048b_sc0065
PD41048	PD41048b_sc0034
PD41048	PD41048b_lo0159
PD41048	PD41048b_lo0267
PD41048	PD41048b_sc0047
PD41048	PD41048b_sc0004
PD41048	PD41048b_lo0128
PD41048	PD41048b_lo0186
PD41048	PD41048b_sc0068
PD41048	PD41048b_lo0330
PD41048	PD41048b_lo0069
PD41048	PD41048b_sc0027
PD41048	PD41048b_lo0161
PD41048	PD41048b_lo0268
PD41048	PD41048b_lo0408
PD41048	PD41048b_lo0409
PD41048	PD41048b_lo0289
PD41048	PD41048b_lo0327
PD41048	PD41048b_lo0348
PD41048	PD41048b_lo0104
PD41048	PD41048b_sc0015
PD41048	PD41048b_lo0151
PD41048	PD41048b_lo0242
PD41048	PD41048b_lo0314
PD41048	PD41048b_lo0399
PD41048	PD41048b_lo0325
PD41048	PD41048b_lo0326
PD41048	PD41048b_lo0135
PD41048	PD41048b_lo0157
PD41048	PD41048b_lo0424
PD41048	PD41048b_lo0143
PD41048	PD41048b_lo0391
PD41048	PD41048b_lo0067
PD41048	PD41048b_lo0419
PD41048	PD41048b_sc0023
PD41048	PD41048b_sc0042
PD41048	PD41048b_lo0385
PD41048	PD41048b_sc0011
PD41048	PD41048b_lo0131
PD41048	PD41048b_lo0099
PD41048	PD41048b_lo0372
PD41048	PD41048b_sc0024
PD41048	PD41048b_lo0338
PD41048	PD41048b_lo0202
PD41048	PD41048b_lo0333
PD41048	PD41048b_lo0136
PD41048	PD41048b_sc0058
PD41048	PD41048b_lo0061
PD41048	PD41048b_lo0390
PD41048	PD41048b_lo0369
PD41048	PD41048b_lo0184
PD41048	PD41048b_lo0105
PD41048	PD41048b_lo0345
PD41048	PD41048b_lo0352
PD41048	PD41048b_lo0150
PD41048	PD41048b_sc0029
PD41048	PD41048b_sc0053
PD41048	PD41048b_lo0057
PD41048	PD41048b_lo0198
PD41048	PD41048b_lo0236
PD41048	PD41048b_lo0177
PD41048	PD41048b_lo0304
PD41048	PD41048b_lo0257
AX001	BMH1_TG001_3_P11_A07
AX001	BMH1_TG001_3_P12_H01
AX001	BMH1_TG001_3_P11_G08
AX001	BMH1_TG001_P31_A02
AX001	BMH1_TG001_P31_D01
AX001	BMH1_TG001_3_P11_D01
AX001	BMH1_TG001_3_P11_E07
AX001	BMH1_TG001_P31_A09
AX001	BMH1_TG001_3_P11_C09
AX001	BMH1_TG001_P32_E11
AX001	BMH1_TG001_P32_B02
AX001	BMH1_TG001_3_P11_E03
AX001	BMH1_TG001_P31_D11
AX001	BMH1_TG001_P32_C02
AX001	BMH1_TG001_P32_F03
AX001	BMH1_TG001_P31_B03
AX001	BMH1_TG001_3_P12_F04
AX001	BMH1_TG001_P31_F10
AX001	BMH1_TG001_P32_B05
AX001	BMH1_TG001_P32_B03
AX001	BMH1_TG001_3_P11_H05
AX001	BMH1_TG001_3_P12_H02
AX001	BMH1_TG001_3_P11_H08
AX001	BMH1_TG001_3_P12_E11
AX001	BMH1_TG001_3_P11_E05
AX001	BMH1_TG001_P32_D11
AX001	BMH1_TG001_3_P11_D07
AX001	BMH1_TG001_P32_A04
AX001	BMH1_TG001_3_P11_F05
AX001	BMH1_TG001_3_P11_E11
AX001	BMH1_TG001_3_P11_F01
AX001	BMH1_TG001_3_P11_B09
AX001	BMH1_TG001_3_P12_B11
AX001	BMH1_TG001_3_P11_C01
AX001	BMH1_TG001_P31_H01
AX001	BMH1_TG001_P31_E03
AX001	BMH1_TG001_P31_B12
AX001	BMH1_TG001_3_P11_G06
AX001	BMH1_TG001_P31_C12
AX001	BMH1_TG001_3_P12_E05
AX001	BMH1_TG001_3_P11_C04
AX001	BMH1_TG001_P31_H05
AX001	BMH1_TG001_P31_G11
AX001	BMH1_TG001_P32_E06
AX001	BMH1_TG001_3_P11_D02
AX001	BMH1_TG001_P32_H07
AX001	BMH1_TG001_3_P11_F03
AX001	BMH1_TG001_3_P12_G12
AX001	BMH1_TG001_P31_G06
AX001	BMH1_TG001_P31_C11
AX001	BMH1_TG001_P31_D02
AX001	BMH1_TG001_3_P11_A05
AX001	BMH1_TG001_P32_B11
AX001	BMH1_TG001_P32_E05
AX001	BMH1_TG001_P31_C10
AX001	BMH1_TG001_P32_B04
AX001	BMH1_TG001_3_P11_B12
AX001	BMH1_TG001_P32_B08
AX001	BMH1_TG001_P32_A11
AX001	BMH1_TG001_3_P11_H02
AX001	BMH1_TG001_3_P11_E01
AX001	BMH1_TG001_3_P12_H10
AX001	BMH1_TG001_P32_H10
AX001	BMH1_TG001_P32_B01
AX001	BMH1_TG001_3_P12_E02
AX001	BMH1_TG001_P31_E04
AX001	BMH1_TG001_P32_H02
AX001	BMH1_TG001_3_P11_C05
AX001	BMH1_TG001_P31_B11
AX001	BMH1_TG001_3_P12_H06
AX001	BMH1_TG001_3_P11_E09
AX001	BMH1_TG001_3_P11_H07
AX001	BMH1_TG001_P31_D04
AX001	BMH1_TG001_3_P11_E08
AX001	BMH1_TG001_3_P11_H01
AX001	BMH1_TG001_3_P12_B05
AX001	BMH1_TG001_3_P11_G04
AX001	BMH1_TG001_3_P11_D03
AX001	BMH1_TG001_P32_C04
AX001	BMH1_TG001_P32_B10
AX001	BMH1_TG001_P31_H02
AX001	BMH1_TG001_P31_F05
AX001	BMH1_TG001_P31_D09
AX001	BMH1_TG001_3_P11_H09
AX001	BMH1_TG001_P32_F05
AX001	BMH1_TG001_P32_E03
AX001	BMH1_TG001_3_P11_F09
AX001	BMH1_TG001_P32_F07
AX001	BMH1_TG001_3_P12_E10
AX001	BMH1_TG001_3_P11_D04
AX001	BMH1_TG001_3_P11_D10
AX001	BMH1_TG001_P32_H03
AX001	BMH1_TG001_3_P12_B03
AX001	BMH1_TG001_3_P12_C05
AX001	BMH1_TG001_3_P12_A07
AX001	BMH1_TG001_P32_D07
AX001	BMH1_TG001_3_P11_D06
AX001	BMH1_TG001_3_P11_E06
AX001	BMH1_TG001_3_P11_C11
AX001	BMH1_TG001_P32_E08
AX001	BMH1_TG001_P31_E10
AX001	BMH1_TG001_P31_H03
AX001	BMH1_TG001_3_P11_G11
AX001	BMH1_TG001_3_P12_A06
AX001	BMH1_TG001_3_P11_E04
AX001	BMH1_TG001_P32_G08
AX001	BMH1_TG001_3_P11_C10
AX001	BMH1_TG001_3_P11_B04
AX001	BMH1_TG001_3_P12_G10
AX001	BMH1_TG001_P32_A03
AX001	BMH1_TG001_3_P11_D05
AX001	BMH1_TG001_3_P11_H10
AX001	BMH1_TG001_3_P12_C06
AX001	BMH1_TG001_3_P12_G07
AX001	BMH1_TG001_3_P11_H04
AX001	BMH1_TG001_P32_C05
AX001	BMH1_TG001_P31_E05
AX001	BMH1_TG001_P31_H11
AX001	BMH1_TG001_P32_G09
AX001	BMH1_TG001_P32_D06
AX001	BMH1_TG001_P32_A07
AX001	BMH1_TG001_3_P12_B09
AX001	BMH1_TG001_3_P12_B01
AX001	BMH1_TG001_3_P11_E02
AX001	BMH1_TG001_P31_B01
AX001	BMH1_TG001_3_P11_C02
AX001	BMH1_TG001_3_P11_D11
AX001	BMH1_TG001_3_P12_C08
AX001	BMH1_TG001_3_P11_F12
AX001	BMH1_TG001_3_P12_C04
AX001	BMH1_TG001_P32_B07
AX001	BMH1_TG001_P32_G01
AX001	BMH1_TG001_3_P11_H06
AX001	BMH1_TG001_P31_E09
AX001	BMH1_TG001_3_P12_E12
AX001	BMH1_TG001_P31_H10
AX001	BMH1_TG001_3_P11_E10
AX001	BMH1_TG001_P32_H06
AX001	BMH1_TG001_P32_A08
AX001	BMH1_TG001_3_P12_A01
AX001	BMH1_TG001_P31_H07
AX001	BMH1_TG001_P31_H08
AX001	BMH1_TG001_P31_A03
AX001	BMH1_TG001_3_P12_A09
AX001	BMH1_TG001_3_P11_F07
AX001	BMH1_TG001_3_P12_H11
AX001	BMH1_TG001_P32_A09
AX001	BMH1_TG001_P32_F01
AX001	BMH1_TG001_P32_G11
AX001	BMH1_TG001_3_P11_G01
AX001	BMH1_TG001_P32_D08
AX001	BMH1_TG001_3_P12_C02
AX001	BMH1_TG001_3_P11_F02
AX001	BMH1_TG001_3_P11_A03
AX001	BMH1_TG001_3_P11_G02
AX001	BMH1_TG001_P32_B06
AX001	BMH1_TG001_3_P11_B11
AX001	BMH1_TG001_P32_E02
AX001	BMH1_TG001_3_P11_F04
AX001	BMH1_TG001_3_P12_E03
AX001	BMH1_TG001_3_P12_G08
AX001	BMH1_TG001_P31_G05
AX001	BMH1_TG001_3_P12_G03
AX001	BMH1_TG001_P31_B07
AX001	BMH1_TG001_3_P12_A04
AX001	BMH1_TG001_3_P12_G05
AX001	BMH1_TG001_P32_E10
AX001	BMH1_TG001_P32_D03
AX001	BMH1_TG001_P32_G04
AX001	BMH1_TG001_3_P12_C12
AX001	BMH1_TG001_P31_E12
AX001	BMH1_TG001_3_P12_B07
AX001	BMH1_TG001_3_P11_G09
AX001	BMH1_TG001_3_P12_E04
AX001	BMH1_TG001_3_P11_G07
AX001	BMH1_TG001_P32_F11
AX001	BMH1_TG001_3_P11_D12
AX001	BMH1_TG001_P31_B05
AX001	BMH1_TG001_P31_C01
AX001	BMH1_TG001_P32_H11
AX001	BMH1_TG001_3_P12_G09
AX001	BMH1_TG001_3_P11_A06
AX001	BMH1_TG001_P31_H09
AX001	BMH1_TG001_P32_A10
AX001	BMH1_TG001_P31_D03
AX001	BMH1_TG001_P32_H05
AX001	BMH1_TG001_P31_D07
AX001	BMH1_TG001_3_P12_C01
AX001	BMH1_TG001_P32_F08
AX001	BMH1_TG001_3_P12_C11
AX001	BMH1_TG001_3_P12_E07
AX001	BMH1_TG001_P31_F03
AX001	BMH1_TG001_3_P12_B02
AX001	BMH1_TG001_P32_F04
AX001	BMH1_TG001_3_P11_H11
AX001	BMH1_TG001_3_P12_A08
AX001	BMH1_TG001_3_P11_B08
AX001	BMH1_TG001_3_P12_B06
AX001	BMH1_TG001_3_P12_D02
AX001	BMH1_TG001_3_P11_F11
AX001	BMH1_TG001_3_P12_D08
AX001	BMH1_TG001_3_P11_B10
AX001	BMH1_TG001_3_P11_A09
AX001	BMH1_TG001_P31_C02
AX001	BMH1_TG001_P32_D02
AX001	BMH1_TG001_P31_G08
AX001	BMH1_TG001_P31_G10
AX001	BMH1_TG001_P32_B09
AX001	BMH1_TG001_3_P12_G11
AX001	BMH1_TG001_P31_A11
AX001	BMH1_TG001_P31_D06
AX001	BMH1_TG001_3_P11_C12
AX001	BMH1_TG001_3_P12_F06
AX001	BMH1_TG001_3_P11_F10
AX001	BMH1_TG001_3_P12_C09
AX001	BMH1_TG001_P32_C06
AX001	BMH1_TG001_P31_E01
AX001	BMH1_TG001_P31_G09
AX001	BMH1_TG001_P32_F06
AX001	BMH1_TG001_3_P12_G04
AX001	BMH1_TG001_3_P12_F10
AX001	BMH1_TG001_P31_F09
AX001	BMH1_TG001_3_P12_F01
AX001	BMH1_TG001_P32_A05
AX001	BMH1_TG001_P32_G02
AX001	BMH1_TG001_3_P12_A02
AX001	BMH1_TG001_3_P12_A12
AX001	BMH1_TG001_3_P12_F09
AX001	BMH1_TG001_P31_F11
AX001	BMH1_TG001_3_P12_H12
AX001	BMH1_TG001_3_P12_G01
AX001	BMH1_TG001_P32_G03
AX001	BMH1_TG001_3_P11_C07
AX001	BMH1_TG001_P31_H12
AX001	BMH1_TG001_P32_C03
AX001	BMH1_TG001_P32_H01
AX001	BMH1_TG001_P31_D05
AX001	BMH1_TG001_3_P12_H09
AX001	BMH1_TG001_P31_G12
AX001	BMH1_TG001_P32_A02
AX001	BMH1_TG001_P31_B02
AX001	BMH1_TG001_3_P11_B06
AX001	BMH1_TG001_3_P11_F08
AX001	BMH1_TG001_3_P12_C03
AX001	BMH1_TG001_3_P11_G12
AX001	BMH1_TG001_P31_F08
AX001	BMH1_TG001_3_P12_A03
AX001	BMH1_TG001_3_P12_F11
AX001	BMH1_TG001_P32_F02
AX001	BMH1_TG001_3_P11_A12
AX001	BMH1_TG001_P31_F07
AX001	BMH1_TG001_3_P12_E09
AX001	BMH1_TG001_3_P11_B02
AX001	BMH1_TG001_3_P12_E08
AX001	BMH1_TG001_P32_H09
AX001	BMH1_TG001_3_P12_B12
AX001	BMH1_TG001_3_P12_F05
AX001	BMH1_TG001_P31_C08
AX001	BMH1_TG001_3_P12_H05
AX001	BMH1_TG001_P32_C08
AX001	BMH1_TG001_3_P11_C08
AX001	BMH1_TG001_P31_A08
AX001	BMH1_TG001_P32_E07
AX001	BMH1_TG001_3_P11_A02
AX001	BMH1_TG001_P31_C07
AX001	BMH1_TG001_3_P11_A10
AX001	BMH1_TG001_3_P11_C03
AX001	BMH1_TG001_P31_H06
AX001	BMH1_TG001_3_P12_A10
AX001	BMH1_TG001_3_P11_E12
AX001	BMH1_TG001_P31_F04
AX001	BMH1_TG001_P32_D01
AX001	BMH1_TG001_3_P11_A04
AX001	BMH1_TG001_P31_F12
AX001	BMH1_TG001_3_P12_H04
AX001	BMH1_TG001_P32_A01
AX001	BMH1_TG001_P31_C04
AX001	BMH1_TG001_P31_F02
AX001	BMH1_TG001_P32_G06
AX001	BMH1_TG001_P32_C09
AX001	BMH1_TG001_P31_G02
AX001	BMH1_TG001_P32_E04
AX001	BMH1_TG001_3_P11_G03
AX001	BMH1_TG001_3_P11_A11
AX001	BMH1_TG001_3_P11_G05
AX001	BMH1_TG001_3_P11_A08
AX001	BMH1_TG001_P32_F09
AX001	BMH1_TG001_3_P11_C06
AX001	BMH1_TG001_3_P12_F12
AX001	BMH1_TG001_P31_E08
AX001	BMH1_TG001_P31_A05
AX001	BMH1_TG001_P31_C06
AX001	BMH1_TG001_P31_E11
AX001	BMH1_TG001_3_P12_A11
AX001	BMH1_TG001_P31_B04
AX001	BMH1_TG001_P32_C11
AX001	BMH1_TG001_3_P12_D11
AX001	BMH1_TG001_3_P11_H03
AX001	BMH1_TG001_P31_G07
AX001	BMH1_TG001_P32_H08
AX001	BMH1_TG001_P32_D09
AX001	BMH1_TG001_P32_G10
AX001	BMH1_TG001_3_P12_G06
AX001	BMH1_TG001_P31_A01
AX001	BMH1_TG001_P31_F06
AX001	BMH1_TG001_P31_C09
AX001	BMH1_TG001_P32_H04
AX001	BMH1_TG001_3_P12_D03
AX001	BMH1_TG001_3_P12_B08
AX001	BMH1_TG001_P31_C05
AX001	BMH1_TG001_P31_B08
AX001	BMH1_TG001_3_P12_D05
AX001	BMH1_TG001_3_P11_D09
AX001	BMH1_TG001_P31_E02
AX001	BMH1_TG001_P31_E06
AX001	BMH1_TG001_P31_A07
AX001	BMH1_TG001_P32_G07
AX001	BMH1_TG001_3_P12_F03
AX001	BMH1_TG001_P31_G04
AX001	BMH1_TG001_3_P12_F02
AX001	BMH1_TG001_3_P11_B05
AX001	BMH1_TG001_3_P12_H08
AX001	BMH1_TG001_3_P11_D08
AX001	BMH1_TG001_3_P11_B01
AX001	BMH1_TG001_3_P12_E01
AX001	BMH1_TG001_3_P12_B10
AX001	BMH1_TG001_3_P12_C10
AX001	BMH1_TG001_P32_E01
AX001	BMH1_TG001_P31_E07
AX001	BMH1_TG001_3_P12_D09
AX001	BMH1_TG001_P31_D12
AX001	BMH1_TG001_P31_D10
AX001	BMH1_TG001_P32_A06
AX001	BMH1_TG001_P31_C03
AX001	BMH1_TG001_P32_C01
AX001	BMH1_TG001_P32_F10
AX001	BMH1_TG001_3_P12_F08
AX001	BMH1_TG001_P31_A06
AX001	BMH1_TG001_P32_C07
AX001	BMH1_TG001_P31_B06
AX001	BMH1_TG001_P31_D08
AX001	BMH1_TG001_P32_G05
AX001	BMH1_TG001_P32_C10
AX001	BMH1_TG001_3_P11_B03
AX001	BMH1_TG001_3_P11_A01
AX001	BMH1_TG001_3_P12_F07
AX001	BMH1_TG001_P32_D04
AX001	BMH1_TG001_P31_B09
AX001	BMH1_TG001_3_P11_G10
AX001	BMH1_TG001_3_P12_D12
AX001	BMH1_TG001_3_P11_F06
AX001	BMH1_TG001_3_P12_H07
AX001	BMH1_TG001_3_P12_B04
AX001	BMH1_TG001_3_P12_A05
AX001	BMH1_TG001_P32_D10
AX001	BMH1_TG001_P31_A10
AX001	BMH1_TG001_P31_A12
AX001	BMH1_TG001_P32_D05
AX001	BMH1_TG001_3_P11_H12
AX001	BMH1_TG001_P32_E09
AX001	BMH1_TG001_3_P12_D07
PD7271	PD7271c_lo0018
PD7271	PD7271c_lo0053
PD7271	PD7271c_lo0042
PD7271	PD7271c_lo0055
PD7271	PD7271c_lo0056
PD7271	PD7271c_lo0050
PD7271	PD7271c_lo0088
PD7271	PD7271c_lo0075
PD7271	PD7271c_lo0041
PD7271	PD7271c_lo0092
PD7271	PD7271c_lo0054
PD7271	PD7271c_lo0089
PD5182	PD5182dl_lo0043
PD5847	PD5847h_lo0138
PD5847	PD5847h_lo0099
PD5847	PD5847h_lo0139
PD5847	PD5847h_lo0130
PD5847	PD5847h_lo0140
PD5847	PD5847h_lo0026
PD5847	PD5847h_lo0179
PD5847	PD5847h_lo0145
PD5847	PD5847h_lo0033
PD5179	PD5179bg
PD5179	PD5179bh
PD5179	PD5179db
PD5179	PD5179ax
PD5179	PD5179cp
PD6634	PD6634d_lo0014
PD6634	PD6634d_lo0037
PD6634	PD6634d_lo0025
PD6634	PD6634d_lo0001
PD6634	PD6634d_lo0018
PD6634	PD6634d_lo0006
PD6634	PD6634d_lo0035
PD6634	PD6634d_lo0007
PD6634	PD6634d_lo0005
PD6634	PD6634d_lo0034
PD6634	PD6634d_lo0033
PD6634	PD6634d_lo0017
PD6634	PD6634d_lo0023
PD6634	PD6634d_lo0019
PD6634	PD6634d_lo0002
PD6634	PD6634d_lo0016
PD6634	PD6634d_lo0011
PD6634	PD6634d_lo0038
PD6634	PD6634d_lo0029
PD6634	PD6634d_lo0024
PD6634	PD6634d_lo0020
PD6634	PD6634d_lo0036
PD6634	PD6634d_lo0027
PD6634	PD6634d_lo0013
PD6634	PD6634d_lo0043
PD6634	PD6634d_lo0042
PD6634	PD6634d_lo0039
PD6634	PD6634d_lo0004
PD6634	PD6634d_lo0040
PD6634	PD6634d_lo0022
PD6634	PD6634d_lo0026
PD6634	PD6634d_lo0028
PD6634	PD6634d_lo0008
PD6634	PD6634d_lo0003
PD6634	PD6634d_lo0015
PD6634	PD6634d_lo0031
PD6629	PD6629j
PD6629	PD6629db_lo0002
PD6629	PD6629db_lo0018
PD6646	PD6646d_lo043
PD5117	PD5117u
PD5117	PD5117cy
PD5117	PD5117dd
PD5117	PD5117bn
PD5117	PD5117bc
PD5117	PD5117ch
PD5117	PD5117cr
PD5117	PD5117bh
PD5117	PD5117ad
PD5117	PD5117be
PD5117	PD5117by
PD5117	PD5117av
PD5117	PD5117am
PD5117	PD5117ck
PD5117	PD5117bo
PD5117	PD5117co
PD5117	PD5117cj
PD5117	PD5117ae
PD5117	PD5117cn
PD5117	PD5117bu
PD5117	PD5117bz
PD5117	PD5117dc
PD5117	PD5117cg
PD5117	PD5117az
PD5117	PD5117cu
PD5117	PD5117da
PD5117	PD5117bk
PD5117	PD5117bb
PD4781	PD4781c_lo0004
PD4781	PD4781c_lo0026
PD4781	PD4781c_lo0030
PD4781	PD4781d_lo0023
PD4781	PD4781c_lo0016
PD4781	PD4781c_lo0020
PD4781	PD4781c_lo0044
PD4781	PD4781d_lo0026
PD4781	PD4781c_lo0008
PD4781	PD4781d_lo0032
PD4781	PD4781c_lo0040
PD4781	PD4781d_lo0005
PD4781	PD4781d_lo0017
PD48367b	Cl.2
PD48367b	Cl.11
PD48367b	Cl.27
PD48367b	Cl.34
PD48367b	Cl.17
PD48367b	Cl.38
PD48367b	Cl.8
PD48367b	Cl.21
PD48367b	Cl.22
PD48367b	Cl.28
PD48367b	Cl.40
PD48367b	Cl.54
PD48367b	Cl.7
PD48367b	Cl.41
PD48367b	Cl.15
PD48367b	Cl.32
PD48367b	Cl.26
PD48367b	Cl.35
PD48367b	Cl.25
PD48367b	Cl.19
PD48367c	Cl.9
PD48367c	Cl.10
PD48367c	Cl.16
PD48367c	Cl.34
PD48367c	Cl.2
PD48367c	Cl.4
PD48367c	Cl.29
PD48367c	Cl.5
PD48367c	Cl.30
PD48367c	Cl.8
PD48367c	Cl.28
PD48367c	Cl.11
PD48367c	Cl.1
PD48367c	Cl.31
PD48367c	Cl.19
PD48367c	Cl.25
PD48367c	Cl.40
PD48367d	Cl.39
PD48367d	Cl.20
PD48367d	Cl.5
PD48367d	Cl.17
PD48367d	Cl.43
PD48367d	Cl.22
PD48367d	Cl.15
PD48367d	Cl.29
PD48367d	Cl.4
PD48367d	Cl.8
PD48367d	Cl.11
PD48367d	Cl.13
PD48367d	Cl.30
PD48367d	Cl.16
PD48367d	Cl.24
PD48367e	Cl.24
PD48367e	Cl.38
PD48367e	Cl.10
PD48367e	Cl.31
PD48367e	Cl.2
PD48367e	Cl.4
PD48367e	Cl.52
PD48367e	Cl.53
PD48367e	Cl.7
PD48367e	Cl.13
PD48367e	Cl.29
PD48367e	Cl.22
PD48367e	Cl.6
PD48367e	Cl.26
PD48367e	Cl.33
PD48367e	Cl.20
PD48367e	Cl.27
PD48367e	Cl.45
PD48367e	Cl.9
PD48367e	Cl.18
PD48367e	Cl.35
PD48367e	Cl.54
PD48367f	Cl.3
PD48367f	Cl.12
PD48367f	Cl.35
PD48367f	Cl.1
PD48367f	Cl.30
PD48367f	Cl.27
PD48367f	Cl.5
PD48367f	Cl.9
PD48367f	Cl.11
PD48367f	Cl.14
PD48367f	Cl.15
PD48367f	Cl.22
PD48367f	Cl.23
PD48367f	Cl.38
PD48367f	Cl.17
PD48367f	Cl.26
PD48367f	Cl.7
PD48367f	Cl.20
PD48367g	Cl.47
PD48367g	Cl.18
PD48367g	Cl.28
PD48367g	Cl.25
PD48367g	Cl.35
PD48367g	Cl.7
PD48367g	Cl.46
PD48367g	Cl.6
PD48367g	Cl.12
PD48367g	Cl.29
PD48367g	Cl.31
PD48367g	Cl.2
PD48367g	Cl.3
PD48367g	Cl.10
PD48367g	Cl.40
PD48367g	Cl.22
PD48367g	Cl.1
PD48367g	Cl.4
PD48367g	Cl.9
PD48367g	Cl.20
PD48367g	Cl.14
PD48367h	Cl.25
PD48367h	Cl.37
PD48367h	Cl.32
PD48367h	Cl.1
PD48367h	Cl.14
PD48367h	Cl.26
PD48367h	Cl.16
PD48367h	Cl.17
PD48367h	Cl.2
PD48367h	Cl.4
PD48367h	Cl.39
PD48367h	Cl.40
PD48367h	Cl.23
PD48367h	Cl.10
PD48367h	Cl.21
PD48367h	Cl.22
PD48367h	Cl.9
PD48372b	Cl.12
PD48372b	Cl.22
PD48372b	Cl.24
PD48372b	Cl.34
PD48372b	Cl.2
PD48372b	Cl.11
PD48372b	Cl.28
PD48372b	Cl.31
PD48372b	Cl.4
PD48372b	Cl.29
PD48372b	Cl.21
PD48372b	Cl.42
PD48372b	Cl.36
PD48372b	Cl.10
PD48372b	Cl.16
PD48372b	Cl.23
PD48372b	Cl.25
PD48372b	Cl.26
PD48372c	Cl.24
PD48372c	Cl.41
PD48372c	Cl.7
PD48372c	Cl.25
PD48372c	Cl.23
PD48372c	Cl.12
PD48372c	Cl.30
PD48372c	Cl.4
PD48372c	Cl.40
PD48372c	Cl.8
PD48372c	Cl.20
PD48372c	Cl.28
PD48372c	Cl.26
PD48372c	Cl.35
PD48372c	Cl.6
PD48372c	Cl.22
PD48372c	Cl.39
PD48372c	Cl.5
PD48372c	Cl.14
PD48372c	Cl.15
PD48372c	Cl.27
PD48372c	Cl.44
PD48372c	Cl.61
PD48372d	Cl.14
PD48372d	Cl.16
PD48372d	Cl.41
PD48372d	Cl.13
PD48372d	Cl.8
PD48372d	Cl.40
PD48372d	Cl.24
PD48372d	Cl.22
PD48372d	Cl.33
PD48372d	Cl.5
PD48372d	Cl.38
PD48372d	Cl.36
PD48372d	Cl.30
PD48372d	Cl.31
PD48372d	Cl.21
PD48372d	Cl.45
PD48372d	Cl.1
PD48372d	Cl.11
PD48372d	Cl.28
PD48372e	Cl.21
PD48372e	Cl.10
PD48372e	Cl.20
PD48372e	Cl.15
PD48372e	Cl.26
PD48372e	Cl.7
PD48372e	Cl.1
PD48372e	Cl.27
PD48372e	Cl.33
PD48372e	Cl.3
PD48372e	Cl.8
PD48372e	Cl.11
PD48372e	Cl.14
PD48372e	Cl.12
PD48372e	Cl.19
PD48372e	Cl.22
PD48372e	Cl.25
PD48372f	Cl.32
PD48372f	Cl.38
PD48372f	Cl.1
PD48372f	Cl.7
PD48372f	Cl.29
PD48372f	Cl.37
PD48372f	Cl.24
PD48372f	Cl.36
PD48372f	Cl.11
PD48372f	Cl.28
PD48372f	Cl.17
PD48372f	Cl.9
PD48372f	Cl.22
PD48372f	Cl.16
PD48372f	Cl.19
PD48372f	Cl.39
PD48372f	Cl.20
PD48372f	Cl.23
PD48372f	Cl.49
PD48372g	Cl.10
PD48372g	Cl.40
PD48372g	Cl.27
PD48372g	Cl.28
PD48372g	Cl.37
PD48372g	Cl.33
PD48372g	Cl.6
PD48372g	Cl.42
PD48372g	Cl.44
PD48372g	Cl.9
PD48372g	Cl.24
PD48372g	Cl.14
PD48372g	Cl.17
PD48372g	Cl.4
PD48372g	Cl.5
PD48372g	Cl.8
PD48372g	Cl.15
PD48372g	Cl.18
PD48372g	Cl.20
PD48372g	Cl.32
PD48372g	Cl.39
PD48372g	Cl.41
PD48372h	Cl.30
PD48372h	Cl.32
PD48372h	Cl.10
PD48372h	Cl.36
PD48372h	Cl.27
PD48372h	Cl.12
PD48372h	Cl.25
PD48372h	Cl.34
PD48372h	Cl.31
PD48372h	Cl.13
PD48372h	Cl.14
PD48372h	Cl.18
PD48372h	Cl.19
PD48372h	Cl.38
PD48372h	Cl.1
PD48372h	Cl.29
PD48372h	Cl.7
PD48372h	Cl.9
PD48372h	Cl.15
PD48372h	Cl.21
PD48372h	Cl.28
PD48372h	Cl.37
Pair11	PD45792b_lo0001
Pair11	PD45792b_lo0142
Pair11	PD45792b_lo0160
Pair11	PD45792b_lo0215
Pair11	PD45792b_lo0197
Pair11	PD45792b_lo0190
Pair11	PD45792b_lo0040
Pair11	PD45792b_lo0260
Pair11	PD45792b_lo0131
Pair11	PD45792b_lo0272
Pair11	PD45792b_lo0053
Pair11	PD45792b_lo0236
Pair11	PD45792b_lo0023
Pair11	PD45792b_lo0266
Pair11	PD45792b_lo0153
Pair11	PD45792b_lo0054
Pair11	PD45792b_lo0231
Pair11	PD45792b_lo0239
Pair11	PD45792b_lo0112
Pair11	PD45792b_lo0211
Pair11	PD45793b_lo0059
Pair11	PD45792b_lo0128
Pair11	PD45792b_lo0247
Pair11	PD45792b_lo0140
Pair11	PD45792b_lo0164
Pair11	PD45792b_lo0201
Pair11	PD45792b_lo0205
Pair11	PD45792b_lo0230
Pair11	PD45792b_lo0149
Pair11	PD45792b_lo0193
Pair11	PD45792b_lo0155
Pair11	PD45792b_lo0016
Pair11	PD45792b_lo0279
Pair11	PD45792b_lo0125
Pair11	PD45792b_lo0200
Pair11	PD45792b_lo0031
Pair11	PD45792b_lo0271
Pair11	PD45793b_lo0080
Pair11	PD45792b_lo0287
Pair11	PD45792b_lo0103
Pair11	PD45792b_lo0154
Pair11	PD45792b_lo0123
Pair11	PD45792b_lo0208
Pair11	PD45793b_lo0026
Pair11	PD45792b_lo0150
Pair11	PD45792b_lo0235
Pair11	PD45792b_lo0121
Pair11	PD45793b_lo0038
Pair11	PD45792b_lo0098
Pair11	PD45793b_lo0108
Pair11	PD45793b_lo0083
Pair11	PD45792b_lo0137
Pair11	PD45792b_lo0008
Pair11	PD45792b_lo0032
Pair11	PD45792b_lo0045
Pair11	PD45792b_lo0113
Pair11	PD45792b_lo0132
Pair11	PD45792b_lo0002
Pair11	PD45792b_lo0039
Pair11	PD45792b_lo0232
Pair11	PD45792b_lo0170
Pair11	PD45792b_lo0057
Pair11	PD45792b_lo0146
Pair11	PD45792b_lo0244
Pair11	PD45792b_lo0199
Pair11	PD45792b_lo0237
Pair11	PD45792b_lo0097
Pair11	PD45792b_lo0148
Pair11	PD45792b_lo0044
Pair11	PD45792b_lo0033
Pair11	PD45792b_lo0107
Pair11	PD45793b_lo0005
Pair11	PD45793b_lo0031
Pair11	PD45792b_lo0027
Pair11	PD45792b_lo0248
Pair11	PD45792b_lo0042
Pair11	PD45792b_lo0175
Pair11	PD45792b_lo0012
Pair11	PD45793b_lo0142
Pair11	PD45793b_lo0144
Pair11	PD45792b_lo0055
Pair11	PD45792b_lo0130
Pair11	PD45792b_lo0163
Pair11	PD45792b_lo0269
Pair11	PD45792b_lo0286
Pair11	PD45792b_lo0224
Pair11	PD45792b_lo0003
Pair11	PD45792b_lo0253
Pair11	PD45793b_lo0219
Pair11	PD45792b_lo0162
Pair11	PD45792b_lo0241
Pair11	PD45792b_lo0245
Pair11	PD45793b_lo0019
Pair11	PD45793b_lo0039
Pair11	PD45793b_lo0163
Pair11	PD45793b_lo0121
Pair11	PD45793b_lo0193
Pair11	PD45793b_lo0085
Pair11	PD45793b_lo0123
Pair11	PD45792b_lo0043
Pair11	PD45792b_lo0005
Pair11	PD45792b_lo0151
Pair11	PD45793b_lo0012
Pair11	PD45793b_lo0164
Pair11	PD45792b_lo0120
Pair11	PD45792b_lo0122
Pair11	PD45792b_lo0011
Pair11	PD45792b_lo0049
Pair11	PD45792b_lo0283
Pair11	PD45792b_lo0117
Pair11	PD45792b_lo0176
Pair11	PD45792b_lo0030
Pair11	PD45792b_lo0226
Pair11	PD45792b_lo0227
Pair11	PD45792b_lo0189
Pair11	PD45793b_lo0237
Pair11	PD45792b_lo0261
Pair11	PD45792b_lo0278
Pair11	PD45792b_lo0281
Pair11	PD45792b_lo0198
Pair11	PD45792b_lo0213
Pair11	PD45792b_lo0018
Pair11	PD45792b_lo0276
Pair11	PD45792b_lo0028
Pair11	PD45792b_lo0206
Pair11	PD45793b_lo0288
Pair11	PD45793b_lo0092
Pair11	PD45793b_lo0203
Pair11	PD45792b_lo0009
Pair11	PD45792b_lo0145
Pair11	PD45793b_lo0071
Pair11	PD45792b_lo0111
Pair11	PD45792b_lo0255
Pair11	PD45792b_lo0119
Pair11	PD45792b_lo0143
Pair11	PD45792b_lo0233
Pair11	PD45792b_lo0157
Pair11	PD45792b_lo0052
Pair11	PD45793b_lo0018
Pair11	PD45792b_lo0202
Pair11	PD45792b_lo0047
Pair11	PD45792b_lo0102
Pair11	PD45792b_lo0256
Pair11	PD45793b_lo0067
Pair11	PD45793b_lo0132
Pair11	PD45793b_lo0197
Pair11	PD45793b_lo0139
Pair11	PD45792b_lo0171
Pair11	PD45792b_lo0099
Pair11	PD45792b_lo0126
Pair11	PD45792b_lo0147
Pair11	PD45792b_lo0214
Pair11	PD45792b_lo0051
Pair11	PD45792b_lo0144
Pair11	PD45792b_lo0014
Pair11	PD45793b_lo0053
Pair11	PD45792b_lo0270
Pair11	PD45792b_lo0021
Pair11	PD45792b_lo0210
Pair11	PD45792b_lo0275
Pair11	PD45792b_lo0056
Pair11	PD45792b_lo0218
Pair11	PD45792b_lo0116
Pair11	PD45792b_lo0104
Pair11	PD45793b_lo0014
Pair11	PD45792b_lo0188
Pair11	PD45792b_lo0221
Pair11	PD45792b_lo0254
Pair11	PD45792b_lo0114
Pair11	PD45792b_lo0035
Pair11	PD45793b_lo0196
Pair11	PD45792b_lo0257
Pair11	PD45792b_lo0183
Pair11	PD45792b_lo0250
Pair11	PD45793b_lo0020
Pair11	PD45792b_lo0134
Pair11	PD45792b_lo0187
Pair11	PD45792b_lo0004
Pair11	PD45792b_lo0217
Pair11	PD45792b_lo0152
Pair11	PD45792b_lo0158
Pair11	PD45792b_lo0161
Pair11	PD45793b_lo0066
Pair11	PD45792b_lo0186
Pair11	PD45792b_lo0100
Pair11	PD45792b_lo0046
Pair11	PD45792b_lo0020
Pair11	PD45793b_lo0073
Pair11	PD45793b_lo0076
Pair11	PD45793b_lo0182
Pair11	PD45793b_lo0161
Pair11	PD45792b_lo0267
Pair11	PD45792b_lo0273
Pair11	PD45793b_lo0010
Pair11	PD45793b_lo0016
Pair11	PD45792b_lo0280
Pair11	PD45793b_lo0057
Pair11	PD45793b_lo0075
Pair11	PD45792b_lo0191
Pair11	PD45793b_lo0131
Pair11	PD45793b_lo0166
Pair11	PD45792b_lo0196
Pair11	PD45792b_lo0258
Pair11	PD45793b_lo0148
Pair11	PD45792b_lo0182
Pair11	PD45793b_lo0127
Pair11	PD45793b_lo0206
Pair11	PD45792b_lo0242
Pair11	PD45792b_lo0108
Pair11	PD45792b_lo0277
Pair11	PD45792b_lo0118
Pair11	PD45792b_lo0243
Pair11	PD45792b_lo0013
Pair11	PD45792b_lo0010
Pair11	PD45793b_lo0153
Pair11	PD45793b_lo0149
Pair11	PD45793b_lo0140
Pair11	PD45792b_lo0038
Pair11	PD45792b_lo0220
Pair11	PD45793b_lo0114
Pair11	PD45793b_lo0191
Pair11	PD45793b_lo0287
Pair11	PD45792b_lo0284
Pair11	PD45792b_lo0223
Pair11	PD45793b_lo0041
Pair11	PD45793b_lo0147
Pair11	PD45793b_lo0054
Pair11	PD45792b_lo0115
Pair11	PD45792b_lo0135
Pair11	PD45792b_lo0263
Pair11	PD45793b_lo0011
Pair11	PD45792b_lo0024
Pair11	PD45793b_lo0001
Pair11	PD45793b_lo0046
Pair11	PD45793b_lo0174
Pair11	PD45793b_lo0192
Pair11	PD45793b_lo0138
Pair11	PD45793b_lo0117
Pair11	PD45793b_lo0002
Pair11	PD45793b_lo0015
Pair11	PD45793b_lo0195
Pair11	PD45793b_lo0040
Pair11	PD45793b_lo0078
Pair11	PD45793b_lo0013
Pair11	PD45793b_lo0032
Pair11	PD45793b_lo0102
Pair11	PD45793b_lo0233
Pair11	PD45793b_lo0042
Pair11	PD45793b_lo0110
Pair11	PD45793b_lo0152
Pair11	PD45793b_lo0064
Pair11	PD45793b_lo0077
Pair11	PD45793b_lo0190
Pair11	PD45793b_lo0058
Pair11	PD45793b_lo0082
Pair11	PD45793b_lo0210
Pair11	PD45793b_lo0116
Pair11	PD45793b_lo0128
Pair11	PD45793b_lo0242
Pair11	PD45793b_lo0043
Pair11	PD45793b_lo0003
Pair11	PD45793b_lo0025
Pair11	PD45793b_lo0184
Pair11	PD45793b_lo0218
Pair11	PD45793b_lo0007
Pair11	PD45793b_lo0049
Pair11	PD45793b_lo0112
Pair11	PD45793b_lo0021
Pair11	PD45793b_lo0030
Pair11	PD45793b_lo0086
Pair11	PD45793b_lo0091
Pair11	PD45793b_lo0106
Pair11	PD45793b_lo0155
Pair11	PD45793b_lo0244
Pair11	PD45793b_lo0052
Pair11	PD45793b_lo0070
Pair11	PD45793b_lo0111
Pair11	PD45793b_lo0187
Pair11	PD45793b_lo0134
Pair11	PD45793b_lo0251
Pair11	PD45793b_lo0141
Pair11	PD45793b_lo0089
Pair11	PD45793b_lo0202
Pair11	PD45793b_lo0283
Pair11	PD45793b_lo0004
Pair11	PD45793b_lo0088
Pair11	PD45793b_lo0028
Pair11	PD45793b_lo0267
Pair11	PD45793b_lo0115
Pair11	PD45793b_lo0262
Pair11	PD45793b_lo0068
Pair11	PD45793b_lo0135
Pair11	PD45793b_lo0097
Pair11	PD45793b_lo0118
Pair11	PD45793b_lo0286
Pair11	PD45793b_lo0029
Pair11	PD45793b_lo0035
Pair11	PD45793b_lo0061
Pair11	PD45793b_lo0170
Pair11	PD45793b_lo0060
Pair11	PD45793b_lo0006
Pair11	PD45793b_lo0194
Pair11	PD45793b_lo0017
Pair11	PD45793b_lo0022
Pair11	PD45793b_lo0023
Pair11	PD45793b_lo0036
Pair11	PD45793b_lo0024
Pair11	PD45793b_lo0130
Pair11	PD45793b_lo0062
Pair11	PD45793b_lo0084
Pair11	PD45793b_lo0186
Pair11	PD45793b_lo0109
Pair11	PD45793b_lo0235
Pair11	PD45793b_lo0069
Pair11	PD45793b_lo0125
Pair11	PD45793b_lo0027
Pair11	PD45793b_lo0034
Pair11	PD45793b_lo0159
Pair11	PD45793b_lo0099
Pair11	PD45793b_lo0247
Pair11	PD45792b_lo0136
Pair11	PD45792b_lo0025
Pair11	PD45792b_lo0048
Pair11	PD45792b_lo0139
Pair11	PD45792b_lo0219
Pair11	Ancestral
Pair13	PD45794b_lo0001
Pair13	PD45795b_lo0189
Pair13	PD45794b_lo0371
Pair13	PD45795b_lo0066
Pair13	PD45795b_lo0265
Pair13	PD45795b_lo0280
Pair13	PD45794b_lo0307
Pair13	PD45794b_lo0048
Pair13	PD45795b_lo0183
Pair13	PD45794b_lo0040
Pair13	PD45795b_lo0206
Pair13	PD45794b_lo0008
Pair13	PD45794b_lo0301
Pair13	PD45795b_lo0017
Pair13	PD45795b_lo0055
Pair13	PD45795b_lo0240
Pair13	PD45795b_lo0119
Pair13	PD45795b_lo0125
Pair13	PD45794b_lo0292
Pair13	PD45795b_lo0098
Pair13	PD45795b_lo0114
Pair13	PD45795b_lo0243
Pair13	PD45795b_lo0170
Pair13	PD45794b_lo0039
Pair13	PD45795b_lo0208
Pair13	PD45794b_lo0011
Pair13	PD45794b_lo0035
Pair13	PD45794b_lo0362
Pair13	PD45794b_lo0317
Pair13	PD45794b_lo0300
Pair13	PD45794b_lo0336
Pair13	PD45795b_lo0261
Pair13	PD45794b_lo0372
Pair13	PD45795b_lo0100
Pair13	PD45795b_lo0164
Pair13	PD45795b_lo0007
Pair13	PD45795b_lo0108
Pair13	PD45795b_lo0048
Pair13	PD45795b_lo0032
Pair13	PD45795b_lo0133
Pair13	PD45795b_lo0213
Pair13	PD45795b_lo0214
Pair13	PD45795b_lo0013
Pair13	PD45795b_lo0117
Pair13	PD45794b_lo0303
Pair13	PD45795b_lo0147
Pair13	PD45795b_lo0236
Pair13	PD45794b_lo0062
Pair13	PD45795b_lo0124
Pair13	PD45795b_lo0272
Pair13	PD45795b_lo0135
Pair13	PD45795b_lo0136
Pair13	PD45795b_lo0131
Pair13	PD45795b_lo0132
Pair13	PD45795b_lo0248
Pair13	PD45794b_lo0032
Pair13	PD45794b_lo0007
Pair13	PD45795b_lo0121
Pair13	PD45795b_lo0168
Pair13	PD45794b_lo0018
Pair13	PD45794b_lo0384
Pair13	PD45794b_lo0050
Pair13	PD45794b_lo0034
Pair13	PD45794b_lo0059
Pair13	PD45794b_lo0349
Pair13	PD45794b_lo0063
Pair13	PD45795b_lo0105
Pair13	PD45795b_lo0128
Pair13	PD45795b_lo0021
Pair13	PD45794b_lo0299
Pair13	PD45794b_lo0025
Pair13	PD45794b_lo0010
Pair13	PD45795b_lo0005
Pair13	PD45795b_lo0262
Pair13	PD45795b_lo0246
Pair13	PD45795b_lo0267
Pair13	PD45795b_lo0201
Pair13	PD45795b_lo0264
Pair13	PD45795b_lo0258
Pair13	PD45795b_lo0039
Pair13	PD45795b_lo0188
Pair13	PD45795b_lo0081
Pair13	PD45795b_lo0238
Pair13	PD45794b_lo0029
Pair13	PD45794b_lo0369
Pair13	PD45795b_lo0259
Pair13	PD45795b_lo0034
Pair13	PD45795b_lo0129
Pair13	PD45795b_lo0221
Pair13	PD45795b_lo0269
Pair13	PD45794b_lo0045
Pair13	PD45795b_lo0286
Pair13	PD45794b_lo0054
Pair13	PD45794b_lo0306
Pair13	PD45795b_lo0083
Pair13	PD45795b_lo0144
Pair13	PD45794b_lo0350
Pair13	PD45794b_lo0004
Pair13	PD45795b_lo0064
Pair13	PD45795b_lo0255
Pair13	PD45795b_lo0205
Pair13	PD45795b_lo0185
Pair13	PD45795b_lo0231
Pair13	PD45795b_lo0018
Pair13	PD45795b_lo0155
Pair13	PD45795b_lo0019
Pair13	PD45795b_lo0026
Pair13	PD45795b_lo0106
Pair13	PD45795b_lo0203
Pair13	PD45795b_lo0037
Pair13	PD45795b_lo0111
Pair13	PD45795b_lo0087
Pair13	PD45795b_lo0024
Pair13	PD45795b_lo0220
Pair13	PD45795b_lo0020
Pair13	PD45795b_lo0171
Pair13	PD45795b_lo0284
Pair13	PD45795b_lo0182
Pair13	PD45795b_lo0241
Pair13	PD45795b_lo0068
Pair13	PD45795b_lo0109
Pair13	PD45794b_lo0017
Pair13	PD45795b_lo0277
Pair13	PD45795b_lo0180
Pair13	PD45795b_lo0251
Pair13	PD45794b_lo0323
Pair13	PD45794b_lo0324
Pair13	PD45794b_lo0294
Pair13	PD45794b_lo0332
Pair13	PD45794b_lo0353
Pair13	PD45795b_lo0012
Pair13	PD45794b_lo0038
Pair13	PD45794b_lo0002
Pair13	PD45794b_lo0293
Pair13	PD45794b_lo0341
Pair13	PD45794b_lo0365
Pair13	PD45794b_lo0019
Pair13	PD45794b_lo0375
Pair13	PD45795b_lo0022
Pair13	PD45795b_lo0088
Pair13	PD45795b_lo0141
Pair13	PD45795b_lo0145
Pair13	PD45795b_lo0053
Pair13	PD45795b_lo0233
Pair13	PD45795b_lo0282
Pair13	PD45794b_lo0304
Pair13	PD45794b_lo0290
Pair13	PD45795b_lo0010
Pair13	PD45795b_lo0173
Pair13	PD45795b_lo0011
Pair13	PD45795b_lo0156
Pair13	PD45795b_lo0090
Pair13	PD45795b_lo0252
Pair13	PD45795b_lo0157
Pair13	PD45795b_lo0186
Pair13	PD45795b_lo0130
Pair13	PD45795b_lo0210
Pair13	PD45795b_lo0223
Pair13	PD45795b_lo0257
Pair13	PD45795b_lo0198
Pair13	PD45795b_lo0123
Pair13	PD45795b_lo0222
Pair13	PD45795b_lo0140
Pair13	PD45795b_lo0244
Pair13	PD45795b_lo0212
Pair13	PD45795b_lo0227
Pair13	PD45795b_lo0200
Pair13	PD45795b_lo0169
Pair13	PD45795b_lo0242
Pair13	PD45795b_lo0036
Pair13	PD45795b_lo0058
Pair13	PD45794b_lo0295
Pair13	PD45794b_lo0298
Pair13	PD45795b_lo0239
Pair13	PD45795b_lo0099
Pair13	PD45795b_lo0078
Pair13	PD45794b_lo0297
Pair13	PD45794b_lo0308
Pair13	PD45794b_lo0310
Pair13	PD45795b_lo0094
Pair13	PD45795b_lo0199
Pair13	PD45795b_lo0232
Pair13	PD45794b_lo0055
Pair13	PD45794b_lo0060
Pair13	PD45794b_lo0051
Pair13	PD45795b_lo0031
Pair13	PD45795b_lo0075
Pair13	PD45795b_lo0250
Pair13	PD45795b_lo0260
Pair13	PD45794b_lo0006
Pair13	PD45795b_lo0103
Pair13	PD45795b_lo0216
Pair13	PD45795b_lo0287
Pair13	PD45795b_lo0237
Pair13	PD45794b_lo0354
Pair13	PD45795b_lo0049
Pair13	PD45794b_lo0352
Pair13	PD45794b_lo0296
Pair13	PD45795b_lo0042
Pair13	PD45794b_lo0377
Pair13	PD45794b_lo0318
Pair13	PD45794b_lo0064
Pair13	PD45794b_lo0302
Pair13	PD45795b_lo0063
Pair13	PD45795b_lo0202
Pair13	PD45794b_lo0342
Pair13	PD45795b_lo0196
Pair13	PD45795b_lo0197
Pair13	PD45795b_lo0219
Pair13	PD45795b_lo0224
Pair13	PD45795b_lo0279
Pair13	PD45795b_lo0229
Pair13	PD45795b_lo0273
Pair13	PD45795b_lo0023
Pair13	PD45795b_lo0050
Pair13	PD45795b_lo0245
Pair13	PD45795b_lo0247
Pair13	PD45795b_lo0060
Pair13	PD45794b_lo0009
Pair13	PD45794b_lo0361
Pair13	PD45794b_lo0013
Pair13	PD45794b_lo0037
Pair13	PD45794b_lo0358
Pair13	PD45794b_lo0347
Pair13	PD45794b_lo0031
Pair13	PD45794b_lo0343
Pair13	PD45794b_lo0041
Pair13	PD45794b_lo0049
Pair13	PD45794b_lo0057
Pair13	PD45794b_lo0061
Pair13	PD45794b_lo0357
Pair13	PD45794b_lo0320
Pair13	PD45795b_lo0028
Pair13	PD45795b_lo0070
Pair13	PD45795b_lo0091
Pair13	PD45795b_lo0116
Pair13	PD45795b_lo0228
Pair13	PD45795b_lo0153
Pair13	PD45794b_lo0311
Pair13	PD45794b_lo0044
Pair13	PD45794b_lo0313
Pair13	PD45795b_lo0043
Pair13	PD45794b_lo0058
Pair13	PD45795b_lo0093
Pair13	PD45795b_lo0115
Pair13	PD45795b_lo0230
Pair13	PD45795b_lo0193
Pair13	PD45795b_lo0283
Pair13	PD45794b_lo0316
Pair13	PD45794b_lo0067
Pair13	PD45794b_lo0370
Pair13	PD45795b_lo0076
Pair13	PD45795b_lo0096
Pair13	PD45795b_lo0266
Pair13	PD45795b_lo0151
Pair13	PD45795b_lo0215
Pair13	PD45794b_lo0374
Pair13	PD45794b_lo0379
Pair13	PD45795b_lo0045
Pair13	PD45795b_lo0046
Pair13	PD45795b_lo0047
Pair13	PD45795b_lo0192
Pair13	PD45795b_lo0209
Pair13	PD45795b_lo0120
Pair13	PD45794b_lo0351
Pair13	PD45795b_lo0148
Pair13	PD45795b_lo0004
Pair13	PD45795b_lo0029
Pair13	PD45795b_lo0110
Pair13	PD45795b_lo0268
Pair13	PD45795b_lo0074
Pair13	PD45795b_lo0179
Pair13	PD45795b_lo0082
Pair13	PD45794b_lo0348
Pair13	PD45794b_lo0028
Pair13	PD45795b_lo0270
Pair13	PD45795b_lo0278
Pair13	PD45795b_lo0097
Pair13	PD45794b_lo0289
Pair13	PD45795b_lo0152
Pair13	PD45795b_lo0249
Pair13	PD45795b_lo0174
Pair13	PD45795b_lo0276
Pair13	PD45794b_lo0043
Pair13	PD45794b_lo0367
Pair13	PD45794b_lo0376
Pair13	PD45795b_lo0054
Pair13	PD45795b_lo0101
Pair13	PD45795b_lo0085
Pair13	PD45795b_lo0263
Pair13	PD45794b_lo0027
Pair13	PD45794b_lo0021
Pair13	PD45795b_lo0254
Pair13	PD45794b_lo0014
Pair13	PD45795b_lo0207
Pair13	PD45794b_lo0053
Pair13	PD45795b_lo0127
Pair13	PD45794b_lo0036
Pair13	Ancestral
Pair21	PD45798b_lo0001
Pair21	PD45798b_lo0005
Pair21	PD45799b_lo0066
Pair21	PD45798b_lo0032
Pair21	PD45798b_lo0054
Pair21	PD45798b_lo0165
Pair21	PD45799b_lo0015
Pair21	PD45798b_lo0138
Pair21	PD45798b_lo0167
Pair21	PD45799b_lo0106
Pair21	PD45799b_lo0264
Pair21	PD45799b_lo0199
Pair21	PD45799b_lo0265
Pair21	PD45798b_lo0096
Pair21	PD45798b_lo0062
Pair21	PD45798b_lo0118
Pair21	PD45798b_lo0168
Pair21	PD45798b_lo0009
Pair21	PD45799b_lo0243
Pair21	PD45799b_lo0288
Pair21	PD45799b_lo0234
Pair21	PD45798b_lo0025
Pair21	PD45798b_lo0114
Pair21	PD45798b_lo0078
Pair21	PD45799b_lo0024
Pair21	PD45798b_lo0188
Pair21	PD45798b_lo0024
Pair21	PD45799b_lo0233
Pair21	PD45798b_lo0148
Pair21	PD45799b_lo0241
Pair21	PD45798b_lo0002
Pair21	PD45798b_lo0020
Pair21	PD45799b_lo0111
Pair21	PD45798b_lo0082
Pair21	PD45798b_lo0093
Pair21	PD45798b_lo0185
Pair21	PD45799b_lo0266
Pair21	PD45799b_lo0170
Pair21	PD45798b_lo0064
Pair21	PD45799b_lo0068
Pair21	PD45798b_lo0162
Pair21	PD45798b_lo0006
Pair21	PD45798b_lo0129
Pair21	PD45798b_lo0123
Pair21	PD45799b_lo0178
Pair21	PD45798b_lo0031
Pair21	PD45798b_lo0053
Pair21	PD45798b_lo0158
Pair21	PD45798b_lo0071
Pair21	PD45799b_lo0104
Pair21	PD45799b_lo0200
Pair21	PD45798b_lo0010
Pair21	PD45798b_lo0170
Pair21	PD45798b_lo0119
Pair21	PD45798b_lo0183
Pair21	PD45798b_lo0190
Pair21	PD45798b_lo0029
Pair21	PD45798b_lo0155
Pair21	PD45798b_lo0063
Pair21	PD45798b_lo0108
Pair21	PD45798b_lo0154
Pair21	PD45798b_lo0186
Pair21	PD45798b_lo0022
Pair21	PD45799b_lo0045
Pair21	PD45799b_lo0237
Pair21	PD45799b_lo0238
Pair21	PD45799b_lo0274
Pair21	PD45799b_lo0050
Pair21	PD45799b_lo0271
Pair21	PD45799b_lo0244
Pair21	PD45799b_lo0175
Pair21	PD45799b_lo0183
Pair21	PD45798b_lo0074
Pair21	PD45799b_lo0189
Pair21	PD45799b_lo0245
Pair21	PD45799b_lo0001
Pair21	PD45799b_lo0087
Pair21	PD45799b_lo0109
Pair21	PD45799b_lo0120
Pair21	PD45799b_lo0197
Pair21	PD45799b_lo0231
Pair21	PD45799b_lo0284
Pair21	PD45799b_lo0247
Pair21	PD45799b_lo0028
Pair21	PD45799b_lo0031
Pair21	PD45799b_lo0279
Pair21	PD45799b_lo0236
Pair21	PD45799b_lo0002
Pair21	PD45799b_lo0116
Pair21	PD45799b_lo0283
Pair21	PD45799b_lo0114
Pair21	PD45799b_lo0221
Pair21	PD45798b_lo0092
Pair21	PD45798b_lo0113
Pair21	PD45799b_lo0163
Pair21	PD45799b_lo0168
Pair21	PD45799b_lo0067
Pair21	PD45799b_lo0016
Pair21	PD45799b_lo0218
Pair21	PD45799b_lo0110
Pair21	PD45799b_lo0270
Pair21	PD45798b_lo0087
Pair21	PD45799b_lo0228
Pair21	PD45799b_lo0072
Pair21	PD45799b_lo0154
Pair21	PD45799b_lo0220
Pair21	PD45799b_lo0252
Pair21	PD45799b_lo0161
Pair21	PD45799b_lo0193
Pair21	PD45799b_lo0005
Pair21	PD45799b_lo0215
Pair21	PD45799b_lo0263
Pair21	PD45799b_lo0272
Pair21	PD45799b_lo0259
Pair21	PD45799b_lo0032
Pair21	PD45799b_lo0091
Pair21	PD45799b_lo0122
Pair21	PD45798b_lo0120
Pair21	PD45799b_lo0235
Pair21	PD45799b_lo0085
Pair21	PD45799b_lo0080
Pair21	PD45798b_lo0156
Pair21	PD45798b_lo0157
Pair21	PD45799b_lo0261
Pair21	PD45799b_lo0004
Pair21	PD45799b_lo0030
Pair21	PD45799b_lo0127
Pair21	PD45799b_lo0011
Pair21	PD45799b_lo0174
Pair21	PD45799b_lo0099
Pair21	PD45799b_lo0039
Pair21	PD45799b_lo0065
Pair21	PD45799b_lo0153
Pair21	PD45799b_lo0195
Pair21	PD45799b_lo0128
Pair21	PD45799b_lo0224
Pair21	PD45799b_lo0097
Pair21	PD45799b_lo0089
Pair21	PD45799b_lo0018
Pair21	PD45799b_lo0033
Pair21	PD45799b_lo0047
Pair21	PD45799b_lo0198
Pair21	PD45799b_lo0287
Pair21	PD45799b_lo0043
Pair21	PD45799b_lo0267
Pair21	PD45799b_lo0062
Pair21	PD45798b_lo0111
Pair21	PD45798b_lo0172
Pair21	PD45798b_lo0023
Pair21	PD45798b_lo0007
Pair21	PD45798b_lo0056
Pair21	PD45799b_lo0166
Pair21	PD45798b_lo0175
Pair21	PD45799b_lo0088
Pair21	PD45798b_lo0011
Pair21	PD45799b_lo0082
Pair21	PD45798b_lo0128
Pair21	PD45798b_lo0046
Pair21	PD45798b_lo0008
Pair21	PD45799b_lo0187
Pair21	PD45799b_lo0023
Pair21	PD45799b_lo0255
Pair21	PD45798b_lo0017
Pair21	PD45798b_lo0130
Pair21	PD45798b_lo0112
Pair21	PD45799b_lo0008
Pair21	PD45799b_lo0077
Pair21	PD45799b_lo0079
Pair21	PD45798b_lo0026
Pair21	PD45798b_lo0027
Pair21	PD45799b_lo0009
Pair21	PD45799b_lo0073
Pair21	PD45799b_lo0251
Pair21	PD45799b_lo0176
Pair21	PD45798b_lo0060
Pair21	PD45798b_lo0191
Pair21	PD45798b_lo0122
Pair21	PD45798b_lo0178
Pair21	PD45798b_lo0110
Pair21	PD45798b_lo0035
Pair21	PD45798b_lo0089
Pair21	PD45798b_lo0181
Pair21	PD45798b_lo0072
Pair21	PD45798b_lo0073
Pair21	PD45798b_lo0084
Pair21	PD45798b_lo0126
Pair21	PD45799b_lo0216
Pair21	PD45798b_lo0150
Pair21	PD45798b_lo0189
Pair21	PD45799b_lo0019
Pair21	PD45798b_lo0143
Pair21	PD45799b_lo0171
Pair21	PD45798b_lo0038
Pair21	PD45799b_lo0007
Pair21	PD45799b_lo0126
Pair21	PD45799b_lo0144
Pair21	PD45798b_lo0145
Pair21	PD45799b_lo0169
Pair21	PD45798b_lo0083
Pair21	PD45798b_lo0116
Pair21	PD45799b_lo0277
Pair21	PD45799b_lo0253
Pair21	PD45799b_lo0268
Pair21	PD45798b_lo0094
Pair21	PD45799b_lo0151
Pair21	PD45798b_lo0100
Pair21	PD45798b_lo0142
Pair21	PD45798b_lo0058
Pair21	PD45798b_lo0187
Pair21	PD45798b_lo0048
Pair21	PD45798b_lo0088
Pair21	PD45798b_lo0055
Pair21	PD45798b_lo0149
Pair21	PD45799b_lo0038
Pair21	PD45799b_lo0059
Pair21	PD45798b_lo0004
Pair21	PD45799b_lo0214
Pair21	PD45798b_lo0079
Pair21	PD45799b_lo0058
Pair21	PD45798b_lo0059
Pair21	PD45798b_lo0151
Pair21	PD45799b_lo0286
Pair21	PD45798b_lo0028
Pair21	PD45798b_lo0173
Pair21	PD45799b_lo0060
Pair21	PD45799b_lo0217
Pair21	PD45799b_lo0048
Pair21	PD45799b_lo0096
Pair21	PD45799b_lo0282
Pair21	PD45798b_lo0077
Pair21	PD45799b_lo0070
Pair21	PD45799b_lo0103
Pair21	PD45799b_lo0250
Pair21	PD45799b_lo0281
Pair21	PD45799b_lo0232
Pair21	PD45799b_lo0090
Pair21	PD45799b_lo0242
Pair21	PD45798b_lo0091
Pair21	PD45799b_lo0246
Pair21	PD45798b_lo0098
Pair21	PD45799b_lo0196
Pair21	PD45799b_lo0063
Pair21	PD45799b_lo0152
Pair21	PD45798b_lo0103
Pair21	PD45799b_lo0010
Pair21	PD45798b_lo0169
Pair21	PD45799b_lo0052
Pair21	PD45798b_lo0043
Pair21	PD45798b_lo0052
Pair21	PD45798b_lo0161
Pair21	PD45798b_lo0003
Pair21	PD45798b_lo0095
Pair21	PD45798b_lo0159
Pair21	PD45798b_lo0179
Pair21	PD45798b_lo0033
Pair21	PD45798b_lo0090
Pair21	PD45798b_lo0080
Pair21	PD45799b_lo0167
Pair21	PD45798b_lo0176
Pair21	PD45798b_lo0039
Pair21	PD45798b_lo0047
Pair21	PD45798b_lo0166
Pair21	PD45799b_lo0049
Pair21	PD45798b_lo0051
Pair21	PD45799b_lo0179
Pair21	PD45799b_lo0185
Pair21	PD45799b_lo0227
Pair21	PD45799b_lo0137
Pair21	PD45799b_lo0260
Pair21	PD45799b_lo0219
Pair21	PD45798b_lo0057
Pair21	PD45799b_lo0222
Pair21	PD45799b_lo0254
Pair21	PD45799b_lo0021
Pair21	PD45799b_lo0102
Pair21	PD45799b_lo0194
Pair21	PD45799b_lo0257
Pair21	PD45799b_lo0201
Pair21	PD45799b_lo0042
Pair21	PD45799b_lo0056
Pair21	PD45799b_lo0074
Pair21	PD45799b_lo0083
Pair21	PD45799b_lo0209
Pair21	PD45799b_lo0278
Pair21	PD45799b_lo0035
Pair21	PD45799b_lo0036
Pair21	PD45799b_lo0273
Pair21	PD45799b_lo0069
Pair21	PD45799b_lo0258
Pair21	PD45799b_lo0078
Pair21	PD45799b_lo0034
Pair21	PD45799b_lo0076
Pair21	PD45799b_lo0177
Pair21	PD45799b_lo0210
Pair21	PD45799b_lo0262
Pair21	PD45799b_lo0188
Pair21	PD45799b_lo0192
Pair21	PD45798b_lo0044
Pair21	PD45798b_lo0180
Pair21	PD45799b_lo0013
Pair21	PD45799b_lo0248
Pair21	PD45798b_lo0184
Pair21	PD45798b_lo0117
Pair21	PD45799b_lo0240
Pair21	PD45799b_lo0117
Pair21	PD45799b_lo0275
Pair21	PD45799b_lo0285
Pair21	PD45798b_lo0050
Pair21	PD45799b_lo0020
Pair21	PD45799b_lo0160
Pair21	PD45798b_lo0076
Pair21	PD45798b_lo0099
Pair21	PD45799b_lo0055
Pair21	PD45798b_lo0086
Pair21	PD45798b_lo0131
Pair21	PD45798b_lo0174
Pair21	PD45798b_lo0139
Pair21	PD45798b_lo0107
Pair21	PD45798b_lo0109
Pair21	PD45799b_lo0071
Pair21	PD45799b_lo0213
Pair21	PD45798b_lo0164
Pair21	PD45798b_lo0132
Pair21	PD45798b_lo0163
Pair21	PD45798b_lo0192
Pair21	PD45799b_lo0113
Pair21	PD45798b_lo0137
Pair21	PD45798b_lo0070
Pair21	PD45798b_lo0065
Pair21	PD45798b_lo0066
Pair21	PD45799b_lo0075
Pair21	PD45799b_lo0276
Pair21	PD45799b_lo0136
Pair21	PD45798b_lo0036
Pair21	PD45798b_lo0037
Pair21	PD45798b_lo0147
Pair21	PD45798b_lo0061
Pair21	PD45798b_lo0105
Pair21	PD45798b_lo0127
Pair21	PD45799b_lo0184
Pair21	PD45798b_lo0121
Pair21	PD45798b_lo0015
Pair21	PD45799b_lo0130
Pair21	PD45798b_lo0021
Pair21	PD45798b_lo0030
Pair21	PD45799b_lo0143
Pair21	PD45799b_lo0229
Pair21	PD45798b_lo0067
Pair21	PD45799b_lo0145
Pair21	PD45798b_lo0135
Pair21	PD45798b_lo0136
Pair21	PD45799b_lo0280
Pair21	Ancestral
Pair24	PD45800b_lo0002
Pair24	PD45801b_lo0140
Pair24	PD45801b_lo0079
Pair24	PD45801b_lo0189
Pair24	PD45800b_lo0012
Pair24	PD45801b_lo0056
Pair24	PD45801b_lo0146
Pair24	PD45800b_lo0036
Pair24	PD45800b_lo0055
Pair24	PD45801b_lo0008
Pair24	PD45800b_lo0028
Pair24	PD45800b_lo0045
Pair24	PD45800b_lo0189
Pair24	PD45800b_lo0056
Pair24	PD45800b_lo0124
Pair24	PD45800b_lo0175
Pair24	PD45801b_lo0177
Pair24	PD45800b_lo0071
Pair24	PD45800b_lo0014
Pair24	PD45800b_lo0053
Pair24	PD45800b_lo0079
Pair24	PD45800b_lo0134
Pair24	PD45801b_lo0080
Pair24	PD45800b_lo0030
Pair24	PD45801b_lo0173
Pair24	PD45800b_lo0140
Pair24	PD45801b_lo0065
Pair24	PD45801b_lo0055
Pair24	PD45801b_lo0152
Pair24	PD45801b_lo0191
Pair24	PD45801b_lo0057
Pair24	PD45801b_lo0161
Pair24	PD45800b_lo0100
Pair24	PD45801b_lo0102
Pair24	PD45800b_lo0047
Pair24	PD45800b_lo0157
Pair24	PD45801b_lo0106
Pair24	PD45801b_lo0064
Pair24	PD45801b_lo0045
Pair24	PD45801b_lo0018
Pair24	PD45801b_lo0121
Pair24	PD45800b_lo0149
Pair24	PD45800b_lo0004
Pair24	PD45800b_lo0038
Pair24	PD45801b_lo0136
Pair24	PD45800b_lo0021
Pair24	PD45801b_lo0151
Pair24	PD45801b_lo0187
Pair24	PD45800b_lo0080
Pair24	PD45801b_lo0114
Pair24	PD45801b_lo0115
Pair24	PD45800b_lo0105
Pair24	PD45800b_lo0182
Pair24	PD45801b_lo0071
Pair24	PD45801b_lo0095
Pair24	PD45801b_lo0178
Pair24	PD45801b_lo0160
Pair24	PD45800b_lo0106
Pair24	PD45801b_lo0181
Pair24	PD45801b_lo0137
Pair24	PD45801b_lo0094
Pair24	PD45800b_lo0119
Pair24	PD45800b_lo0129
Pair24	PD45801b_lo0049
Pair24	PD45801b_lo0020
Pair24	PD45801b_lo0111
Pair24	PD45800b_lo0003
Pair24	PD45800b_lo0178
Pair24	PD45800b_lo0111
Pair24	PD45800b_lo0153
Pair24	PD45801b_lo0168
Pair24	PD45801b_lo0166
Pair24	PD45801b_lo0186
Pair24	PD45801b_lo0138
Pair24	PD45801b_lo0141
Pair24	PD45800b_lo0133
Pair24	PD45801b_lo0192
Pair24	PD45800b_lo0037
Pair24	PD45800b_lo0015
Pair24	PD45800b_lo0170
Pair24	PD45801b_lo0139
Pair24	PD45800b_lo0146
Pair24	PD45801b_lo0162
Pair24	PD45800b_lo0008
Pair24	PD45800b_lo0114
Pair24	PD45800b_lo0176
Pair24	PD45801b_lo0006
Pair24	PD45801b_lo0157
Pair24	PD45801b_lo0129
Pair24	PD45800b_lo0167
Pair24	PD45801b_lo0159
Pair24	PD45801b_lo0175
Pair24	PD45801b_lo0171
Pair24	PD45801b_lo0073
Pair24	PD45800b_lo0042
Pair24	PD45801b_lo0091
Pair24	PD45801b_lo0076
Pair24	PD45801b_lo0163
Pair24	PD45800b_lo0011
Pair24	PD45800b_lo0135
Pair24	PD45801b_lo0036
Pair24	PD45800b_lo0025
Pair24	PD45800b_lo0150
Pair24	PD45801b_lo0024
Pair24	PD45801b_lo0066
Pair24	PD45801b_lo0027
Pair24	PD45800b_lo0027
Pair24	PD45801b_lo0063
Pair24	PD45800b_lo0062
Pair24	PD45800b_lo0172
Pair24	PD45800b_lo0180
Pair24	PD45801b_lo0142
Pair24	PD45800b_lo0090
Pair24	PD45800b_lo0130
Pair24	PD45801b_lo0067
Pair24	PD45800b_lo0118
Pair24	PD45800b_lo0151
Pair24	PD45801b_lo0104
Pair24	PD45800b_lo0154
Pair24	PD45800b_lo0159
Pair24	PD45801b_lo0054
Pair24	PD45801b_lo0143
Pair24	PD45800b_lo0164
Pair24	PD45801b_lo0112
Pair24	PD45800b_lo0016
Pair24	PD45800b_lo0072
Pair24	PD45800b_lo0148
Pair24	PD45801b_lo0092
Pair24	PD45801b_lo0158
Pair24	PD45801b_lo0172
Pair24	PD45800b_lo0093
Pair24	PD45801b_lo0039
Pair24	PD45800b_lo0120
Pair24	PD45801b_lo0009
Pair24	PD45800b_lo0137
Pair24	PD45800b_lo0186
Pair24	PD45801b_lo0077
Pair24	PD45801b_lo0153
Pair24	PD45800b_lo0191
Pair24	PD45801b_lo0184
Pair24	PD45801b_lo0038
Pair24	PD45800b_lo0046
Pair24	PD45801b_lo0035
Pair24	PD45801b_lo0103
Pair24	PD45800b_lo0023
Pair24	PD45801b_lo0108
Pair24	PD45800b_lo0077
Pair24	PD45800b_lo0177
Pair24	PD45801b_lo0032
Pair24	PD45800b_lo0033
Pair24	PD45801b_lo0011
Pair24	PD45800b_lo0112
Pair24	PD45801b_lo0096
Pair24	PD45800b_lo0034
Pair24	PD45800b_lo0054
Pair24	PD45800b_lo0063
Pair24	PD45800b_lo0102
Pair24	PD45801b_lo0013
Pair24	PD45801b_lo0134
Pair24	PD45800b_lo0066
Pair24	PD45801b_lo0004
Pair24	PD45800b_lo0162
Pair24	PD45801b_lo0116
Pair24	PD45801b_lo0028
Pair24	PD45800b_lo0022
Pair24	PD45801b_lo0007
Pair24	PD45801b_lo0099
Pair24	PD45800b_lo0155
Pair24	PD45801b_lo0021
Pair24	PD45801b_lo0031
Pair24	PD45801b_lo0101
Pair24	PD45801b_lo0075
Pair24	PD45801b_lo0078
Pair24	PD45800b_lo0009
Pair24	PD45800b_lo0107
Pair24	PD45800b_lo0127
Pair24	PD45800b_lo0190
Pair24	PD45801b_lo0041
Pair24	PD45800b_lo0103
Pair24	PD45801b_lo0022
Pair24	PD45801b_lo0023
Pair24	PD45801b_lo0155
Pair24	PD45801b_lo0148
Pair24	PD45800b_lo0041
Pair24	PD45800b_lo0086
Pair24	PD45800b_lo0179
Pair24	PD45801b_lo0051
Pair24	PD45801b_lo0119
Pair24	PD45801b_lo0089
Pair24	PD45801b_lo0180
Pair24	PD45801b_lo0086
Pair24	PD45801b_lo0128
Pair24	PD45801b_lo0126
Pair24	PD45800b_lo0173
Pair24	PD45801b_lo0001
Pair24	PD45801b_lo0044
Pair24	PD45801b_lo0068
Pair24	PD45800b_lo0141
Pair24	PD45801b_lo0176
Pair24	PD45800b_lo0061
Pair24	PD45801b_lo0098
Pair24	PD45800b_lo0169
Pair24	PD45800b_lo0181
Pair24	PD45801b_lo0034
Pair24	PD45800b_lo0163
Pair24	PD45800b_lo0183
Pair24	PD45800b_lo0187
Pair24	PD45800b_lo0050
Pair24	PD45801b_lo0072
Pair24	PD45801b_lo0043
Pair24	PD45800b_lo0082
Pair24	PD45801b_lo0117
Pair24	PD45800b_lo0095
Pair24	PD45800b_lo0115
Pair24	PD45801b_lo0059
Pair24	PD45800b_lo0013
Pair24	PD45801b_lo0118
Pair24	PD45800b_lo0029
Pair24	PD45800b_lo0145
Pair24	PD45800b_lo0116
Pair24	PD45800b_lo0117
Pair24	PD45801b_lo0015
Pair24	PD45800b_lo0126
Pair24	PD45800b_lo0040
Pair24	PD45800b_lo0132
Pair24	PD45800b_lo0049
Pair24	PD45801b_lo0188
Pair24	PD45801b_lo0097
Pair24	PD45800b_lo0018
Pair24	PD45800b_lo0087
Pair24	PD45800b_lo0089
Pair24	PD45800b_lo0032
Pair24	PD45800b_lo0069
Pair24	PD45800b_lo0094
Pair24	PD45800b_lo0110
Pair24	PD45800b_lo0091
Pair24	PD45801b_lo0182
Pair24	PD45801b_lo0164
Pair24	PD45800b_lo0070
Pair24	PD45801b_lo0100
Pair24	PD45800b_lo0074
Pair24	PD45800b_lo0142
Pair24	PD45800b_lo0020
Pair24	PD45801b_lo0179
Pair24	PD45800b_lo0078
Pair24	PD45800b_lo0131
Pair24	PD45801b_lo0088
Pair24	PD45800b_lo0168
Pair24	PD45801b_lo0050
Pair24	PD45801b_lo0019
Pair24	PD45801b_lo0169
Pair24	PD45801b_lo0156
Pair24	PD45800b_lo0010
Pair24	PD45800b_lo0024
Pair24	PD45801b_lo0005
Pair24	PD45800b_lo0060
Pair24	PD45800b_lo0019
Pair24	PD45800b_lo0143
Pair24	PD45800b_lo0035
Pair24	PD45800b_lo0152
Pair24	PD45801b_lo0012
Pair24	PD45801b_lo0090
Pair24	PD45800b_lo0165
Pair24	PD45800b_lo0125
Pair24	PD45801b_lo0109
Pair24	PD45800b_lo0044
Pair24	PD45800b_lo0136
Pair24	PD45800b_lo0048
Pair24	PD45801b_lo0047
Pair24	PD45800b_lo0104
Pair24	PD45801b_lo0135
Pair24	PD45800b_lo0108
Pair24	PD45800b_lo0109
Pair24	PD45801b_lo0150
Pair24	PD45800b_lo0174
Pair24	PD45801b_lo0040
Pair24	PD45800b_lo0113
Pair24	PD45801b_lo0033
Pair24	PD45801b_lo0093
Pair24	PD45801b_lo0030
Pair24	PD45800b_lo0058
Pair24	PD45800b_lo0099
Pair24	PD45801b_lo0124
Pair24	PD45800b_lo0122
Pair24	PD45800b_lo0123
Pair24	PD45801b_lo0165
Pair24	PD45801b_lo0087
Pair24	PD45801b_lo0083
Pair24	PD45800b_lo0185
Pair24	PD45801b_lo0016
Pair24	PD45801b_lo0010
Pair24	PD45801b_lo0037
Pair24	PD45800b_lo0128
Pair24	PD45800b_lo0147
Pair24	PD45801b_lo0002
Pair24	PD45801b_lo0113
Pair24	PD45801b_lo0046
Pair24	PD45801b_lo0082
Pair24	PD45801b_lo0127
Pair24	PD45801b_lo0125
Pair24	PD45801b_lo0042
Pair24	PD45801b_lo0170
Pair24	PD45800b_lo0171
Pair24	PD45801b_lo0026
Pair24	PD45801b_lo0017
Pair24	PD45800b_lo0188
Pair24	PD45801b_lo0084
Pair24	PD45801b_lo0110
Pair24	PD45801b_lo0133
Pair24	PD45800b_lo0075
Pair24	PD45801b_lo0029
Pair24	PD45801b_lo0174
Pair24	PD45801b_lo0149
Pair24	PD45801b_lo0074
Pair24	PD45801b_lo0144
Pair24	PD45800b_lo0076
Pair24	PD45800b_lo0184
Pair24	PD45801b_lo0062
Pair24	PD45800b_lo0160
Pair24	PD45801b_lo0052
Pair24	PD45801b_lo0014
Pair24	PD45800b_lo0098
Pair24	PD45801b_lo0130
Pair24	PD45800b_lo0097
Pair24	PD45801b_lo0107
Pair24	PD45800b_lo0085
Pair24	PD45801b_lo0132
Pair24	PD45800b_lo0064
Pair24	PD45801b_lo0048
Pair24	PD45800b_lo0161
Pair24	PD45801b_lo0131
Pair24	PD45800b_lo0067
Pair24	PD45800b_lo0039
Pair24	PD45800b_lo0138
Pair24	PD45800b_lo0051
Pair24	PD45801b_lo0190
Pair24	PD45800b_lo0059
Pair24	PD45801b_lo0069
Pair24	PD45801b_lo0070
Pair24	PD45801b_lo0120
Pair24	Ancestral
Pair25	PD45802b_lo0001
Pair25	PD45803b_lo0110
Pair25	PD45802b_lo0157
Pair25	PD45803b_lo0163
Pair25	PD45803b_lo0276
Pair25	PD45802b_lo0040
Pair25	PD45802b_lo0163
Pair25	PD45803b_lo0016
Pair25	PD45803b_lo0029
Pair25	PD45803b_lo0131
Pair25	PD45803b_lo0048
Pair25	PD45803b_lo0211
Pair25	PD45803b_lo0116
Pair25	PD45802b_lo0067
Pair25	PD45802b_lo0151
Pair25	PD45802b_lo0058
Pair25	PD45803b_lo0180
Pair25	PD45803b_lo0184
Pair25	PD45802b_lo0012
Pair25	PD45802b_lo0043
Pair25	PD45803b_lo0196
Pair25	PD45803b_lo0103
Pair25	PD45802b_lo0119
Pair25	PD45803b_lo0283
Pair25	PD45803b_lo0136
Pair25	PD45803b_lo0227
Pair25	PD45802b_lo0027
Pair25	PD45803b_lo0241
Pair25	PD45802b_lo0173
Pair25	PD45803b_lo0130
Pair25	PD45802b_lo0130
Pair25	PD45803b_lo0115
Pair25	PD45803b_lo0216
Pair25	PD45803b_lo0201
Pair25	PD45803b_lo0214
Pair25	PD45803b_lo0066
Pair25	PD45803b_lo0074
Pair25	PD45803b_lo0268
Pair25	PD45802b_lo0096
Pair25	PD45802b_lo0126
Pair25	PD45802b_lo0137
Pair25	PD45803b_lo0213
Pair25	PD45802b_lo0138
Pair25	PD45803b_lo0026
Pair25	PD45803b_lo0249
Pair25	PD45802b_lo0041
Pair25	PD45802b_lo0048
Pair25	PD45803b_lo0023
Pair25	PD45802b_lo0046
Pair25	PD45803b_lo0217
Pair25	PD45802b_lo0124
Pair25	PD45803b_lo0027
Pair25	PD45803b_lo0077
Pair25	PD45802b_lo0169
Pair25	PD45802b_lo0028
Pair25	PD45802b_lo0051
Pair25	PD45802b_lo0053
Pair25	PD45802b_lo0014
Pair25	PD45803b_lo0200
Pair25	PD45802b_lo0031
Pair25	PD45803b_lo0098
Pair25	PD45802b_lo0003
Pair25	PD45802b_lo0006
Pair25	PD45802b_lo0114
Pair25	PD45802b_lo0133
Pair25	PD45802b_lo0039
Pair25	PD45803b_lo0002
Pair25	PD45803b_lo0139
Pair25	PD45803b_lo0169
Pair25	PD45803b_lo0203
Pair25	PD45803b_lo0011
Pair25	PD45802b_lo0065
Pair25	PD45802b_lo0083
Pair25	PD45803b_lo0055
Pair25	PD45803b_lo0047
Pair25	PD45803b_lo0138
Pair25	PD45803b_lo0189
Pair25	PD45802b_lo0132
Pair25	PD45803b_lo0248
Pair25	PD45802b_lo0143
Pair25	PD45802b_lo0166
Pair25	PD45802b_lo0007
Pair25	PD45803b_lo0220
Pair25	PD45803b_lo0182
Pair25	PD45802b_lo0131
Pair25	PD45802b_lo0088
Pair25	PD45803b_lo0158
Pair25	PD45802b_lo0110
Pair25	PD45802b_lo0182
Pair25	PD45803b_lo0018
Pair25	PD45803b_lo0104
Pair25	PD45802b_lo0117
Pair25	PD45803b_lo0193
Pair25	PD45803b_lo0206
Pair25	PD45803b_lo0221
Pair25	PD45803b_lo0012
Pair25	PD45803b_lo0111
Pair25	PD45803b_lo0171
Pair25	PD45802b_lo0009
Pair25	PD45802b_lo0045
Pair25	PD45802b_lo0078
Pair25	PD45802b_lo0178
Pair25	PD45803b_lo0210
Pair25	PD45803b_lo0100
Pair25	PD45802b_lo0049
Pair25	PD45803b_lo0262
Pair25	PD45802b_lo0061
Pair25	PD45802b_lo0141
Pair25	PD45803b_lo0222
Pair25	PD45803b_lo0097
Pair25	PD45803b_lo0173
Pair25	PD45802b_lo0087
Pair25	PD45803b_lo0155
Pair25	PD45803b_lo0079
Pair25	PD45803b_lo0085
Pair25	PD45803b_lo0007
Pair25	PD45803b_lo0019
Pair25	PD45802b_lo0102
Pair25	PD45802b_lo0191
Pair25	PD45803b_lo0008
Pair25	PD45803b_lo0207
Pair25	PD45802b_lo0121
Pair25	PD45803b_lo0178
Pair25	PD45803b_lo0253
Pair25	PD45802b_lo0160
Pair25	PD45803b_lo0251
Pair25	PD45802b_lo0029
Pair25	PD45803b_lo0038
Pair25	PD45802b_lo0158
Pair25	PD45802b_lo0036
Pair25	PD45802b_lo0108
Pair25	PD45803b_lo0239
Pair25	PD45802b_lo0168
Pair25	PD45802b_lo0172
Pair25	PD45802b_lo0022
Pair25	PD45803b_lo0021
Pair25	PD45802b_lo0112
Pair25	PD45802b_lo0167
Pair25	PD45803b_lo0243
Pair25	PD45803b_lo0001
Pair25	PD45803b_lo0280
Pair25	PD45802b_lo0032
Pair25	PD45803b_lo0240
Pair25	PD45802b_lo0052
Pair25	PD45803b_lo0006
Pair25	PD45802b_lo0116
Pair25	PD45803b_lo0117
Pair25	PD45803b_lo0186
Pair25	PD45802b_lo0092
Pair25	PD45802b_lo0097
Pair25	PD45803b_lo0197
Pair25	PD45803b_lo0014
Pair25	PD45802b_lo0113
Pair25	PD45803b_lo0284
Pair25	PD45803b_lo0017
Pair25	PD45803b_lo0070
Pair25	PD45803b_lo0230
Pair25	PD45802b_lo0034
Pair25	PD45802b_lo0064
Pair25	PD45803b_lo0112
Pair25	PD45803b_lo0125
Pair25	PD45803b_lo0062
Pair25	PD45803b_lo0246
Pair25	PD45802b_lo0075
Pair25	PD45803b_lo0089
Pair25	PD45803b_lo0242
Pair25	PD45803b_lo0238
Pair25	PD45803b_lo0183
Pair25	PD45802b_lo0082
Pair25	PD45802b_lo0106
Pair25	PD45802b_lo0127
Pair25	PD45803b_lo0121
Pair25	PD45803b_lo0042
Pair25	PD45803b_lo0127
Pair25	PD45802b_lo0050
Pair25	PD45803b_lo0231
Pair25	PD45802b_lo0135
Pair25	PD45803b_lo0192
Pair25	PD45802b_lo0171
Pair25	PD45803b_lo0247
Pair25	PD45803b_lo0270
Pair25	PD45803b_lo0078
Pair25	PD45803b_lo0095
Pair25	PD45803b_lo0120
Pair25	PD45803b_lo0208
Pair25	PD45803b_lo0126
Pair25	PD45803b_lo0267
Pair25	PD45803b_lo0037
Pair25	PD45803b_lo0099
Pair25	PD45803b_lo0275
Pair25	PD45802b_lo0002
Pair25	PD45802b_lo0118
Pair25	PD45802b_lo0005
Pair25	PD45802b_lo0023
Pair25	PD45802b_lo0044
Pair25	PD45803b_lo0236
Pair25	PD45802b_lo0019
Pair25	PD45803b_lo0281
Pair25	PD45802b_lo0154
Pair25	PD45803b_lo0144
Pair25	PD45802b_lo0038
Pair25	PD45803b_lo0277
Pair25	PD45802b_lo0184
Pair25	PD45803b_lo0080
Pair25	PD45802b_lo0010
Pair25	PD45803b_lo0114
Pair25	PD45802b_lo0123
Pair25	PD45802b_lo0183
Pair25	PD45802b_lo0185
Pair25	PD45802b_lo0016
Pair25	PD45802b_lo0059
Pair25	PD45802b_lo0159
Pair25	PD45802b_lo0070
Pair25	PD45802b_lo0054
Pair25	PD45802b_lo0192
Pair25	PD45803b_lo0166
Pair25	PD45802b_lo0101
Pair25	PD45803b_lo0005
Pair25	PD45802b_lo0177
Pair25	PD45803b_lo0188
Pair25	PD45803b_lo0198
Pair25	PD45802b_lo0066
Pair25	PD45802b_lo0170
Pair25	PD45802b_lo0024
Pair25	PD45802b_lo0021
Pair25	PD45802b_lo0026
Pair25	PD45803b_lo0224
Pair25	PD45803b_lo0244
Pair25	PD45803b_lo0039
Pair25	PD45802b_lo0179
Pair25	PD45803b_lo0033
Pair25	PD45803b_lo0259
Pair25	PD45802b_lo0074
Pair25	PD45803b_lo0161
Pair25	PD45802b_lo0090
Pair25	PD45803b_lo0234
Pair25	PD45803b_lo0141
Pair25	PD45803b_lo0260
Pair25	PD45803b_lo0232
Pair25	PD45802b_lo0073
Pair25	PD45802b_lo0125
Pair25	PD45802b_lo0008
Pair25	PD45802b_lo0147
Pair25	PD45803b_lo0073
Pair25	PD45802b_lo0180
Pair25	PD45803b_lo0082
Pair25	PD45803b_lo0094
Pair25	PD45803b_lo0205
Pair25	PD45802b_lo0033
Pair25	PD45803b_lo0058
Pair25	PD45803b_lo0106
Pair25	PD45803b_lo0113
Pair25	PD45802b_lo0146
Pair25	PD45802b_lo0084
Pair25	PD45803b_lo0143
Pair25	PD45802b_lo0025
Pair25	PD45802b_lo0035
Pair25	PD45803b_lo0215
Pair25	PD45803b_lo0022
Pair25	PD45803b_lo0124
Pair25	PD45803b_lo0132
Pair25	PD45803b_lo0162
Pair25	PD45802b_lo0077
Pair25	PD45802b_lo0042
Pair25	PD45802b_lo0181
Pair25	PD45802b_lo0086
Pair25	PD45803b_lo0129
Pair25	PD45803b_lo0204
Pair25	PD45803b_lo0108
Pair25	PD45802b_lo0060
Pair25	PD45803b_lo0164
Pair25	PD45802b_lo0100
Pair25	PD45803b_lo0040
Pair25	PD45803b_lo0128
Pair25	PD45802b_lo0145
Pair25	PD45803b_lo0235
Pair25	PD45802b_lo0062
Pair25	PD45802b_lo0122
Pair25	PD45802b_lo0140
Pair25	PD45803b_lo0153
Pair25	PD45803b_lo0157
Pair25	PD45803b_lo0202
Pair25	PD45803b_lo0194
Pair25	PD45803b_lo0250
Pair25	PD45802b_lo0091
Pair25	PD45803b_lo0041
Pair25	PD45803b_lo0067
Pair25	PD45803b_lo0237
Pair25	PD45802b_lo0107
Pair25	PD45803b_lo0133
Pair25	PD45802b_lo0156
Pair25	PD45803b_lo0228
Pair25	PD45802b_lo0105
Pair25	PD45803b_lo0119
Pair25	PD45803b_lo0254
Pair25	PD45803b_lo0255
Pair25	PD45802b_lo0150
Pair25	PD45802b_lo0139
Pair25	PD45802b_lo0111
Pair25	PD45802b_lo0068
Pair25	PD45802b_lo0095
Pair25	PD45802b_lo0176
Pair25	PD45803b_lo0265
Pair25	PD45802b_lo0134
Pair25	PD45802b_lo0174
Pair25	PD45803b_lo0072
Pair25	PD45803b_lo0086
Pair25	PD45803b_lo0218
Pair25	PD45802b_lo0069
Pair25	PD45803b_lo0123
Pair25	PD45802b_lo0175
Pair25	PD45803b_lo0225
Pair25	PD45802b_lo0013
Pair25	PD45803b_lo0272
Pair25	PD45803b_lo0109
Pair25	PD45803b_lo0122
Pair25	PD45803b_lo0146
Pair25	PD45803b_lo0191
Pair25	PD45803b_lo0219
Pair25	PD45803b_lo0287
Pair25	PD45803b_lo0271
Pair25	PD45803b_lo0015
Pair25	PD45802b_lo0071
Pair25	PD45802b_lo0076
Pair25	PD45802b_lo0037
Pair25	PD45802b_lo0136
Pair25	PD45802b_lo0089
Pair25	PD45802b_lo0148
Pair25	PD45803b_lo0010
Pair25	PD45803b_lo0032
Pair25	PD45803b_lo0151
Pair25	PD45803b_lo0245
Pair25	PD45803b_lo0013
Pair25	PD45803b_lo0286
Pair25	PD45802b_lo0030
Pair25	PD45803b_lo0154
Pair25	PD45802b_lo0094
Pair25	PD45802b_lo0155
Pair25	PD45802b_lo0115
Pair25	PD45803b_lo0264
Pair25	PD45803b_lo0223
Pair25	PD45802b_lo0080
Pair25	PD45802b_lo0104
Pair25	Ancestral
Pair28	PD45804b_lo0002
Pair28	PD45804b_lo0048
Pair28	PD45805b_lo0131
Pair28	PD45805b_lo0005
Pair28	PD45805b_lo0257
Pair28	PD45805b_lo0246
Pair28	PD45804b_lo0024
Pair28	PD45804b_lo0041
Pair28	PD45804b_lo0042
Pair28	PD45805b_lo0045
Pair28	PD45805b_lo0046
Pair28	PD45805b_lo0090
Pair28	PD45805b_lo0129
Pair28	PD45805b_lo0263
Pair28	PD45805b_lo0181
Pair28	PD45805b_lo0245
Pair28	PD45805b_lo0261
Pair28	PD45804b_lo0056
Pair28	PD45805b_lo0183
Pair28	PD45804b_lo0095
Pair28	PD45805b_lo0014
Pair28	PD45805b_lo0093
Pair28	PD45805b_lo0236
Pair28	PD45805b_lo0102
Pair28	PD45805b_lo0103
Pair28	PD45805b_lo0255
Pair28	PD45805b_lo0021
Pair28	PD45805b_lo0092
Pair28	PD45805b_lo0012
Pair28	PD45804b_lo0008
Pair28	PD45805b_lo0034
Pair28	PD45805b_lo0035
Pair28	PD45805b_lo0157
Pair28	PD45804b_lo0088
Pair28	PD45804b_lo0089
Pair28	PD45805b_lo0107
Pair28	PD45804b_lo0059
Pair28	PD45804b_lo0071
Pair28	PD45804b_lo0074
Pair28	PD45804b_lo0092
Pair28	PD45804b_lo0011
Pair28	PD45805b_lo0188
Pair28	PD45805b_lo0020
Pair28	PD45805b_lo0266
Pair28	PD45805b_lo0171
Pair28	PD45805b_lo0006
Pair28	PD45805b_lo0230
Pair28	PD45804b_lo0045
Pair28	PD45804b_lo0079
Pair28	PD45804b_lo0081
Pair28	PD45805b_lo0089
Pair28	PD45805b_lo0146
Pair28	PD45805b_lo0147
Pair28	PD45805b_lo0149
Pair28	PD45805b_lo0179
Pair28	PD45805b_lo0205
Pair28	PD45804b_lo0076
Pair28	PD45805b_lo0259
Pair28	PD45804b_lo0052
Pair28	PD45805b_lo0174
Pair28	PD45805b_lo0184
Pair28	PD45804b_lo0086
Pair28	PD45804b_lo0087
Pair28	PD45805b_lo0231
Pair28	PD45805b_lo0042
Pair28	PD45805b_lo0242
Pair28	PD45805b_lo0167
Pair28	PD45805b_lo0258
Pair28	PD45804b_lo0031
Pair28	PD45805b_lo0108
Pair28	PD45804b_lo0003
Pair28	PD45805b_lo0023
Pair28	PD45805b_lo0240
Pair28	PD45805b_lo0272
Pair28	PD45805b_lo0247
Pair28	PD45805b_lo0190
Pair28	PD45805b_lo0028
Pair28	PD45805b_lo0105
Pair28	PD45805b_lo0185
Pair28	PD45805b_lo0224
Pair28	PD45804b_lo0093
Pair28	PD45804b_lo0035
Pair28	PD45805b_lo0076
Pair28	PD45805b_lo0095
Pair28	PD45805b_lo0160
Pair28	PD45805b_lo0198
Pair28	PD45805b_lo0199
Pair28	PD45805b_lo0200
Pair28	PD45805b_lo0201
Pair28	PD45805b_lo0048
Pair28	PD45805b_lo0176
Pair28	PD45805b_lo0013
Pair28	PD45805b_lo0113
Pair28	PD45805b_lo0229
Pair28	PD45805b_lo0061
Pair28	PD45805b_lo0072
Pair28	PD45805b_lo0114
Pair28	PD45804b_lo0066
Pair28	PD45805b_lo0144
Pair28	PD45805b_lo0145
Pair28	PD45805b_lo0235
Pair28	PD45805b_lo0104
Pair28	PD45805b_lo0192
Pair28	PD45804b_lo0085
Pair28	PD45805b_lo0058
Pair28	PD45805b_lo0059
Pair28	PD45805b_lo0237
Pair28	PD45805b_lo0079
Pair28	PD45805b_lo0211
Pair28	PD45805b_lo0182
Pair28	PD45805b_lo0213
Pair28	PD45805b_lo0099
Pair28	PD45805b_lo0173
Pair28	PD45805b_lo0191
Pair28	PD45805b_lo0086
Pair28	PD45805b_lo0187
Pair28	PD45805b_lo0219
Pair28	PD45805b_lo0194
Pair28	PD45805b_lo0214
Pair28	PD45805b_lo0154
Pair28	PD45805b_lo0270
Pair28	PD45804b_lo0078
Pair28	PD45805b_lo0064
Pair28	PD45805b_lo0024
Pair28	PD45805b_lo0025
Pair28	PD45805b_lo0172
Pair28	PD45805b_lo0060
Pair28	PD45805b_lo0186
Pair28	PD45805b_lo0080
Pair28	PD45805b_lo0143
Pair28	PD45805b_lo0138
Pair28	PD45805b_lo0268
Pair28	PD45805b_lo0251
Pair28	PD45805b_lo0097
Pair28	PD45805b_lo0068
Pair28	PD45805b_lo0135
Pair28	PD45805b_lo0248
Pair28	PD45805b_lo0101
Pair28	PD45805b_lo0121
Pair28	PD45805b_lo0128
Pair28	PD45805b_lo0196
Pair28	PD45805b_lo0197
Pair28	PD45805b_lo0001
Pair28	PD45805b_lo0163
Pair28	PD45805b_lo0118
Pair28	PD45805b_lo0119
Pair28	PD45805b_lo0120
Pair28	PD45805b_lo0132
Pair28	PD45805b_lo0098
Pair28	PD45805b_lo0153
Pair28	PD45805b_lo0071
Pair28	PD45804b_lo0061
Pair28	PD45805b_lo0007
Pair28	PD45805b_lo0227
Pair28	PD45805b_lo0271
Pair28	PD45805b_lo0127
Pair28	PD45805b_lo0152
Pair28	PD45805b_lo0226
Pair28	PD45805b_lo0267
Pair28	PD45804b_lo0036
Pair28	PD45804b_lo0067
Pair28	PD45805b_lo0106
Pair28	PD45805b_lo0040
Pair28	PD45805b_lo0083
Pair28	PD45805b_lo0084
Pair28	PD45805b_lo0009
Pair28	PD45805b_lo0010
Pair28	PD45805b_lo0022
Pair28	PD45805b_lo0133
Pair28	PD45805b_lo0265
Pair28	PD45805b_lo0126
Pair28	PD45805b_lo0166
Pair28	PD45805b_lo0206
Pair28	PD45805b_lo0208
Pair28	PD45805b_lo0209
Pair28	PD45805b_lo0210
Pair28	PD45805b_lo0043
Pair28	PD45805b_lo0269
Pair28	PD45805b_lo0026
Pair28	PD45805b_lo0073
Pair28	PD45805b_lo0239
Pair28	PD45805b_lo0038
Pair28	PD45805b_lo0057
Pair28	PD45805b_lo0252
Pair28	PD45805b_lo0050
Pair28	PD45805b_lo0027
Pair28	PD45805b_lo0016
Pair28	PD45804b_lo0019
Pair28	PD45805b_lo0233
Pair28	PD45804b_lo0082
Pair28	PD45805b_lo0116
Pair28	PD45805b_lo0117
Pair28	PD45804b_lo0030
Pair28	PD45805b_lo0124
Pair28	PD45805b_lo0260
Pair28	PD45805b_lo0225
Pair28	PD45804b_lo0075
Pair28	PD45804b_lo0050
Pair28	PD45804b_lo0068
Pair28	PD45804b_lo0028
Pair28	PD45804b_lo0007
Pair28	PD45804b_lo0015
Pair28	PD45805b_lo0170
Pair28	PD45804b_lo0080
Pair28	PD45805b_lo0168
Pair28	PD45804b_lo0096
Pair28	PD45804b_lo0070
Pair28	PD45805b_lo0193
Pair28	PD45804b_lo0034
Pair28	PD45804b_lo0094
Pair28	PD45804b_lo0044
Pair28	PD45804b_lo0047
Pair28	PD45804b_lo0029
Pair28	PD45805b_lo0003
Pair28	PD45805b_lo0004
Pair28	PD45804b_lo0083
Pair28	PD45805b_lo0162
Pair28	PD45805b_lo0262
Pair28	PD45805b_lo0264
Pair28	PD45804b_lo0054
Pair28	PD45804b_lo0069
Pair28	PD45805b_lo0018
Pair28	PD45804b_lo0064
Pair28	PD45804b_lo0012
Pair28	PD45804b_lo0053
Pair28	PD45804b_lo0084
Pair28	PD45804b_lo0017
Pair28	PD45805b_lo0155
Pair28	PD45805b_lo0204
Pair28	PD45805b_lo0158
Pair28	PD45805b_lo0203
Pair28	PD45804b_lo0055
Pair28	PD45804b_lo0043
Pair28	PD45804b_lo0065
Pair28	PD45804b_lo0021
Pair28	PD45804b_lo0038
Pair28	PD45804b_lo0013
Pair28	PD45804b_lo0091
Pair28	PD45805b_lo0081
Pair28	PD45804b_lo0033
Pair28	PD45804b_lo0020
Pair28	PD45804b_lo0090
Pair28	PD45805b_lo0111
Pair28	PD45805b_lo0112
Pair28	Ancestral
Pair31	PD45806b_lo0003
Pair31	PD45806b_lo0006
Pair31	PD45807b_lo0249
Pair31	PD45807b_lo0284
Pair31	PD45806b_lo0017
Pair31	PD45807b_lo0102
Pair31	PD45807b_lo0174
Pair31	PD45807b_lo0183
Pair31	PD45807b_lo0197
Pair31	PD45806b_lo0041
Pair31	PD45806b_lo0176
Pair31	PD45806b_lo0185
Pair31	PD45807b_lo0143
Pair31	PD45807b_lo0165
Pair31	PD45807b_lo0238
Pair31	PD45807b_lo0166
Pair31	PD45807b_lo0253
Pair31	PD45806b_lo0123
Pair31	PD45807b_lo0152
Pair31	PD45807b_lo0214
Pair31	PD45807b_lo0193
Pair31	PD45806b_lo0145
Pair31	PD45807b_lo0130
Pair31	PD45807b_lo0133
Pair31	PD45807b_lo0195
Pair31	PD45807b_lo0185
Pair31	PD45807b_lo0213
Pair31	PD45807b_lo0223
Pair31	PD45807b_lo0276
Pair31	PD45807b_lo0271
Pair31	PD45807b_lo0242
Pair31	PD45807b_lo0256
Pair31	PD45806b_lo0086
Pair31	PD45806b_lo0101
Pair31	PD45807b_lo0140
Pair31	PD45807b_lo0225
Pair31	PD45807b_lo0274
Pair31	PD45806b_lo0055
Pair31	PD45806b_lo0103
Pair31	PD45807b_lo0134
Pair31	PD45806b_lo0008
Pair31	PD45806b_lo0004
Pair31	PD45806b_lo0059
Pair31	PD45806b_lo0079
Pair31	PD45807b_lo0138
Pair31	PD45807b_lo0244
Pair31	PD45807b_lo0189
Pair31	PD45807b_lo0210
Pair31	PD45807b_lo0201
Pair31	PD45807b_lo0270
Pair31	PD45806b_lo0106
Pair31	PD45807b_lo0187
Pair31	PD45807b_lo0239
Pair31	PD45806b_lo0040
Pair31	PD45807b_lo0227
Pair31	PD45807b_lo0229
Pair31	PD45807b_lo0263
Pair31	PD45806b_lo0173
Pair31	PD45807b_lo0097
Pair31	PD45807b_lo0255
Pair31	PD45807b_lo0264
Pair31	PD45807b_lo0119
Pair31	PD45807b_lo0196
Pair31	PD45807b_lo0132
Pair31	PD45807b_lo0281
Pair31	PD45807b_lo0125
Pair31	PD45807b_lo0099
Pair31	PD45807b_lo0111
Pair31	PD45807b_lo0167
Pair31	PD45806b_lo0102
Pair31	PD45806b_lo0046
Pair31	PD45806b_lo0153
Pair31	PD45807b_lo0124
Pair31	PD45807b_lo0192
Pair31	PD45806b_lo0152
Pair31	PD45806b_lo0091
Pair31	PD45807b_lo0098
Pair31	PD45807b_lo0127
Pair31	PD45807b_lo0155
Pair31	PD45807b_lo0123
Pair31	PD45807b_lo0269
Pair31	PD45807b_lo0265
Pair31	PD45807b_lo0145
Pair31	PD45807b_lo0190
Pair31	PD45807b_lo0283
Pair31	PD45806b_lo0078
Pair31	PD45807b_lo0169
Pair31	PD45807b_lo0250
Pair31	PD45807b_lo0280
Pair31	PD45807b_lo0267
Pair31	PD45807b_lo0179
Pair31	PD45807b_lo0216
Pair31	PD45807b_lo0272
Pair31	PD45806b_lo0005
Pair31	PD45806b_lo0183
Pair31	PD45807b_lo0206
Pair31	PD45806b_lo0089
Pair31	PD45806b_lo0038
Pair31	PD45806b_lo0120
Pair31	PD45807b_lo0234
Pair31	PD45806b_lo0037
Pair31	PD45806b_lo0125
Pair31	PD45806b_lo0177
Pair31	PD45806b_lo0013
Pair31	PD45806b_lo0097
Pair31	PD45806b_lo0025
Pair31	PD45806b_lo0160
Pair31	PD45806b_lo0053
Pair31	PD45807b_lo0160
Pair31	PD45806b_lo0044
Pair31	PD45806b_lo0036
Pair31	PD45806b_lo0115
Pair31	PD45806b_lo0141
Pair31	PD45807b_lo0157
Pair31	PD45806b_lo0191
Pair31	PD45806b_lo0069
Pair31	PD45806b_lo0132
Pair31	PD45806b_lo0146
Pair31	PD45806b_lo0136
Pair31	PD45807b_lo0209
Pair31	PD45806b_lo0148
Pair31	PD45807b_lo0181
Pair31	PD45806b_lo0020
Pair31	PD45807b_lo0170
Pair31	PD45807b_lo0113
Pair31	PD45806b_lo0098
Pair31	PD45806b_lo0172
Pair31	PD45807b_lo0101
Pair31	PD45807b_lo0105
Pair31	PD45807b_lo0150
Pair31	PD45806b_lo0015
Pair31	PD45806b_lo0019
Pair31	PD45806b_lo0129
Pair31	PD45807b_lo0208
Pair31	PD45807b_lo0131
Pair31	PD45806b_lo0137
Pair31	PD45806b_lo0184
Pair31	PD45806b_lo0016
Pair31	PD45806b_lo0047
Pair31	PD45807b_lo0136
Pair31	PD45807b_lo0186
Pair31	PD45806b_lo0026
Pair31	PD45807b_lo0215
Pair31	PD45807b_lo0266
Pair31	PD45807b_lo0286
Pair31	PD45806b_lo0067
Pair31	PD45807b_lo0251
Pair31	PD45807b_lo0137
Pair31	PD45807b_lo0164
Pair31	PD45807b_lo0172
Pair31	PD45806b_lo0066
Pair31	PD45807b_lo0247
Pair31	PD45807b_lo0235
Pair31	PD45807b_lo0228
Pair31	PD45807b_lo0243
Pair31	PD45806b_lo0114
Pair31	PD45806b_lo0149
Pair31	PD45807b_lo0118
Pair31	PD45807b_lo0139
Pair31	PD45807b_lo0151
Pair31	PD45807b_lo0231
Pair31	PD45807b_lo0144
Pair31	PD45806b_lo0104
Pair31	PD45807b_lo0126
Pair31	PD45807b_lo0161
Pair31	PD45807b_lo0176
Pair31	PD45807b_lo0285
Pair31	PD45807b_lo0287
Pair31	PD45807b_lo0259
Pair31	PD45807b_lo0218
Pair31	PD45806b_lo0171
Pair31	PD45807b_lo0224
Pair31	PD45806b_lo0150
Pair31	PD45806b_lo0052
Pair31	PD45807b_lo0278
Pair31	PD45807b_lo0261
Pair31	PD45806b_lo0076
Pair31	PD45807b_lo0175
Pair31	PD45807b_lo0246
Pair31	PD45807b_lo0252
Pair31	PD45807b_lo0109
Pair31	PD45807b_lo0211
Pair31	PD45807b_lo0232
Pair31	PD45807b_lo0112
Pair31	PD45807b_lo0147
Pair31	PD45807b_lo0194
Pair31	PD45807b_lo0217
Pair31	PD45807b_lo0277
Pair31	PD45807b_lo0115
Pair31	PD45807b_lo0182
Pair31	PD45807b_lo0148
Pair31	PD45806b_lo0075
Pair31	PD45807b_lo0110
Pair31	PD45806b_lo0054
Pair31	PD45807b_lo0188
Pair31	PD45806b_lo0135
Pair31	PD45807b_lo0207
Pair31	Ancestral
Pair38	PD45808b_lo0003
Pair38	PD45809b_lo0027
Pair38	PD45809b_lo0051
Pair38	PD45809b_lo0078
Pair38	PD45808b_lo0101
Pair38	PD45808b_lo0115
Pair38	PD45808b_lo0071
Pair38	PD45808b_lo0109
Pair38	PD45808b_lo0168
Pair38	PD45808b_lo0016
Pair38	PD45808b_lo0123
Pair38	PD45808b_lo0187
Pair38	PD45808b_lo0179
Pair38	PD45808b_lo0070
Pair38	PD45808b_lo0100
Pair38	PD45808b_lo0046
Pair38	PD45808b_lo0127
Pair38	PD45808b_lo0086
Pair38	PD45808b_lo0136
Pair38	PD45808b_lo0175
Pair38	PD45809b_lo0119
Pair38	PD45808b_lo0064
Pair38	PD45808b_lo0132
Pair38	PD45808b_lo0069
Pair38	PD45808b_lo0163
Pair38	PD45808b_lo0059
Pair38	PD45808b_lo0079
Pair38	PD45808b_lo0128
Pair38	PD45808b_lo0174
Pair38	PD45809b_lo0140
Pair38	PD45808b_lo0035
Pair38	PD45808b_lo0135
Pair38	PD45808b_lo0112
Pair38	PD45808b_lo0173
Pair38	PD45808b_lo0192
Pair38	PD45808b_lo0169
Pair38	PD45808b_lo0145
Pair38	PD45808b_lo0058
Pair38	PD45808b_lo0149
Pair38	PD45808b_lo0159
Pair38	PD45808b_lo0164
Pair38	PD45808b_lo0038
Pair38	PD45808b_lo0087
Pair38	PD45808b_lo0116
Pair38	PD45809b_lo0189
Pair38	PD45808b_lo0104
Pair38	PD45809b_lo0015
Pair38	PD45808b_lo0166
Pair38	PD45808b_lo0085
Pair38	PD45809b_lo0011
Pair38	PD45809b_lo0186
Pair38	PD45808b_lo0081
Pair38	PD45809b_lo0053
Pair38	PD45808b_lo0156
Pair38	PD45808b_lo0025
Pair38	PD45808b_lo0170
Pair38	PD45809b_lo0031
Pair38	PD45809b_lo0138
Pair38	PD45809b_lo0160
Pair38	PD45809b_lo0161
Pair38	PD45808b_lo0030
Pair38	PD45808b_lo0080
Pair38	PD45809b_lo0174
Pair38	PD45809b_lo0065
Pair38	PD45808b_lo0040
Pair38	PD45808b_lo0048
Pair38	PD45808b_lo0113
Pair38	PD45808b_lo0020
Pair38	PD45808b_lo0183
Pair38	PD45809b_lo0014
Pair38	PD45808b_lo0103
Pair38	PD45808b_lo0106
Pair38	PD45809b_lo0002
Pair38	PD45809b_lo0023
Pair38	PD45808b_lo0097
Pair38	PD45809b_lo0124
Pair38	PD45808b_lo0060
Pair38	PD45808b_lo0041
Pair38	PD45808b_lo0119
Pair38	PD45808b_lo0129
Pair38	PD45808b_lo0144
Pair38	PD45808b_lo0137
Pair38	PD45808b_lo0150
Pair38	PD45808b_lo0082
Pair38	PD45808b_lo0143
Pair38	PD45808b_lo0054
Pair38	PD45809b_lo0105
Pair38	PD45809b_lo0066
Pair38	PD45808b_lo0167
Pair38	PD45809b_lo0153
Pair38	PD45808b_lo0089
Pair38	PD45808b_lo0138
Pair38	PD45809b_lo0003
Pair38	PD45809b_lo0013
Pair38	PD45809b_lo0020
Pair38	PD45808b_lo0130
Pair38	PD45809b_lo0109
Pair38	PD45809b_lo0192
Pair38	PD45808b_lo0110
Pair38	PD45808b_lo0120
Pair38	PD45808b_lo0184
Pair38	PD45809b_lo0037
Pair38	PD45809b_lo0038
Pair38	PD45809b_lo0007
Pair38	PD45808b_lo0006
Pair38	PD45809b_lo0071
Pair38	PD45808b_lo0148
Pair38	PD45808b_lo0161
Pair38	PD45809b_lo0001
Pair38	PD45809b_lo0040
Pair38	PD45809b_lo0162
Pair38	PD45809b_lo0080
Pair38	PD45808b_lo0111
Pair38	PD45809b_lo0025
Pair38	PD45809b_lo0155
Pair38	PD45809b_lo0090
Pair38	PD45808b_lo0008
Pair38	PD45808b_lo0171
Pair38	PD45808b_lo0118
Pair38	PD45808b_lo0125
Pair38	PD45809b_lo0129
Pair38	PD45809b_lo0079
Pair38	PD45808b_lo0091
Pair38	PD45808b_lo0092
Pair38	PD45808b_lo0133
Pair38	PD45808b_lo0190
Pair38	PD45809b_lo0030
Pair38	PD45808b_lo0024
Pair38	PD45808b_lo0188
Pair38	PD45809b_lo0076
Pair38	PD45808b_lo0053
Pair38	PD45808b_lo0124
Pair38	PD45808b_lo0142
Pair38	PD45808b_lo0185
Pair38	PD45808b_lo0186
Pair38	PD45809b_lo0091
Pair38	PD45808b_lo0121
Pair38	PD45809b_lo0116
Pair38	PD45808b_lo0042
Pair38	PD45808b_lo0068
Pair38	PD45809b_lo0032
Pair38	PD45809b_lo0068
Pair38	PD45808b_lo0189
Pair38	PD45809b_lo0178
Pair38	PD45809b_lo0016
Pair38	PD45809b_lo0131
Pair38	PD45809b_lo0117
Pair38	PD45809b_lo0070
Pair38	PD45809b_lo0110
Pair38	PD45808b_lo0026
Pair38	PD45808b_lo0084
Pair38	PD45808b_lo0015
Pair38	PD45809b_lo0035
Pair38	PD45808b_lo0031
Pair38	PD45808b_lo0151
Pair38	PD45809b_lo0082
Pair38	PD45809b_lo0085
Pair38	PD45809b_lo0010
Pair38	PD45809b_lo0019
Pair38	PD45809b_lo0046
Pair38	PD45809b_lo0087
Pair38	PD45809b_lo0098
Pair38	PD45809b_lo0089
Pair38	PD45809b_lo0102
Pair38	PD45809b_lo0084
Pair38	PD45809b_lo0097
Pair38	PD45809b_lo0125
Pair38	PD45809b_lo0064
Pair38	PD45808b_lo0177
Pair38	PD45808b_lo0051
Pair38	PD45808b_lo0107
Pair38	PD45808b_lo0032
Pair38	PD45808b_lo0141
Pair38	PD45809b_lo0137
Pair38	PD45808b_lo0022
Pair38	PD45808b_lo0139
Pair38	PD45808b_lo0162
Pair38	PD45808b_lo0178
Pair38	PD45808b_lo0176
Pair38	PD45809b_lo0077
Pair38	PD45808b_lo0105
Pair38	PD45808b_lo0093
Pair38	PD45808b_lo0172
Pair38	PD45809b_lo0073
Pair38	PD45809b_lo0004
Pair38	PD45809b_lo0006
Pair38	PD45809b_lo0041
Pair38	PD45809b_lo0063
Pair38	PD45809b_lo0028
Pair38	PD45809b_lo0050
Pair38	PD45809b_lo0058
Pair38	PD45809b_lo0163
Pair38	PD45809b_lo0034
Pair38	PD45809b_lo0122
Pair38	PD45809b_lo0043
Pair38	PD45809b_lo0008
Pair38	PD45809b_lo0049
Pair38	PD45809b_lo0047
Pair38	PD45809b_lo0114
Pair38	PD45808b_lo0088
Pair38	PD45808b_lo0056
Pair38	PD45808b_lo0165
Pair38	PD45809b_lo0145
Pair38	PD45808b_lo0077
Pair38	PD45808b_lo0191
Pair38	PD45808b_lo0131
Pair38	PD45808b_lo0045
Pair38	PD45809b_lo0101
Pair38	PD45808b_lo0140
Pair38	PD45809b_lo0026
Pair38	PD45808b_lo0099
Pair38	PD45809b_lo0126
Pair38	PD45809b_lo0021
Pair38	PD45809b_lo0130
Pair38	PD45808b_lo0108
Pair38	PD45808b_lo0098
Pair38	PD45809b_lo0022
Pair38	PD45809b_lo0061
Pair38	PD45809b_lo0146
Pair38	PD45808b_lo0066
Pair38	PD45808b_lo0074
Pair38	PD45808b_lo0102
Pair38	PD45809b_lo0024
Pair38	PD45808b_lo0152
Pair38	PD45808b_lo0122
Pair38	PD45808b_lo0076
Pair38	PD45808b_lo0160
Pair38	PD45809b_lo0099
Pair38	PD45809b_lo0083
Pair38	PD45809b_lo0100
Pair38	PD45808b_lo0061
Pair38	PD45809b_lo0165
Pair38	PD45809b_lo0181
Pair38	PD45809b_lo0009
Pair38	PD45809b_lo0060
Pair38	PD45808b_lo0180
Pair38	PD45808b_lo0182
Pair38	PD45809b_lo0171
Pair38	PD45809b_lo0017
Pair38	PD45809b_lo0107
Pair38	PD45809b_lo0036
Pair38	PD45809b_lo0113
Pair38	PD45808b_lo0039
Pair38	PD45808b_lo0155
Pair38	PD45808b_lo0065
Pair38	PD45808b_lo0090
Pair38	PD45808b_lo0094
Pair38	PD45808b_lo0096
Pair38	PD45808b_lo0028
Pair38	PD45808b_lo0158
Pair38	PD45809b_lo0074
Pair38	PD45808b_lo0117
Pair38	PD45809b_lo0012
Pair38	Ancestral
Pair40	PD45810b_lo0001
Pair40	PD45811b_lo0102
Pair40	PD45811b_lo0104
Pair40	PD45810b_lo0080
Pair40	PD45810b_lo0155
Pair40	PD45810b_lo0113
Pair40	PD45810b_lo0030
Pair40	PD45811b_lo0094
Pair40	PD45810b_lo0167
Pair40	PD45810b_lo0191
Pair40	PD45810b_lo0192
Pair40	PD45810b_lo0117
Pair40	PD45810b_lo0033
Pair40	PD45810b_lo0125
Pair40	PD45811b_lo0140
Pair40	PD45810b_lo0144
Pair40	PD45810b_lo0050
Pair40	PD45811b_lo0083
Pair40	PD45811b_lo0125
Pair40	PD45810b_lo0164
Pair40	PD45810b_lo0007
Pair40	PD45811b_lo0009
Pair40	PD45810b_lo0014
Pair40	PD45810b_lo0129
Pair40	PD45811b_lo0165
Pair40	PD45810b_lo0120
Pair40	PD45811b_lo0079
Pair40	PD45810b_lo0104
Pair40	PD45810b_lo0171
Pair40	PD45811b_lo0052
Pair40	PD45810b_lo0166
Pair40	PD45810b_lo0044
Pair40	PD45811b_lo0016
Pair40	PD45811b_lo0119
Pair40	PD45811b_lo0145
Pair40	PD45810b_lo0002
Pair40	PD45810b_lo0122
Pair40	PD45810b_lo0123
Pair40	PD45810b_lo0170
Pair40	PD45811b_lo0067
Pair40	PD45811b_lo0051
Pair40	PD45810b_lo0003
Pair40	PD45811b_lo0157
Pair40	PD45810b_lo0060
Pair40	PD45811b_lo0012
Pair40	PD45810b_lo0031
Pair40	PD45810b_lo0043
Pair40	PD45810b_lo0160
Pair40	PD45811b_lo0097
Pair40	PD45810b_lo0105
Pair40	PD45811b_lo0065
Pair40	PD45810b_lo0046
Pair40	PD45810b_lo0011
Pair40	PD45810b_lo0139
Pair40	PD45810b_lo0175
Pair40	PD45811b_lo0074
Pair40	PD45811b_lo0180
Pair40	PD45810b_lo0140
Pair40	PD45810b_lo0188
Pair40	PD45811b_lo0056
Pair40	PD45810b_lo0185
Pair40	PD45811b_lo0132
Pair40	PD45811b_lo0115
Pair40	PD45811b_lo0183
Pair40	PD45810b_lo0112
Pair40	PD45810b_lo0071
Pair40	PD45811b_lo0070
Pair40	PD45810b_lo0040
Pair40	PD45810b_lo0061
Pair40	PD45810b_lo0097
Pair40	PD45810b_lo0052
Pair40	PD45810b_lo0128
Pair40	PD45810b_lo0183
Pair40	PD45810b_lo0133
Pair40	PD45810b_lo0135
Pair40	PD45811b_lo0150
Pair40	PD45810b_lo0051
Pair40	PD45810b_lo0042
Pair40	PD45810b_lo0025
Pair40	PD45810b_lo0067
Pair40	PD45810b_lo0055
Pair40	PD45810b_lo0101
Pair40	PD45810b_lo0026
Pair40	PD45810b_lo0158
Pair40	PD45811b_lo0082
Pair40	PD45811b_lo0109
Pair40	PD45810b_lo0068
Pair40	PD45810b_lo0136
Pair40	PD45810b_lo0049
Pair40	PD45811b_lo0004
Pair40	PD45810b_lo0075
Pair40	PD45811b_lo0124
Pair40	PD45810b_lo0004
Pair40	PD45811b_lo0025
Pair40	PD45811b_lo0033
Pair40	PD45810b_lo0182
Pair40	PD45811b_lo0138
Pair40	PD45810b_lo0027
Pair40	PD45810b_lo0029
Pair40	PD45810b_lo0078
Pair40	PD45810b_lo0102
Pair40	PD45810b_lo0110
Pair40	PD45811b_lo0058
Pair40	PD45810b_lo0115
Pair40	PD45810b_lo0083
Pair40	PD45811b_lo0175
Pair40	PD45810b_lo0121
Pair40	PD45811b_lo0034
Pair40	PD45811b_lo0141
Pair40	PD45810b_lo0190
Pair40	PD45810b_lo0154
Pair40	PD45811b_lo0121
Pair40	PD45811b_lo0120
Pair40	PD45810b_lo0098
Pair40	PD45811b_lo0001
Pair40	PD45811b_lo0087
Pair40	PD45811b_lo0037
Pair40	PD45811b_lo0130
Pair40	PD45811b_lo0041
Pair40	PD45810b_lo0021
Pair40	PD45811b_lo0005
Pair40	PD45810b_lo0020
Pair40	PD45810b_lo0089
Pair40	PD45811b_lo0069
Pair40	PD45811b_lo0110
Pair40	PD45810b_lo0045
Pair40	PD45811b_lo0007
Pair40	PD45811b_lo0128
Pair40	PD45811b_lo0024
Pair40	PD45811b_lo0096
Pair40	PD45811b_lo0036
Pair40	PD45811b_lo0062
Pair40	PD45810b_lo0114
Pair40	PD45810b_lo0076
Pair40	PD45810b_lo0012
Pair40	PD45811b_lo0133
Pair40	PD45811b_lo0152
Pair40	PD45810b_lo0137
Pair40	PD45811b_lo0045
Pair40	PD45810b_lo0173
Pair40	PD45810b_lo0168
Pair40	PD45811b_lo0050
Pair40	PD45811b_lo0019
Pair40	PD45811b_lo0084
Pair40	PD45811b_lo0176
Pair40	PD45810b_lo0005
Pair40	PD45811b_lo0129
Pair40	PD45811b_lo0035
Pair40	PD45810b_lo0106
Pair40	PD45810b_lo0127
Pair40	PD45811b_lo0146
Pair40	PD45810b_lo0143
Pair40	PD45810b_lo0156
Pair40	PD45810b_lo0041
Pair40	PD45810b_lo0074
Pair40	PD45811b_lo0013
Pair40	PD45811b_lo0017
Pair40	PD45810b_lo0047
Pair40	PD45810b_lo0082
Pair40	PD45811b_lo0113
Pair40	PD45811b_lo0114
Pair40	PD45811b_lo0139
Pair40	PD45810b_lo0038
Pair40	PD45810b_lo0109
Pair40	PD45810b_lo0017
Pair40	PD45811b_lo0149
Pair40	PD45810b_lo0142
Pair40	PD45810b_lo0141
Pair40	PD45811b_lo0093
Pair40	PD45811b_lo0032
Pair40	PD45811b_lo0171
Pair40	PD45811b_lo0049
Pair40	PD45811b_lo0085
Pair40	PD45811b_lo0143
Pair40	PD45811b_lo0161
Pair40	PD45811b_lo0170
Pair40	PD45811b_lo0048
Pair40	PD45811b_lo0162
Pair40	PD45811b_lo0099
Pair40	PD45811b_lo0010
Pair40	PD45811b_lo0011
Pair40	PD45811b_lo0154
Pair40	PD45811b_lo0177
Pair40	PD45811b_lo0057
Pair40	PD45811b_lo0088
Pair40	PD45811b_lo0168
Pair40	PD45811b_lo0090
Pair40	PD45811b_lo0075
Pair40	PD45811b_lo0068
Pair40	PD45811b_lo0095
Pair40	PD45810b_lo0162
Pair40	PD45810b_lo0178
Pair40	PD45810b_lo0189
Pair40	PD45810b_lo0054
Pair40	PD45810b_lo0058
Pair40	PD45810b_lo0066
Pair40	PD45811b_lo0167
Pair40	PD45811b_lo0064
Pair40	PD45811b_lo0182
Pair40	PD45810b_lo0131
Pair40	PD45810b_lo0091
Pair40	PD45810b_lo0093
Pair40	PD45811b_lo0072
Pair40	PD45811b_lo0080
Pair40	PD45811b_lo0091
Pair40	PD45811b_lo0117
Pair40	PD45811b_lo0135
Pair40	PD45810b_lo0149
Pair40	PD45811b_lo0179
Pair40	PD45810b_lo0063
Pair40	PD45810b_lo0018
Pair40	PD45811b_lo0169
Pair40	PD45811b_lo0155
Pair40	PD45810b_lo0092
Pair40	PD45810b_lo0008
Pair40	PD45811b_lo0111
Pair40	PD45810b_lo0153
Pair40	PD45810b_lo0019
Pair40	PD45811b_lo0044
Pair40	PD45811b_lo0108
Pair40	PD45810b_lo0130
Pair40	PD45811b_lo0184
Pair40	PD45810b_lo0069
Pair40	PD45810b_lo0100
Pair40	PD45811b_lo0055
Pair40	PD45810b_lo0090
Pair40	PD45810b_lo0013
Pair40	PD45810b_lo0085
Pair40	PD45811b_lo0040
Pair40	PD45811b_lo0144
Pair40	PD45810b_lo0124
Pair40	PD45811b_lo0063
Pair40	PD45811b_lo0151
Pair40	PD45811b_lo0006
Pair40	PD45811b_lo0123
Pair40	PD45811b_lo0021
Pair40	PD45810b_lo0035
Pair40	PD45811b_lo0105
Pair40	PD45810b_lo0062
Pair40	PD45810b_lo0006
Pair40	PD45811b_lo0127
Pair40	PD45810b_lo0116
Pair40	PD45810b_lo0159
Pair40	PD45811b_lo0061
Pair40	PD45811b_lo0160
Pair40	PD45811b_lo0164
Pair40	PD45810b_lo0099
Pair40	PD45810b_lo0095
Pair40	PD45810b_lo0186
Pair40	PD45811b_lo0003
Pair40	PD45811b_lo0022
Pair40	PD45811b_lo0137
Pair40	PD45811b_lo0026
Pair40	PD45811b_lo0029
Pair40	PD45811b_lo0153
Pair40	PD45810b_lo0134
Pair40	PD45811b_lo0089
Pair40	PD45811b_lo0147
Pair40	PD45811b_lo0158
Pair40	PD45811b_lo0172
Pair40	PD45811b_lo0173
Pair40	PD45811b_lo0159
Pair40	PD45810b_lo0065
Pair40	PD45810b_lo0152
Pair40	PD45810b_lo0056
Pair40	PD45810b_lo0181
Pair40	PD45810b_lo0077
Pair40	PD45810b_lo0107
Pair40	PD45811b_lo0018
Pair40	PD45810b_lo0070
Pair40	PD45810b_lo0009
Pair40	PD45811b_lo0059
Pair40	PD45810b_lo0108
Pair40	PD45810b_lo0024
Pair40	PD45810b_lo0084
Pair40	PD45810b_lo0036
Pair40	PD45810b_lo0096
Pair40	PD45811b_lo0106
Pair40	PD45811b_lo0116
Pair40	PD45810b_lo0034
Pair40	Ancestral
Pair41	PD45812b_lo0002
Pair41	PD45813b_lo0253
Pair41	PD45813b_lo0026
Pair41	PD45812b_lo0204
Pair41	PD45812b_lo0240
Pair41	PD45813b_lo0001
Pair41	PD45813b_lo0103
Pair41	PD45813b_lo0080
Pair41	PD45813b_lo0136
Pair41	PD45813b_lo0171
Pair41	PD45813b_lo0280
Pair41	PD45812b_lo0120
Pair41	PD45812b_lo0116
Pair41	PD45812b_lo0133
Pair41	PD45813b_lo0199
Pair41	PD45812b_lo0283
Pair41	PD45813b_lo0012
Pair41	PD45813b_lo0017
Pair41	PD45813b_lo0054
Pair41	PD45813b_lo0029
Pair41	PD45813b_lo0218
Pair41	PD45812b_lo0140
Pair41	PD45812b_lo0020
Pair41	PD45813b_lo0194
Pair41	PD45813b_lo0014
Pair41	PD45813b_lo0201
Pair41	PD45813b_lo0132
Pair41	PD45813b_lo0045
Pair41	PD45813b_lo0077
Pair41	PD45813b_lo0196
Pair41	PD45812b_lo0115
Pair41	PD45813b_lo0015
Pair41	PD45813b_lo0062
Pair41	PD45812b_lo0110
Pair41	PD45812b_lo0013
Pair41	PD45813b_lo0197
Pair41	PD45812b_lo0123
Pair41	PD45813b_lo0020
Pair41	PD45813b_lo0273
Pair41	PD45813b_lo0028
Pair41	PD45813b_lo0265
Pair41	PD45813b_lo0069
Pair41	PD45813b_lo0206
Pair41	PD45812b_lo0105
Pair41	PD45813b_lo0039
Pair41	PD45813b_lo0046
Pair41	PD45813b_lo0002
Pair41	PD45813b_lo0145
Pair41	PD45813b_lo0156
Pair41	PD45813b_lo0043
Pair41	PD45813b_lo0179
Pair41	PD45812b_lo0083
Pair41	PD45812b_lo0109
Pair41	PD45812b_lo0016
Pair41	PD45813b_lo0147
Pair41	PD45812b_lo0070
Pair41	PD45813b_lo0011
Pair41	PD45812b_lo0213
Pair41	PD45812b_lo0019
Pair41	PD45812b_lo0118
Pair41	PD45813b_lo0095
Pair41	PD45812b_lo0247
Pair41	PD45813b_lo0065
Pair41	PD45813b_lo0034
Pair41	PD45812b_lo0089
Pair41	PD45813b_lo0240
Pair41	PD45812b_lo0206
Pair41	PD45813b_lo0040
Pair41	PD45812b_lo0218
Pair41	PD45813b_lo0107
Pair41	PD45812b_lo0101
Pair41	PD45812b_lo0005
Pair41	PD45812b_lo0208
Pair41	PD45813b_lo0108
Pair41	PD45812b_lo0124
Pair41	PD45812b_lo0006
Pair41	PD45812b_lo0073
Pair41	PD45813b_lo0098
Pair41	PD45813b_lo0143
Pair41	PD45812b_lo0125
Pair41	PD45813b_lo0163
Pair41	PD45812b_lo0027
Pair41	PD45813b_lo0076
Pair41	PD45812b_lo0220
Pair41	PD45813b_lo0063
Pair41	PD45812b_lo0028
Pair41	PD45813b_lo0183
Pair41	PD45812b_lo0258
Pair41	PD45813b_lo0067
Pair41	PD45812b_lo0026
Pair41	PD45813b_lo0255
Pair41	PD45813b_lo0106
Pair41	PD45813b_lo0133
Pair41	PD45812b_lo0135
Pair41	PD45813b_lo0097
Pair41	PD45813b_lo0019
Pair41	PD45812b_lo0155
Pair41	PD45812b_lo0235
Pair41	PD45812b_lo0024
Pair41	PD45813b_lo0245
Pair41	PD45812b_lo0272
Pair41	PD45812b_lo0287
Pair41	PD45813b_lo0114
Pair41	PD45812b_lo0050
Pair41	PD45813b_lo0236
Pair41	PD45813b_lo0142
Pair41	PD45813b_lo0246
Pair41	PD45812b_lo0004
Pair41	PD45813b_lo0056
Pair41	PD45812b_lo0113
Pair41	PD45813b_lo0191
Pair41	PD45812b_lo0040
Pair41	PD45813b_lo0122
Pair41	PD45812b_lo0007
Pair41	PD45812b_lo0008
Pair41	PD45813b_lo0242
Pair41	PD45813b_lo0127
Pair41	PD45812b_lo0114
Pair41	PD45813b_lo0003
Pair41	PD45812b_lo0117
Pair41	PD45813b_lo0004
Pair41	PD45813b_lo0254
Pair41	PD45813b_lo0119
Pair41	PD45812b_lo0237
Pair41	PD45813b_lo0223
Pair41	PD45812b_lo0018
Pair41	PD45812b_lo0037
Pair41	PD45813b_lo0215
Pair41	PD45813b_lo0148
Pair41	PD45812b_lo0134
Pair41	PD45812b_lo0205
Pair41	PD45813b_lo0079
Pair41	PD45813b_lo0251
Pair41	PD45812b_lo0223
Pair41	PD45813b_lo0257
Pair41	PD45812b_lo0122
Pair41	PD45813b_lo0057
Pair41	PD45813b_lo0149
Pair41	PD45813b_lo0166
Pair41	PD45813b_lo0220
Pair41	PD45812b_lo0108
Pair41	PD45812b_lo0054
Pair41	PD45813b_lo0277
Pair41	PD45812b_lo0132
Pair41	PD45812b_lo0030
Pair41	PD45813b_lo0224
Pair41	PD45812b_lo0195
Pair41	PD45812b_lo0276
Pair41	PD45812b_lo0096
Pair41	PD45813b_lo0230
Pair41	PD45813b_lo0150
Pair41	PD45813b_lo0010
Pair41	PD45813b_lo0247
Pair41	PD45813b_lo0110
Pair41	PD45813b_lo0047
Pair41	PD45813b_lo0036
Pair41	PD45813b_lo0186
Pair41	PD45813b_lo0101
Pair41	PD45813b_lo0109
Pair41	PD45813b_lo0211
Pair41	PD45812b_lo0048
Pair41	PD45812b_lo0009
Pair41	PD45812b_lo0025
Pair41	PD45813b_lo0048
Pair41	PD45812b_lo0022
Pair41	PD45813b_lo0117
Pair41	PD45812b_lo0228
Pair41	PD45812b_lo0021
Pair41	PD45812b_lo0111
Pair41	PD45812b_lo0042
Pair41	PD45812b_lo0103
Pair41	PD45813b_lo0072
Pair41	PD45813b_lo0189
Pair41	PD45812b_lo0160
Pair41	PD45813b_lo0134
Pair41	PD45813b_lo0139
Pair41	PD45812b_lo0199
Pair41	PD45813b_lo0050
Pair41	PD45813b_lo0112
Pair41	PD45813b_lo0120
Pair41	PD45813b_lo0172
Pair41	PD45812b_lo0194
Pair41	PD45812b_lo0056
Pair41	PD45812b_lo0121
Pair41	PD45812b_lo0274
Pair41	PD45813b_lo0066
Pair41	PD45812b_lo0175
Pair41	PD45813b_lo0123
Pair41	PD45812b_lo0039
Pair41	PD45812b_lo0225
Pair41	PD45812b_lo0098
Pair41	PD45812b_lo0229
Pair41	PD45812b_lo0063
Pair41	PD45812b_lo0082
Pair41	PD45812b_lo0106
Pair41	PD45813b_lo0052
Pair41	PD45812b_lo0107
Pair41	PD45812b_lo0234
Pair41	PD45813b_lo0195
Pair41	PD45813b_lo0035
Pair41	PD45813b_lo0243
Pair41	PD45813b_lo0249
Pair41	PD45813b_lo0135
Pair41	PD45813b_lo0187
Pair41	PD45813b_lo0155
Pair41	PD45812b_lo0100
Pair41	PD45813b_lo0167
Pair41	PD45812b_lo0044
Pair41	PD45812b_lo0232
Pair41	PD45813b_lo0100
Pair41	PD45812b_lo0084
Pair41	PD45812b_lo0277
Pair41	PD45813b_lo0041
Pair41	PD45813b_lo0116
Pair41	PD45812b_lo0051
Pair41	PD45813b_lo0099
Pair41	PD45813b_lo0180
Pair41	PD45813b_lo0141
Pair41	PD45813b_lo0060
Pair41	PD45812b_lo0075
Pair41	PD45813b_lo0074
Pair41	PD45813b_lo0219
Pair41	PD45813b_lo0013
Pair41	PD45813b_lo0111
Pair41	PD45813b_lo0055
Pair41	PD45812b_lo0196
Pair41	PD45812b_lo0269
Pair41	PD45813b_lo0151
Pair41	PD45813b_lo0159
Pair41	PD45812b_lo0010
Pair41	PD45812b_lo0034
Pair41	PD45813b_lo0071
Pair41	PD45812b_lo0131
Pair41	PD45813b_lo0212
Pair41	PD45812b_lo0068
Pair41	PD45812b_lo0219
Pair41	PD45812b_lo0222
Pair41	PD45813b_lo0126
Pair41	PD45813b_lo0203
Pair41	PD45813b_lo0005
Pair41	PD45813b_lo0006
Pair41	PD45813b_lo0140
Pair41	PD45812b_lo0023
Pair41	PD45813b_lo0075
Pair41	PD45813b_lo0227
Pair41	PD45813b_lo0175
Pair41	PD45813b_lo0009
Pair41	PD45813b_lo0115
Pair41	PD45812b_lo0129
Pair41	PD45812b_lo0130
Pair41	PD45812b_lo0079
Pair41	PD45812b_lo0209
Pair41	PD45813b_lo0102
Pair41	PD45812b_lo0017
Pair41	PD45813b_lo0128
Pair41	PD45813b_lo0268
Pair41	PD45812b_lo0046
Pair41	PD45812b_lo0058
Pair41	PD45812b_lo0071
Pair41	PD45813b_lo0146
Pair41	PD45812b_lo0047
Pair41	PD45812b_lo0216
Pair41	PD45813b_lo0086
Pair41	PD45812b_lo0187
Pair41	PD45813b_lo0084
Pair41	PD45812b_lo0275
Pair41	PD45813b_lo0018
Pair41	PD45813b_lo0241
Pair41	PD45813b_lo0252
Pair41	PD45813b_lo0024
Pair41	PD45813b_lo0088
Pair41	PD45813b_lo0064
Pair41	PD45813b_lo0170
Pair41	PD45813b_lo0137
Pair41	PD45812b_lo0282
Pair41	PD45813b_lo0250
Pair41	PD45813b_lo0104
Pair41	PD45813b_lo0138
Pair41	PD45813b_lo0209
Pair41	PD45813b_lo0235
Pair41	Ancestral
