id	subfamily	hg38_chrom	hg38_start	hg38_end	strand	hs1_chrom	hs1_start	hs1_end	hs1_strand	length	cons_begin	cons_end	cons_len	milli_div	polya_tail
AluY_chr11_7188075	AluY	chr11	7188075	7188381	-	chr11	7246792	7247096	-	307	1	311	311	0	0
AluY_chr12_70682035	AluY	chr12	70682035	70682342	-	chr12	70661438	70661745	-	308	1	311	311	0	0
AluY_chr13_28091203	AluY	chr13	28091203	28091520	-	chr13	27313754	27314071	-	318	1	311	311	0	0
AluY_chr14_31473797	AluY	chr14	31473797	31474114	-	.	-1	-1	.	318	1	311	311	0	0
AluY_chr17_18689764	AluY	chr17	18689764	18690074	+	.	-1	-1	.	311	1	311	311	0	30
AluY_chr2_85099859	AluY	chr2	85099859	85100154	+	chr2	85101746	85102041	+	296	16	311	311	0	5
AluY_chr2_133116206	AluY	chr2	133116206	133116516	+	.	-1	-1	.	311	1	310	311	0	0
AluY_chr21_16296053	AluY	chr21	16296053	16296360	-	chr21	14651606	14651911	-	308	1	311	311	0	0
AluY_chr21_30420803	AluY	chr21	30420803	30421104	-	chr21	28786680	28786981	-	302	1	301	311	0	0
AluY_chr3_88629833	AluY	chr3	88629833	88630143	+	chr3	88706049	88706359	+	311	1	311	311	0	0
AluY_chr5_80743563	AluY	chr5	80743563	80743868	+	.	-1	-1	.	306	1	306	311	0	0
AluY_chr6_11555875	AluY	chr6	11555875	11556181	+	.	-1	-1	.	307	1	307	311	0	0
AluY_chr7_32097949	AluY	chr7	32097949	32098247	+	chr7	32236893	32237192	+	299	1	299	311	0	0
AluY_chr7_39808490	AluY	chr7	39808490	39808800	+	chr7	39966042	39966352	+	311	1	311	311	0	1
AluY_chr7_79536017	AluY	chr7	79536017	79536313	+	chr7	80787792	80788088	+	297	1	297	311	0	0
AluY_chrY_17075567	AluY	chrY	17075567	17075880	-	chrY	17982063	17982373	-	314	2	311	311	0	0
AluY_chr1_9063682	AluY	chr1	9063682	9063994	-	chr1	8597569	8597881	-	313	1	311	311	3	0
AluY_chr1_42216238	AluY	chr1	42216238	42216531	+	chr1	42086882	42087175	+	294	2	295	311	3	0
AluY_chr1_82008982	AluY	chr1	82008982	82009286	+	chr1	81846643	81846945	+	305	1	305	311	3	0
AluY_chr1_85940123	AluY	chr1	85940123	85940433	+	.	-1	-1	.	311	1	311	311	3	7
AluY_chr1_113384145	AluY	chr1	113384145	113384449	-	chr1	113395597	113395900	-	305	1	305	311	3	0
AluY_chr1_144846235	AluY	chr1	144846235	144846545	+	chr1	143946939	143947248	+	311	1	311	311	3	2
AluY_chr1_176600395	AluY	chr1	176600395	176600698	+	chr1	175955152	175955455	+	304	1	304	311	3	0
AluY_chr1_191512434	AluY	chr1	191512434	191512739	+	chr1	190858895	190859208	+	306	1	306	311	3	0
AluY_chr10_32416810	AluY	chr10	32416810	32417119	+	.	-1	-1	.	310	1	309	311	3	0
AluY_chr11_45316744	AluY	chr11	45316744	45317047	-	chr11	45474292	45474595	-	304	2	305	311	3	0
AluY_chr11_86796360	AluY	chr11	86796360	86796663	+	chr11	86737110	86737413	+	304	1	304	311	3	0
AluY_chr11_86975324	AluY	chr11	86975324	86975632	+	chr11	86916178	86916493	+	309	1	309	311	3	0
AluY_chr11_89009615	AluY	chr11	89009615	89009930	+	chr11	88928806	88929128	+	316	1	311	311	3	0
AluY_chr11_97082705	AluY	chr11	97082705	97083036	+	chr11	97089194	97089506	+	332	2	311	311	3	0
AluY_chr12_14170202	AluY	chr12	14170202	14170505	+	chr12	14044521	14044826	+	304	1	304	311	3	0
AluY_chr12_51825620	AluY	chr12	51825620	51825915	-	chr12	51789146	51789441	-	296	1	296	311	3	0
AluY_chr12_62838640	AluY	chr12	62838640	62838950	+	chr12	62817412	62817721	+	311	1	311	311	3	1
AluY_chr12_79122233	AluY	chr12	79122233	79122534	+	chr12	79100752	79101053	+	302	1	302	311	3	0
AluY_chr13_63082061	AluY	chr13	63082061	63082371	+	.	-1	-1	.	311	1	311	311	3	11
AluY_chr13_67618128	AluY	chr13	67618128	67618437	+	chr13	66839103	66839414	+	310	1	310	311	3	0
AluY_chr13_86595929	AluY	chr13	86595929	86596210	-	chr13	85798265	85798546	-	282	1	282	311	3	13
AluY_chr14_34836098	AluY	chr14	34836098	34836408	+	chr14	29035266	29035563	+	311	1	311	311	3	11
AluY_chr14_83524223	AluY	chr14	83524223	83524531	+	chr14	77737519	77737827	+	309	1	305	311	3	0
AluY_chr14_87752976	AluY	chr14	87752976	87753289	+	chr14	81973612	81973927	+	314	1	311	311	3	0
AluY_chr15_53225106	AluY	chr15	53225106	53225416	+	chr15	51033339	51033633	+	311	1	311	311	3	12
AluY_chr15_96010561	AluY	chr15	96010561	96010865	-	chr15	93775130	93775434	-	305	1	305	311	3	0
AluY_chr16_20767236	AluY	chr16	20767236	20767545	+	chr16	20698167	20698476	+	310	1	310	311	3	0
AluY_chr16_62385478	AluY	chr16	62385478	62385789	+	chr16	68173269	68173580	+	312	1	310	311	3	0
AluY_chr16_70286970	AluY	chr16	70286970	70287278	+	chr16	76097961	76098269	+	309	1	305	311	3	0
AluY_chr17_15960273	AluY	chr17	15960273	15960579	+	chr17	15862452	15862758	+	307	1	307	311	3	0
AluY_chr17_19593504	AluY	chr17	19593504	19593814	+	chr17	19541650	19541960	+	311	1	311	311	3	12
AluY_chr17_49099985	AluY	chr17	49099985	49100293	+	chr17	49963399	49963708	+	309	1	305	311	3	0
AluY_chr17_67989313	AluY	chr17	67989313	67989617	-	chr17	68864513	68864817	-	305	1	305	311	3	0
AluY_chr17_70154107	AluY	chr17	70154107	70154406	+	chr17	71032429	71032728	+	300	8	307	311	3	0
AluY_chr18_67418520	AluY	chr18	67418520	67418826	+	chr18	67616578	67616884	+	307	1	307	311	3	0
AluY_chr18_68911471	AluY	chr18	68911471	68911775	+	chr18	69128061	69128365	+	305	1	305	311	3	0
AluY_chr19_23803609	AluY	chr19	23803609	23803919	+	.	-1	-1	.	311	2	311	311	3	1
AluY_chr2_89965065	AluY	chr2	89965065	89965373	+	chr2	90520590	90520898	+	309	1	308	311	3	0
AluY_chr2_96206519	AluY	chr2	96206519	96206824	+	chr2	96713127	96713432	+	306	1	305	311	3	0
AluY_chr2_149902796	AluY	chr2	149902796	149903107	+	.	-1	-1	.	312	1	311	311	3	3
AluY_chr2_160455684	AluY	chr2	160455684	160455982	-	chr2	160913196	160913494	-	299	1	299	311	3	0
AluY_chr2_184165912	AluY	chr2	184165912	184166212	-	chr2	184654418	184654718	-	301	1	301	311	3	0
AluY_chr20_5581903	AluY	chr20	5581903	5582216	+	chr20	5622215	5622528	+	314	1	311	311	3	3
AluY_chr20_31343416	AluY	chr20	31343416	31343709	+	chr20	33067586	33067879	+	294	1	294	311	3	0
AluY_chr20_48928193	AluY	chr20	48928193	48928497	-	chr20	50697356	50697660	-	305	1	305	311	3	0
AluY_chr21_26516834	AluY	chr21	26516834	26517144	+	chr21	24874952	24875263	+	311	1	311	311	3	0
AluY_chr22_41785926	AluY	chr22	41785926	41786209	-	chr22	42264548	42264831	-	284	1	284	311	3	22
AluY_chr3_19419196	AluY	chr3	19419196	19419499	-	chr3	19423271	19423574	-	304	1	303	311	3	0
AluY_chr3_26745229	AluY	chr3	26745229	26745537	+	.	-1	-1	.	309	1	309	311	3	0
AluY_chr3_69313858	AluY	chr3	69313858	69314168	+	chr3	69350795	69351101	+	311	1	311	311	3	5
AluY_chr3_115528845	AluY	chr3	115528845	115529143	-	chr3	118248975	118249273	-	299	1	299	311	3	0
AluY_chr3_126640090	AluY	chr3	126640090	126640406	-	.	-1	-1	.	317	1	311	311	3	0
AluY_chr4_109467046	AluY	chr4	109467046	109467347	+	chr4	112769179	112769481	+	302	2	303	311	3	0
AluY_chr4_131965523	AluY	chr4	131965523	131965808	-	chr4	135289320	135289603	-	286	16	301	311	3	0
AluY_chr4_132898459	AluY	chr4	132898459	132898769	+	chr4	136221658	136221968	+	311	1	311	311	3	1
AluY_chr4_182161135	AluY	chr4	182161135	182161437	+	chr4	185502973	185503276	+	303	1	303	311	3	0
AluY_chr5_35614083	AluY	chr5	35614083	35614390	+	chr5	35861077	35861384	+	308	1	308	311	3	0
AluY_chr5_72540190	AluY	chr5	72540190	72540490	+	chr5	73021312	73021610	+	301	1	301	311	3	0
AluY_chr5_73048871	AluY	chr5	73048871	73049175	-	chr5	73530212	73530517	-	305	1	305	311	3	0
AluY_chr5_105053009	AluY	chr5	105053009	105053306	-	chr5	105557198	105557495	-	298	1	298	311	3	0
AluY_chr5_125028157	AluY	chr5	125028157	125028467	+	.	-1	-1	.	311	1	311	311	3	8
AluY_chr5_152998407	AluY	chr5	152998407	152998722	-	chr5	153531604	153531919	-	316	1	311	311	3	0
AluY_chr6_51391503	AluY	chr6	51391503	51391808	+	chr6	51234802	51235107	+	306	1	306	311	3	0
AluY_chr6_93768534	AluY	chr6	93768534	93768822	+	chr6	94980497	94980786	+	289	1	289	311	3	3
AluY_chr6_121685501	AluY	chr6	121685501	121685785	-	chr6	122872503	122872787	-	285	14	298	311	3	0
AluY_chr6_141960629	AluY	chr6	141960629	141960931	-	chr6	143146546	143146849	-	303	1	303	311	3	0
AluY_chr7_24897321	AluY	chr7	24897321	24897624	-	chr7	25035329	25035632	-	304	1	304	311	3	0
AluY_chr7_45352001	AluY	chr7	45352001	45352302	+	chr7	45512742	45513044	+	302	1	302	311	3	0
AluY_chr7_64476164	AluY	chr7	64476164	64476473	-	.	-1	-1	.	310	1	310	311	3	1
AluY_chr7_85083563	AluY	chr7	85083563	85083858	+	chr7	86333407	86333702	+	296	1	293	311	3	0
AluY_chr7_138462339	AluY	chr7	138462339	138462639	-	chr7	139772033	139772333	-	301	1	301	311	3	0
AluY_chr7_150091701	AluY	chr7	150091701	150092017	+	chr7	151269941	151270257	+	317	1	311	311	3	9
AluY_chr8_13312080	AluY	chr8	13312080	13312388	+	chr8	13578598	13578918	+	309	1	309	311	3	0
AluY_chr8_94377695	AluY	chr8	94377695	94377999	+	chr8	95502566	95502868	+	305	1	305	311	3	0
AluY_chr9_80473622	AluY	chr9	80473622	80473925	-	chr9	92631683	92631986	-	304	1	304	311	3	0
AluY_chr9_85286499	AluY	chr9	85286499	85286797	-	.	-1	-1	.	299	1	299	311	3	0
AluY_chr9_116737911	AluY	chr9	116737911	116738205	+	chr9	128930925	128931219	+	295	1	295	311	3	0
AluY_chrX_17502508	AluY	chrX	17502508	17502813	+	chrX	17085101	17085406	+	306	1	306	311	3	0
AluY_chrX_22654459	AluY	chrX	22654459	22654762	-	.	-1	-1	.	304	1	304	311	3	0
AluY_chrX_26345544	AluY	chrX	26345544	26345842	+	chrX	25932871	25933170	+	299	10	308	311	3	0
AluY_chrX_66550307	AluY	chrX	66550307	66550609	-	chrX	64978061	64978363	-	303	1	303	311	3	0
AluY_chrX_75360438	AluY	chrX	75360438	75360743	+	chrX	73794138	73794443	+	306	2	307	311	3	0
AluY_chr1_50002360	AluY	chr1	50002360	50002668	-	chr1	49881322	49881618	-	309	1	311	311	4	0
AluY_chr1_110026030	AluY	chr1	110026030	110026340	-	chr1	110036163	110036473	-	311	1	311	311	4	0
AluY_chr1_118422898	AluY	chr1	118422898	118423214	-	chr1	118436157	118436474	-	317	1	311	311	4	0
AluY_chr1_144118920	AluY	chr1	144118920	144119227	-	chr1	143217289	143217597	-	308	1	311	311	4	0
AluY_chr1_146684540	AluY	chr1	146684540	146684848	-	chr1	148123556	148123864	+	309	1	311	311	4	0
AluY_chr1_183776142	AluY	chr1	183776142	183776447	-	chr1	183135433	183135738	-	306	1	311	311	4	0
AluY_chr10_59605733	AluY	chr10	59605733	59606042	-	.	-1	-1	.	310	1	311	311	4	0
AluY_chr12_96152649	AluY	chr12	96152649	96152985	-	chr12	96126738	96127056	-	337	1	311	311	4	0
AluY_chr13_57205581	AluY	chr13	57205581	57205888	-	chr13	56422429	56422736	-	308	1	311	311	4	0
AluY_chr13_66934709	AluY	chr13	66934709	66935019	-	chr13	66154719	66155030	-	311	1	311	311	4	0
AluY_chr14_21067981	AluY	chr14	21067981	21068298	-	chr14	15265416	15265728	-	318	1	311	311	4	0
AluY_chr14_79897691	AluY	chr14	79897691	79898022	-	chr14	74107769	74108100	-	332	1	311	311	4	0
AluY_chr14_106300354	AluY	chr14	106300354	106300676	-	chr14	100571855	100572161	-	323	1	311	311	4	0
AluY_chr16_826638	AluY	chr16	826638	826957	-	.	-1	-1	.	320	1	311	311	4	0
AluY_chr17_47424875	AluY	chr17	47424875	47425181	-	chr17	48287530	48287836	-	307	1	311	311	4	0
AluY_chr18_54950898	AluY	chr18	54950898	54951207	-	chr18	55154005	55154306	-	310	1	311	311	4	0
AluY_chr18_73606177	AluY	chr18	73606177	73606482	-	.	-1	-1	.	306	2	311	311	4	0
AluY_chr2_20442569	AluY	chr2	20442569	20442873	-	chr2	20476142	20476446	-	305	2	311	311	4	0
AluY_chr2_101481390	AluY	chr2	101481390	101481703	-	chr2	101940079	101940392	-	314	1	311	311	4	0
AluY_chr20_55888174	AluY	chr20	55888174	55888481	-	chr20	57663430	57663736	-	308	1	311	311	4	0
AluY_chr3_74716270	AluY	chr3	74716270	74716584	-	chr3	74758099	74758414	-	315	1	311	311	4	0
AluY_chr3_179394409	AluY	chr3	179394409	179394714	-	chr3	182198248	182198553	-	306	1	311	311	4	0
AluY_chr5_56635991	AluY	chr5	56635991	56636321	-	chr5	57464207	57464538	-	331	1	311	311	4	0
AluY_chr5_72979379	AluY	chr5	72979379	72979690	-	chr5	73460469	73460780	-	312	1	311	311	4	0
AluY_chr6_34444909	AluY	chr6	34444909	34445228	+	chr6	34268789	34269108	+	320	1	311	311	4	0
AluY_chr6_135914486	AluY	chr6	135914486	135914787	-	chr6	137102733	137103038	-	302	2	311	311	4	0
AluY_chr8_58052773	AluY	chr8	58052773	58053084	-	chr8	58474290	58474598	-	312	1	311	311	4	0
AluY_chr8_66618413	AluY	chr8	66618413	66618725	-	chr8	67044163	67044477	-	313	1	311	311	4	0
AluY_chr9_71216938	AluY	chr9	71216938	71217249	-	chr9	83365880	83366191	-	312	1	311	311	4	0
AluY_chr9_133514099	AluY	chr9	133514099	133514430	-	.	-1	-1	.	332	2	311	311	4	0
AluY_chr1_102582137	AluY	chr1	102582137	102582447	+	.	-1	-1	.	311	1	311	311	6	8
AluY_chr11_78538714	AluY	chr11	78538714	78539024	+	chr11	78471991	78472301	+	311	1	311	311	6	2
AluY_chr13_75410655	AluY	chr13	75410655	75410965	+	chr13	74634284	74634594	+	311	1	311	311	6	1
AluY_chr14_97261134	AluY	chr14	97261134	97261444	+	chr14	91493029	91493339	+	311	1	311	311	6	18
AluY_chr15_50638078	AluY	chr15	50638078	50638388	+	chr15	48446152	48446435	+	311	1	311	311	6	11
AluY_chr15_81162898	AluY	chr15	81162898	81163208	+	chr15	79026902	79027212	+	311	1	311	311	6	2
AluY_chr16_66789303	AluY	chr16	66789303	66789633	+	chr16	72583594	72583931	+	331	1	311	311	6	0
AluY_chr18_59925551	AluY	chr18	59925551	59925861	+	chr18	60128228	60128538	+	311	1	311	311	6	9
AluY_chr18_70282375	AluY	chr18	70282375	70282689	+	.	-1	-1	.	315	1	310	311	6	0
AluY_chr2_4562707	AluY	chr2	4562707	4563019	+	chr2	4587114	4587426	+	313	1	310	311	6	0
AluY_chr2_24334782	AluY	chr2	24334782	24335092	+	chr2	24369409	24369719	+	311	1	311	311	6	1
AluY_chr2_94894527	AluY	chr2	94894527	94894864	+	chr2	95401053	95401369	+	338	1	311	311	6	0
AluY_chr20_2883371	AluY	chr20	2883371	2883681	+	chr20	2914217	2914528	+	311	1	311	311	6	1
AluY_chr20_26132227	AluY	chr20	26132227	26132539	+	chr20	26135990	26136302	+	313	1	311	311	6	2
AluY_chr3_10355792	AluY	chr3	10355792	10356125	+	chr3	10349104	10349438	+	334	1	311	311	6	0
AluY_chr4_87110999	AluY	chr4	87110999	87111316	-	.	-1	-1	.	318	1	308	311	6	0
AluY_chr5_76979970	AluY	chr5	76979970	76980281	+	chr5	77461796	77462105	+	312	1	308	311	6	0
AluY_chr5_122938659	AluY	chr5	122938659	122938969	+	.	-1	-1	.	311	1	311	311	6	3
AluY_chr5_143621289	AluY	chr5	143621289	143621599	+	chr5	144152637	144152949	+	311	1	311	311	6	1
AluY_chr5_179245485	AluY	chr5	179245485	179245795	+	chr5	179798589	179798902	+	311	1	311	311	6	0
AluY_chr6_7717151	AluY	chr6	7717151	7717461	+	.	-1	-1	.	311	1	311	311	6	14
AluY_chr6_67056814	AluY	chr6	67056814	67057124	+	chr6	68212688	68213004	+	311	1	311	311	6	1
AluYa5_chr1_26163333	AluYa5	chr1	26163333	26163643	-	chr1	26000763	26001074	-	311	1	311	311	0	0
AluYa5_chr1_28695657	AluYa5	chr1	28695657	28695968	+	chr1	28537653	28537964	+	312	1	311	311	0	6
AluYa5_chr1_47614335	AluYa5	chr1	47614335	47614649	-	chr1	47492847	47493161	-	315	1	311	311	0	1
AluYa5_chr1_56422035	AluYa5	chr1	56422035	56422347	-	.	-1	-1	.	313	1	311	311	0	0
AluYa5_chr1_58593960	AluYa5	chr1	58593960	58594269	-	chr1	58471929	58472238	-	310	1	311	311	0	0
AluYa5_chr1_59324267	AluYa5	chr1	59324267	59324575	-	chr1	59202639	59202947	-	309	1	311	311	0	0
AluYa5_chr1_61567653	AluYa5	chr1	61567653	61567956	+	chr1	61446519	61446816	+	304	1	304	311	0	0
AluYa5_chr1_71602239	AluYa5	chr1	71602239	71602550	-	chr1	71480009	71480316	-	312	1	311	311	0	0
AluYa5_chr1_71942484	AluYa5	chr1	71942484	71942801	-	chr1	71821405	71821727	-	318	1	311	311	0	0
AluYa5_chr1_79254259	AluYa5	chr1	79254259	79254558	-	chr1	79092896	79093197	-	300	1	300	311	0	0
AluYa5_chr1_114024710	AluYa5	chr1	114024710	114025007	+	chr1	114036365	114036664	+	298	1	299	311	0	0
AluYa5_chr1_156991711	AluYa5	chr1	156991711	156992015	-	chr1	156128551	156128855	-	305	1	305	311	0	0
AluYa5_chr1_170937516	AluYa5	chr1	170937516	170937822	-	chr1	170293859	170294165	-	307	1	305	311	0	0
AluYa5_chr1_179645071	AluYa5	chr1	179645071	179645384	-	chr1	179000081	179000394	-	314	1	311	311	0	0
AluYa5_chr1_181860019	AluYa5	chr1	181860019	181860330	+	chr1	181215435	181215766	+	312	1	311	311	0	1
AluYa5_chr1_202332627	AluYa5	chr1	202332627	202332937	+	chr1	201594743	201595053	+	311	1	311	311	0	3
AluYa5_chr1_210788686	AluYa5	chr1	210788686	210788995	-	chr1	210030785	210031091	-	310	1	311	311	0	0
AluYa5_chr1_232639792	AluYa5	chr1	232639792	232640097	-	chr1	232025623	232025928	-	306	2	311	311	0	0
AluYa5_chr1_234451466	AluYa5	chr1	234451466	234451766	+	chr1	233841842	233842142	+	301	1	299	311	0	0
AluYa5_chr1_241197252	AluYa5	chr1	241197252	241197553	-	chr1	240608368	240608669	-	302	1	302	311	0	0
AluYa5_chr1_247067561	AluYa5	chr1	247067561	247067866	+	chr1	246499156	246499461	+	306	1	306	311	0	0
AluYa5_chr10_9705184	AluYa5	chr10	9705184	9705494	+	chr10	9716025	9716340	+	311	1	311	311	0	0
AluYa5_chr10_15429090	AluYa5	chr10	15429090	15429398	+	chr10	15447341	15447649	+	309	1	309	311	0	0
AluYa5_chr10_21773860	AluYa5	chr10	21773860	21774159	+	chr10	21792933	21793232	+	300	1	300	311	0	0
AluYa5_chr10_35430057	AluYa5	chr10	35430057	35430361	+	chr10	35458672	35458977	+	305	2	306	311	0	0
AluYa5_chr10_36122954	AluYa5	chr10	36122954	36123259	-	chr10	36153929	36154234	-	306	1	311	311	0	0
AluYa5_chr10_43146993	AluYa5	chr10	43146993	43147274	-	chr10	44024483	44024763	-	282	1	281	311	0	0
AluYa5_chr10_64509039	AluYa5	chr10	64509039	64509335	-	chr10	65367004	65367300	-	297	1	297	311	0	0
AluYa5_chr10_68521583	AluYa5	chr10	68521583	68521896	-	chr10	69390814	69391114	-	314	1	311	311	0	0
AluYa5_chr10_81963126	AluYa5	chr10	81963126	81963432	-	chr10	82836946	82837252	-	307	1	311	311	0	0
AluYa5_chr10_94093935	AluYa5	chr10	94093935	94094240	-	chr10	94973027	94973333	-	306	1	311	311	0	0
AluYa5_chr10_100210095	AluYa5	chr10	100210095	100210386	-	chr10	101094346	101094637	-	292	1	292	311	0	3
AluYa5_chr10_101517910	AluYa5	chr10	101517910	101518211	-	chr10	102401952	102402253	-	302	1	302	311	0	0
AluYa5_chr10_102885496	AluYa5	chr10	102885496	102885828	-	chr10	103771282	103771599	-	333	1	311	311	0	0
AluYa5_chr10_111431801	AluYa5	chr10	111431801	111432100	-	.	-1	-1	.	300	1	300	311	0	0
AluYa5_chr11_19533707	AluYa5	chr11	19533707	19534005	-	chr11	19653727	19654025	-	299	1	299	311	0	0
AluYa5_chr11_20894990	AluYa5	chr11	20894990	20895301	+	chr11	21015542	21015864	+	312	1	311	311	0	17
AluYa5_chr11_32607081	AluYa5	chr11	32607081	32607391	-	chr11	32742580	32742890	-	311	1	311	311	0	0
AluYa5_chr11_41123257	AluYa5	chr11	41123257	41123571	-	chr11	41269799	41270113	-	315	1	311	311	0	0
AluYa5_chr11_56640478	AluYa5	chr11	56640478	56640781	-	chr11	56578465	56578768	-	304	1	304	311	0	0
AluYa5_chr11_93243186	AluYa5	chr11	93243186	93243497	+	chr11	93166038	93166349	+	312	1	311	311	0	30
AluYa5_chr11_95957416	AluYa5	chr11	95957416	95957726	+	chr11	95964813	95965123	+	311	1	311	311	0	7
AluYa5_chr11_102601126	AluYa5	chr11	102601126	102601431	-	chr11	102603318	102603623	-	306	1	311	311	0	0
AluYa5_chr11_103954883	AluYa5	chr11	103954883	103955193	+	chr11	103958766	103959076	+	311	1	311	311	0	18
AluYa5_chr11_106450757	AluYa5	chr11	106450757	106451049	-	chr11	106457218	106457510	-	293	12	305	311	0	0
AluYa5_chr11_119270437	AluYa5	chr11	119270437	119270745	-	chr11	119291070	119291378	-	309	1	311	311	0	0
AluYa5_chr12_2379750	AluYa5	chr12	2379750	2380044	+	chr12	2380828	2381122	+	295	1	295	311	0	0
AluYa5_chr12_5393887	AluYa5	chr12	5393887	5394189	+	chr12	5400113	5400422	+	303	1	304	311	0	0
AluYa5_chr12_7279867	AluYa5	chr12	7279867	7280172	-	chr12	7293234	7293539	-	306	1	305	311	0	0
AluYa5_chr12_22713162	AluYa5	chr12	22713162	22713461	-	chr12	22584641	22584940	-	300	1	299	311	0	0
AluYa5_chr12_24289454	AluYa5	chr12	24289454	24289754	-	chr12	24160433	24160733	-	301	1	299	311	0	0
AluYa5_chr12_39613105	AluYa5	chr12	39613105	39613415	+	chr12	39562979	39563289	+	311	1	311	311	0	2
AluYa5_chr12_53003410	AluYa5	chr12	53003410	53003716	+	chr12	52967905	52968211	+	307	1	307	311	0	0
AluYa5_chr12_53392348	AluYa5	chr12	53392348	53392656	-	chr12	53358394	53358703	-	309	1	311	311	0	0
AluYa5_chr12_54459723	AluYa5	chr12	54459723	54460025	-	chr12	54426300	54426602	-	303	1	303	311	0	0
AluYa5_chr12_56330348	AluYa5	chr12	56330348	56330658	-	chr12	56297991	56298303	-	311	1	311	311	0	0
AluYa5_chr12_70985195	AluYa5	chr12	70985195	70985497	+	chr12	70964690	70964992	+	303	1	303	311	0	0
AluYa5_chr12_71924734	AluYa5	chr12	71924734	71925033	+	chr12	71902212	71902511	+	300	1	300	311	0	0
AluYa5_chr12_74348301	AluYa5	chr12	74348301	74348597	-	chr12	74322160	74322456	-	297	1	297	311	0	0
AluYa5_chr12_82133432	AluYa5	chr12	82133432	82133734	+	chr12	82112890	82113192	+	303	1	303	311	0	0
AluYa5_chr12_83944937	AluYa5	chr12	83944937	83945238	-	chr12	83923606	83923918	-	302	1	302	311	0	0
AluYa5_chr12_89720506	AluYa5	chr12	89720506	89720801	+	chr12	89702380	89702675	+	296	1	296	311	0	0
AluYa5_chr12_99998845	AluYa5	chr12	99998845	99999164	-	chr12	99960064	99960383	-	320	1	311	311	0	0
AluYa5_chr12_122439872	AluYa5	chr12	122439872	122440182	+	chr12	122435652	122435970	+	311	1	311	311	0	2
AluYa5_chr13_35864284	AluYa5	chr13	35864284	35864590	+	chr13	35082722	35083029	+	307	1	307	311	0	0
AluYa5_chr13_38396024	AluYa5	chr13	38396024	38396331	+	chr13	37615744	37616050	+	308	1	307	311	0	0
AluYa5_chr13_44949200	AluYa5	chr13	44949200	44949500	-	chr13	44169262	44169563	-	301	1	301	311	0	0
AluYa5_chr13_47498755	AluYa5	chr13	47498755	47499070	-	chr13	46719816	46720131	-	316	1	311	311	0	0
AluYa5_chr13_50659873	AluYa5	chr13	50659873	50660179	-	chr13	49874778	49875084	-	307	1	311	311	0	0
AluYa5_chr13_51716411	AluYa5	chr13	51716411	51716712	+	chr13	50931327	50931628	+	302	1	301	311	0	0
AluYa5_chr13_79507268	AluYa5	chr13	79507268	79507573	-	.	-1	-1	.	306	1	305	311	0	0
AluYa5_chr13_86502938	AluYa5	chr13	86502938	86503240	+	.	-1	-1	.	303	1	303	311	0	0
AluYa5_chr13_86950590	AluYa5	chr13	86950590	86950913	-	chr13	86153814	86154137	-	324	1	298	311	0	0
AluYa5_chr13_88351022	AluYa5	chr13	88351022	88351346	-	.	-1	-1	.	325	1	311	311	0	0
AluYa5_chr13_97983966	AluYa5	chr13	97983966	97984277	-	chr13	97190809	97191121	-	312	1	311	311	0	0
AluYa5_chr13_101279535	AluYa5	chr13	101279535	101279819	+	chr13	100494620	100494904	+	285	1	284	311	0	3
AluYa5_chr13_104508869	AluYa5	chr13	104508869	104509176	+	.	-1	-1	.	308	1	308	311	0	0
AluYa5_chr14_46108735	AluYa5	chr14	46108735	46109044	+	.	-1	-1	.	310	1	310	311	0	0
AluYa5_chr14_48354940	AluYa5	chr14	48354940	48355256	-	chr14	42553717	42554033	-	317	1	311	311	0	0
AluYa5_chr14_51650392	AluYa5	chr14	51650392	51650687	-	chr14	45857304	45857599	-	296	8	303	311	0	0
AluYa5_chr14_52290081	AluYa5	chr14	52290081	52290391	+	chr14	46497190	46497487	+	311	1	311	311	0	8
AluYa5_chr14_62899550	AluYa5	chr14	62899550	62899849	+	chr14	57107179	57107478	+	300	1	297	311	0	0
AluYa5_chr14_68235423	AluYa5	chr14	68235423	68235732	+	chr14	62441812	62442121	+	310	1	310	311	0	0
AluYa5_chr14_73386868	AluYa5	chr14	73386868	73387181	-	chr14	67594830	67595152	-	314	1	311	311	0	0
AluYa5_chr14_80673362	AluYa5	chr14	80673362	80673671	+	chr14	74885477	74885785	+	310	1	307	311	0	0
AluYa5_chr14_84812266	AluYa5	chr14	84812266	84812595	-	chr14	79025973	79026288	-	330	1	311	311	0	0
AluYa5_chr14_97223311	AluYa5	chr14	97223311	97223612	+	chr14	91455165	91455466	+	302	1	302	311	0	0
AluYa5_chr14_100378677	AluYa5	chr14	100378677	100378987	+	.	-1	-1	.	311	1	311	311	0	11
AluYa5_chr14_106332609	AluYa5	chr14	106332609	106332919	+	chr14	100604094	100604399	+	311	1	311	311	0	13
AluYa5_chr15_29493126	AluYa5	chr15	29493126	29493432	-	chr15	27275261	27275567	-	307	1	311	311	0	0
AluYa5_chr15_37570082	AluYa5	chr15	37570082	37570391	-	chr15	35375298	35375611	-	310	1	311	311	0	0
AluYa5_chr15_41725552	AluYa5	chr15	41725552	41725853	+	.	-1	-1	.	302	1	300	311	0	3
AluYa5_chr15_47711028	AluYa5	chr15	47711028	47711331	+	chr15	45519042	45519345	+	304	1	303	311	0	0
AluYa5_chr15_48258080	AluYa5	chr15	48258080	48258386	+	chr15	46066154	46066463	+	307	1	307	311	0	0
AluYa5_chr15_61923862	AluYa5	chr15	61923862	61924166	-	chr15	59727525	59727829	-	305	1	303	311	0	0
AluYa5_chr16_3843867	AluYa5	chr16	3843867	3844173	+	chr16	3871096	3871402	+	307	1	307	311	0	0
AluYa5_chr16_4998457	AluYa5	chr16	4998457	4998766	+	chr16	5027957	5028265	+	310	1	310	311	0	0
AluYa5_chr16_8378643	AluYa5	chr16	8378643	8378951	+	chr16	8411047	8411355	+	309	1	309	311	0	0
AluYa5_chr16_11975142	AluYa5	chr16	11975142	11975446	-	chr16	12011255	12011559	-	305	1	305	311	0	0
AluYa5_chr16_17715526	AluYa5	chr16	17715526	17715830	-	chr16	17722536	17722840	-	305	1	305	311	0	0
AluYa5_chr16_28997720	AluYa5	chr16	28997720	28998024	+	chr16	29278835	29279139	+	305	1	305	311	0	0
AluYa5_chr16_35592924	AluYa5	chr16	35592924	35593234	+	chr16	38535343	38535657	-	311	1	311	311	0	3
AluYa5_chr16_48466156	AluYa5	chr16	48466156	48466466	-	chr16	54263406	54263716	-	311	1	311	311	0	0
AluYa5_chr17_2424088	AluYa5	chr17	2424088	2424412	-	chr17	2312776	2313097	-	325	1	311	311	0	0
AluYa5_chr17_14549833	AluYa5	chr17	14549833	14550162	-	chr17	14455765	14456098	-	330	1	311	311	0	0
AluYa5_chr17_16737163	AluYa5	chr17	16737163	16737465	-	chr17	16639536	16639838	-	303	1	303	311	0	0
AluYa5_chr17_32817845	AluYa5	chr17	32817845	32818145	+	chr17	33763921	33764221	+	301	1	301	311	0	0
AluYa5_chr17_46380809	AluYa5	chr17	46380809	46381117	+	.	-1	-1	.	309	1	309	311	0	0
AluYa5_chr17_49151093	AluYa5	chr17	49151093	49151403	+	.	-1	-1	.	311	1	311	311	0	9
AluYa5_chr18_8905676	AluYa5	chr18	8905676	8905980	+	chr18	9068577	9068882	+	305	1	305	311	0	0
AluYa5_chr18_30868830	AluYa5	chr18	30868830	30869139	+	chr18	31059046	31059355	+	310	1	310	311	0	0
AluYa5_chr18_46802762	AluYa5	chr18	46802762	46803074	+	chr18	46993426	46993738	+	313	1	311	311	0	28
AluYa5_chr18_58003903	AluYa5	chr18	58003903	58004196	-	.	-1	-1	.	294	1	294	311	0	0
AluYa5_chr18_66547662	AluYa5	chr18	66547662	66547966	-	chr18	66745681	66745985	-	305	1	305	311	0	0
AluYa5_chr18_71179505	AluYa5	chr18	71179505	71179815	+	chr18	71401147	71401438	+	311	1	311	311	0	16
AluYa5_chr18_72229537	AluYa5	chr18	72229537	72229840	-	chr18	72451107	72451414	-	304	1	304	311	0	0
AluYa5_chr18_76653416	AluYa5	chr18	76653416	76653714	-	chr18	76881844	76882139	-	299	1	299	311	0	0
AluYa5_chr19_49078683	AluYa5	chr19	49078683	49079001	-	chr19	52073399	52073729	-	319	1	311	311	0	0
AluYa5_chr2_11176526	AluYa5	chr2	11176526	11176827	-	chr2	11208931	11209232	-	302	1	302	311	0	0
AluYa5_chr2_11752434	AluYa5	chr2	11752434	11752730	-	chr2	11785585	11785880	-	297	1	297	311	0	0
AluYa5_chr2_15710825	AluYa5	chr2	15710825	15711130	-	chr2	15742434	15742739	-	306	1	311	311	0	0
AluYa5_chr2_16110995	AluYa5	chr2	16110995	16111307	-	chr2	16142394	16142706	-	313	1	311	311	0	0
AluYa5_chr2_29445818	AluYa5	chr2	29445818	29446126	+	chr2	29489419	29489726	+	309	1	309	311	0	0
AluYa5_chr2_75236789	AluYa5	chr2	75236789	75237095	-	chr2	75245990	75246296	-	307	1	311	311	0	0
AluYa5_chr2_80945252	AluYa5	chr2	80945252	80945567	-	chr2	80945681	80945997	-	316	1	311	311	0	0
AluYa5_chr2_88301311	AluYa5	chr2	88301311	88301623	-	chr2	88313307	88313621	-	313	1	311	311	0	0
AluYa5_chr2_101358754	AluYa5	chr2	101358754	101359064	+	chr2	101817452	101817763	+	311	1	311	311	0	10
AluYa5_chr2_123950392	AluYa5	chr2	123950392	123950698	+	chr2	124387736	124388042	+	307	1	307	311	0	0
AluYa5_chr2_137487737	AluYa5	chr2	137487737	137488062	-	.	-1	-1	.	326	1	311	311	0	0
AluYa5_chr2_149770470	AluYa5	chr2	149770470	149770776	-	.	-1	-1	.	307	1	311	311	0	0
AluYa5_chr2_159280410	AluYa5	chr2	159280410	159280709	+	chr2	159740267	159740573	+	300	1	300	311	0	0
AluYa5_chr2_165411015	AluYa5	chr2	165411015	165411325	+	.	-1	-1	.	311	1	311	311	0	0
AluYa5_chr2_188580272	AluYa5	chr2	188580272	188580568	+	chr2	189069107	189069403	+	297	1	297	311	0	0
AluYa5_chr2_191694688	AluYa5	chr2	191694688	191694998	+	.	-1	-1	.	311	1	311	311	0	8
AluYa5_chr2_192306121	AluYa5	chr2	192306121	192306429	+	chr2	192794821	192795122	+	309	1	304	311	0	0
AluYa5_chr2_207702501	AluYa5	chr2	207702501	207702805	-	.	-1	-1	.	305	1	304	311	0	0
AluYa5_chr2_208196439	AluYa5	chr2	208196439	208196753	-	.	-1	-1	.	315	1	311	311	0	0
AluYa5_chr2_225939909	AluYa5	chr2	225939909	225940229	-	chr2	226421790	226422110	-	321	1	311	311	0	0
AluYa5_chr20_17122804	AluYa5	chr20	17122804	17123129	-	.	-1	-1	.	326	1	311	311	0	0
AluYa5_chr20_19080783	AluYa5	chr20	19080783	19081086	-	.	-1	-1	.	304	1	301	311	0	0
AluYa5_chr21_9002902	AluYa5	chr21	9002902	9003210	-	chr21	5626870	5627173	-	309	1	311	311	0	0
AluYa5_chr21_38218616	AluYa5	chr21	38218616	38218951	-	.	-1	-1	.	336	1	311	311	0	0
AluYa5_chr22_20915776	AluYa5	chr22	20915776	20916088	+	chr22	21324487	21324802	+	313	1	311	311	0	2
AluYa5_chr3_11440324	AluYa5	chr3	11440324	11440623	-	chr3	11435017	11435316	-	300	1	300	311	0	0
AluYa5_chr3_14184473	AluYa5	chr3	14184473	14184770	+	chr3	14186336	14186633	+	298	1	295	311	0	0
AluYa5_chr3_17876979	AluYa5	chr3	17876979	17877276	+	chr3	17879086	17879383	+	298	1	298	311	0	0
AluYa5_chr3_26671012	AluYa5	chr3	26671012	26671314	-	chr3	26673618	26673920	-	303	1	303	311	0	0
AluYa5_chr3_42599411	AluYa5	chr3	42599411	42599705	+	chr3	42617405	42617699	+	295	1	295	311	0	0
AluYa5_chr3_42989611	AluYa5	chr3	42989611	42989928	-	.	-1	-1	.	318	1	311	311	0	0
AluYa5_chr3_47416616	AluYa5	chr3	47416616	47416925	-	chr3	47433027	47433336	-	310	1	311	311	0	0
AluYa8_chr3_34913101	AluYa8	chr3	34913101	34913400	+	chr3	34914065	34914364	+	300	1	300	310	0	0
AluYa8_chr4_105448937	AluYa8	chr4	105448937	105449263	+	chr4	108759821	108760122	+	327	1	310	310	0	0
AluYa8_chr4_147922408	AluYa8	chr4	147922408	147922708	+	chr4	151246320	151246620	+	301	1	301	310	0	0
AluYa8_chr6_12099184	AluYa8	chr6	12099184	12099465	-	chr6	11967352	11967633	-	282	1	296	310	0	0
AluYa8_chr9_38095865	AluYa8	chr9	38095865	38096172	+	chr9	38119793	38120100	+	308	1	308	310	0	0
AluYa8_chr1_113842820	AluYa8	chr1	113842820	113843119	+	chr1	113854495	113854806	+	300	1	300	310	3	0
AluYa8_chr1_145410315	AluYa8	chr1	145410315	145410612	-	chr1	144525630	144525927	-	298	1	298	310	3	0
AluYa8_chr12_12864715	AluYa8	chr12	12864715	12865016	+	chr12	12738287	12738588	+	302	1	302	310	3	0
AluYa8_chr14_63320466	AluYa8	chr14	63320466	63320774	+	chr14	57527830	57528139	+	309	1	310	310	3	9
AluYa8_chr15_50706110	AluYa8	chr15	50706110	50706417	+	chr15	48513166	48513473	+	308	1	308	310	3	0
AluYa8_chr22_28385995	AluYa8	chr22	28385995	28386304	+	chr22	28847425	28847727	+	310	1	310	310	3	2
AluYa8_chr3_115305405	AluYa8	chr3	115305405	115305716	+	.	-1	-1	.	312	1	310	310	3	17
AluYa8_chr4_125553523	AluYa8	chr4	125553523	125553826	+	chr4	128855812	128856116	+	304	1	304	310	3	0
AluYa8_chr5_72620732	AluYa8	chr5	72620732	72621025	-	chr5	73101881	73102174	-	294	10	303	310	3	0
AluYa8_chr5_129043000	AluYa8	chr5	129043000	129043299	-	chr5	129561772	129562072	-	300	1	300	310	3	0
AluYa8_chr9_42452955	AluYa8	chr9	42452955	42453256	+	chr9	44005731	44006032	+	302	1	302	310	3	0
AluYa8_chr20_37368514	AluYa8	chr20	37368514	37368849	-	chr20	39092583	39092919	-	336	2	310	310	4	0
AluYa8_chr5_50877481	AluYa8	chr5	50877481	50877785	-	chr5	51696687	51696991	-	305	1	310	310	4	0
AluYa8_chr7_65847314	AluYa8	chr7	65847314	65847623	-	chr7	67069460	67069769	-	310	1	310	310	4	0
AluYa8_chr10_95679584	AluYa8	chr10	95679584	95679889	-	chr10	96558692	96558997	-	306	1	310	310	7	0
AluYa8_chr11_82308030	AluYa8	chr11	82308030	82308334	+	chr11	82244066	82244370	+	305	1	305	310	7	0
AluYa8_chr14_67150161	AluYa8	chr14	67150161	67150470	+	chr14	61357284	61357593	+	310	1	310	310	7	3
AluYa8_chr19_39608743	AluYa8	chr19	39608743	39609041	+	chr19	42413003	42413301	+	299	1	299	310	7	0
AluYa8_chr3_126833774	AluYa8	chr3	126833774	126834081	+	chr3	129566235	129566542	+	308	1	308	310	7	0
AluYa8_chr4_54616270	AluYa8	chr4	54616270	54616579	+	chr4	58105041	58105350	+	310	1	310	310	7	0
AluYa8_chr4_154968185	AluYa8	chr4	154968185	154968488	-	chr4	158300069	158300372	-	304	1	304	310	7	0
AluYa8_chr7_99059118	AluYa8	chr7	99059118	99059397	+	chr7	100292447	100292726	+	280	1	280	310	7	19
AluYa8_chr7_113538586	AluYa8	chr7	113538586	113538894	+	chr7	114858288	114858596	+	309	1	309	310	7	0
AluYa8_chr8_125333506	AluYa8	chr8	125333506	125333812	-	chr8	126466991	126467298	-	307	1	310	310	7	0
AluYa8_chr4_180997023	AluYa8	chr4	180997023	180997338	+	chr4	184337306	184337623	+	316	1	310	310	9	0
AluYa8_chr16_14367798	AluYa8	chr16	14367798	14368099	+	chr16	14405077	14405377	+	302	1	302	310	10	0
AluYa8_chr17_28208167	AluYa8	chr17	28208167	28208467	+	chr17	29149579	29149879	+	301	1	301	310	10	0
AluYa8_chr22_36389839	AluYa8	chr22	36389839	36390147	+	chr22	36850014	36850321	+	309	2	310	310	10	0
AluYa8_chr5_50573253	AluYa8	chr5	50573253	50573555	+	chr5	51392360	51392663	+	303	1	303	310	10	0
AluYa8_chr5_79717885	AluYa8	chr5	79717885	79718186	-	.	-1	-1	.	302	1	302	310	10	0
AluYa8_chr3_88050347	AluYa8	chr3	88050347	88050652	-	chr3	88126184	88126497	-	306	1	310	310	11	0
AluYa8_chr5_10005168	AluYa8	chr5	10005168	10005466	+	.	-1	-1	.	299	2	300	310	13	0
AluYa8_chr13_78849848	AluYa8	chr13	78849848	78850156	+	chr13	78078055	78078363	+	309	1	309	310	16	0
AluYa8_chr3_75065217	AluYa8	chr3	75065217	75065561	-	chr3	75107055	75107385	-	345	1	310	310	16	0
AluYa8_chr9_87132419	AluYa8	chr9	87132419	87132725	+	chr9	99286113	99286417	+	307	1	307	310	16	0
AluYa8_chrY_15091442	AluYa8	chrY	15091442	15091750	-	chrY	15997974	15998282	-	309	1	309	310	16	0
AluYb8_chr13_21949392	AluYb8	chr13	21949392	21949709	-	chr13	21146513	21146870	-	318	1	318	318	0	1
AluYb8_chr15_55641893	AluYb8	chr15	55641893	55642203	+	chr15	53445025	53445335	+	311	1	311	318	0	0
AluYb8_chr4_95258747	AluYb8	chr4	95258747	95259060	-	chr4	98573803	98574116	-	314	1	318	318	0	0
AluYb8_chr6_55397237	AluYb8	chr6	55397237	55397550	+	chr6	55236824	55237138	+	314	1	314	318	0	0
AluYb8_chrX_68083055	AluYb8	chrX	68083055	68083371	-	chrX	66515849	66516166	-	317	1	318	318	0	0
AluYb8_chr1_38870512	AluYb8	chr1	38870512	38870828	+	chr1	38737753	38738069	+	317	1	317	318	3	0
AluYb8_chr1_46773915	AluYb8	chr1	46773915	46774220	-	chr1	46651149	46651454	-	306	1	306	318	3	0
AluYb8_chr1_47874253	AluYb8	chr1	47874253	47874571	-	chr1	47753137	47753455	-	319	1	312	318	3	0
AluYb8_chr1_62686158	AluYb8	chr1	62686158	62686487	-	.	-1	-1	.	330	1	318	318	3	0
AluYb8_chr1_87870601	AluYb8	chr1	87870601	87870893	+	chr1	87713824	87714116	+	293	1	293	318	3	3
AluYb8_chr1_87895132	AluYb8	chr1	87895132	87895436	-	chr1	87738364	87738667	-	305	1	305	318	3	0
AluYb8_chr1_169228396	AluYb8	chr1	169228396	169228706	+	chr1	168583877	168584187	+	311	1	311	318	3	0
AluYb8_chr1_180323866	AluYb8	chr1	180323866	180324178	-	.	-1	-1	.	313	1	318	318	3	0
AluYb8_chr1_186279934	AluYb8	chr1	186279934	186280237	-	chr1	185634590	185634893	-	304	1	300	318	3	0
AluYb8_chr10_15647450	AluYb8	chr10	15647450	15647761	-	chr10	15665407	15665718	-	312	1	312	318	3	0
AluYb8_chr10_50322551	AluYb8	chr10	50322551	50322863	+	chr10	51170737	51171049	+	313	1	313	318	3	0
AluYb8_chr10_61816862	AluYb8	chr10	61816862	61817179	+	chr10	62673749	62674066	+	318	1	318	318	3	0
AluYb8_chr10_96819883	AluYb8	chr10	96819883	96820174	+	chr10	97700797	97701088	+	292	2	318	318	3	11
AluYb8_chr11_10442496	AluYb8	chr11	10442496	10442804	-	chr11	10527032	10527340	-	309	1	304	318	3	0
AluYb8_chr11_19260964	AluYb8	chr11	19260964	19261262	+	chr11	19381051	19381349	+	299	1	299	318	3	3
AluYb8_chr11_40985478	AluYb8	chr11	40985478	40985790	-	.	-1	-1	.	313	1	318	318	3	0
AluYb8_chr11_43757352	AluYb8	chr11	43757352	43757667	+	chr11	43912765	43913082	+	316	1	316	318	3	0
AluYb8_chr11_49403546	AluYb8	chr11	49403546	49403863	+	.	-1	-1	.	318	1	318	318	3	3
AluYb8_chr11_61340327	AluYb8	chr11	61340327	61340653	-	.	-1	-1	.	327	1	318	318	3	0
AluYb8_chr11_62653926	AluYb8	chr11	62653926	62654236	-	chr11	62643361	62643671	-	311	1	311	318	3	0
AluYb8_chr11_85087557	AluYb8	chr11	85087557	85087869	+	chr11	85024132	85024457	+	313	1	313	318	3	0
AluYb8_chr11_91298766	AluYb8	chr11	91298766	91299080	-	chr11	91220986	91221302	-	315	1	318	318	3	0
AluYb8_chr11_100808396	AluYb8	chr11	100808396	100808704	-	chr11	100817575	100817883	-	309	1	309	318	3	0
AluYb8_chr11_118027017	AluYb8	chr11	118027017	118027326	-	chr11	118043392	118043702	-	310	1	310	318	3	0
AluYb8_chr12_8095236	AluYb8	chr12	8095236	8095547	-	chr12	8108834	8109145	-	312	1	312	318	3	0
AluYb8_chr12_29295757	AluYb8	chr12	29295757	29296067	-	chr12	29168292	29168601	-	311	1	311	318	3	0
AluYb8_chr12_29420484	AluYb8	chr12	29420484	29420815	-	.	-1	-1	.	332	1	318	318	3	0
AluYb8_chr12_58218583	AluYb8	chr12	58218583	58218896	+	chr12	58196412	58196725	+	314	1	314	318	3	0
AluYb8_chr12_100533891	AluYb8	chr12	100533891	100534192	-	chr12	100495320	100495621	-	302	1	305	318	3	0
AluYb8_chr13_24082539	AluYb8	chr13	24082539	24082854	+	chr13	23289551	23289866	+	316	1	316	318	3	0
AluYb8_chr13_24696425	AluYb8	chr13	24696425	24696746	+	chr13	23904480	23904804	+	322	1	316	318	3	0
AluYb8_chr13_82315077	AluYb8	chr13	82315077	82315394	+	.	-1	-1	.	318	1	318	318	3	13
AluYb8_chr13_87023631	AluYb8	chr13	87023631	87023945	+	chr13	86226850	86227164	+	315	1	315	318	3	0
AluYb8_chr13_91005597	AluYb8	chr13	91005597	91005911	+	chr13	90208175	90208489	+	315	1	315	318	3	0
AluYb8_chr13_110587392	AluYb8	chr13	110587392	110587707	+	chr13	109817995	109818326	+	316	1	316	318	3	0
AluYb8_chr14_28792291	AluYb8	chr14	28792291	28792598	+	chr14	22990220	22990527	+	308	1	308	318	3	0
AluYb8_chr14_48357620	AluYb8	chr14	48357620	48357935	+	chr14	42556397	42556712	+	316	1	316	318	3	0
AluYb8_chr14_56564510	AluYb8	chr14	56564510	56564837	+	.	-1	-1	.	328	1	318	318	3	22
AluYb8_chr14_58102530	AluYb8	chr14	58102530	58102839	+	chr14	52309484	52309793	+	310	1	310	318	3	0
AluYb8_chr14_78361903	AluYb8	chr14	78361903	78362250	+	.	-1	-1	.	348	1	318	318	3	0
AluYb8_chr14_101524541	AluYb8	chr14	101524541	101524865	-	.	-1	-1	.	325	1	318	318	3	0
AluYb8_chr15_39227913	AluYb8	chr15	39227913	39228230	+	chr15	37032851	37033168	+	318	1	318	318	3	10
AluYb8_chr15_55979340	AluYb8	chr15	55979340	55979651	-	chr15	53782776	53783086	-	312	2	318	318	3	0
AluYb8_chr15_58620661	AluYb8	chr15	58620661	58620967	-	chr15	56422636	56422943	-	307	1	307	318	3	0
AluYb8_chr15_90359062	AluYb8	chr15	90359062	90359371	-	chr15	88115074	88115383	-	310	1	310	318	3	0
AluYb8_chr15_98162871	AluYb8	chr15	98162871	98163188	-	chr15	95928232	95928549	-	318	1	318	318	3	0
AluYb8_chr16_16836494	AluYb8	chr16	16836494	16836812	-	chr16	16848687	16849005	-	319	1	318	318	3	0
AluYb8_chr16_26596715	AluYb8	chr16	26596715	26597044	-	.	-1	-1	.	330	1	318	318	3	0
AluYb8_chr16_30799202	AluYb8	chr16	30799202	30799509	-	chr16	31186675	31186982	-	308	1	308	318	3	0
AluYb8_chr16_66765850	AluYb8	chr16	66765850	66766170	-	chr16	72560141	72560461	-	321	1	318	318	3	0
AluYb8_chr16_71130471	AluYb8	chr16	71130471	71130787	-	chr16	76941601	76941917	-	317	1	318	318	3	0
AluYb8_chr16_72009222	AluYb8	chr16	72009222	72009535	+	chr16	77827281	77827593	+	314	1	314	318	3	0
AluYb8_chr16_81085875	AluYb8	chr16	81085875	81086192	+	.	-1	-1	.	318	1	318	318	3	39
AluYb8_chr17_36422343	AluYb8	chr17	36422343	36422656	-	.	-1	-1	.	314	1	318	318	3	0
AluYb8_chr17_75194601	AluYb8	chr17	75194601	75194913	+	chr17	76086716	76087028	+	313	1	313	318	3	0
AluYb8_chr17_81610671	AluYb8	chr17	81610671	81610981	+	.	-1	-1	.	311	1	311	318	3	0
AluYb8_chr18_8372057	AluYb8	chr18	8372057	8372373	-	chr18	8535207	8535523	-	317	1	318	318	3	0
AluYb8_chr18_27439957	AluYb8	chr18	27439957	27440300	+	chr18	27633990	27634328	+	344	1	318	318	3	0
AluYb8_chr18_46758466	AluYb8	chr18	46758466	46758792	-	chr18	46949104	46949430	-	327	1	318	318	3	0
AluYb8_chr18_57236468	AluYb8	chr18	57236468	57236785	+	chr18	57439335	57439652	+	318	1	318	318	3	0
AluYb8_chr18_63754881	AluYb8	chr18	63754881	63755203	-	chr18	63959934	63960256	-	323	1	318	318	3	0
AluYb8_chr18_78173050	AluYb8	chr18	78173050	78173366	-	chr18	78405803	78406119	-	317	1	318	318	3	0
AluYb8_chr19_45896616	AluYb8	chr19	45896616	45896924	-	chr19	48724057	48724365	-	309	1	309	318	3	0
AluYb8_chr2_33556232	AluYb8	chr2	33556232	33556546	-	chr2	33602381	33602695	-	315	1	318	318	3	0
AluYb8_chr2_39365431	AluYb8	chr2	39365431	39365743	-	chr2	39374263	39374575	-	313	1	318	318	3	0
AluYb8_chr2_83957794	AluYb8	chr2	83957794	83958110	-	chr2	83958897	83959212	-	317	1	318	318	3	0
AluYb8_chr2_115790072	AluYb8	chr2	115790072	115790378	-	chr2	116214853	116215159	-	307	1	307	318	3	0
AluYb8_chr2_124035911	AluYb8	chr2	124035911	124036223	-	chr2	124473381	124473693	-	313	1	318	318	3	0
AluYb8_chr2_137238535	AluYb8	chr2	137238535	137238852	-	chr2	137684496	137684813	-	318	1	318	318	3	0
AluYb8_chr2_159519206	AluYb8	chr2	159519206	159519529	-	chr2	159976400	159976721	-	324	1	318	318	3	0
AluYb8_chr2_174448550	AluYb8	chr2	174448550	174448836	-	chr2	174937174	174937460	-	287	1	287	318	3	0
AluYb8_chr2_180453085	AluYb8	chr2	180453085	180453394	+	chr2	180936509	180936816	+	310	1	310	318	3	0
AluYb8_chr2_187365962	AluYb8	chr2	187365962	187366269	+	chr2	187854886	187855193	+	308	1	308	318	3	0
AluYb8_chr2_187374991	AluYb8	chr2	187374991	187375298	+	chr2	187863914	187864221	+	308	1	308	318	3	0
AluYb8_chr2_202786265	AluYb8	chr2	202786265	202786565	+	chr2	203267714	203268013	+	301	1	298	318	3	0
AluYb8_chr2_210639331	AluYb8	chr2	210639331	210639644	+	chr2	211120065	211120378	+	314	1	314	318	3	0
AluYb8_chr2_221860727	AluYb8	chr2	221860727	221861044	+	chr2	222345821	222346138	+	318	1	318	318	3	0
AluYb8_chr2_230460593	AluYb8	chr2	230460593	230460922	-	chr2	230943670	230943999	-	330	1	318	318	3	0
AluYb8_chr20_8486482	AluYb8	chr20	8486482	8486794	-	chr20	8528453	8528765	-	313	1	318	318	3	0
AluYb8_chr20_50156241	AluYb8	chr20	50156241	50156554	-	.	-1	-1	.	314	1	318	318	3	0
AluYb8_chr21_18374192	AluYb8	chr21	18374192	18374504	+	chr21	16733860	16734172	+	313	1	313	318	3	0
AluYb8_chr22_22828370	AluYb8	chr22	22828370	22828687	+	chr22	23251248	23251565	+	318	1	318	318	3	9
AluYb8_chr3_8477913	AluYb8	chr3	8477913	8478225	-	chr3	8469063	8469375	-	313	1	318	318	3	0
AluYb8_chr3_34853858	AluYb8	chr3	34853858	34854158	-	chr3	34854823	34855123	-	301	1	301	318	3	0
AluYb8_chr3_39286369	AluYb8	chr3	39286369	39286678	+	chr3	39299270	39299580	+	310	1	309	318	3	0
AluYb8_chr3_57761766	AluYb8	chr3	57761766	57762074	+	chr3	57802141	57802449	+	309	1	309	318	3	0
AluYb8_chr3_60534146	AluYb8	chr3	60534146	60534463	+	chr3	60575889	60576206	+	318	1	312	318	3	0
AluYb8_chr3_79496388	AluYb8	chr3	79496388	79496686	-	chr3	79551294	79551592	-	299	1	295	318	3	0
AluYb8_chr3_85897242	AluYb8	chr3	85897242	85897568	-	chr3	85969021	85969346	-	327	1	318	318	3	0
AluYb8_chr3_89984728	AluYb8	chr3	89984728	89985041	+	chr3	90061297	90061610	+	314	1	314	318	3	0
AluYb8_chr3_102564942	AluYb8	chr3	102564942	102565268	-	chr3	105280232	105280560	-	327	1	318	318	3	0
AluYb8_chr3_105521020	AluYb8	chr3	105521020	105521332	+	chr3	108239044	108239356	+	313	1	313	318	3	0
AluYb8_chr3_117309938	AluYb8	chr3	117309938	117310249	-	chr3	120029792	120030103	-	312	1	312	318	3	0
AluYb8_chr3_186311835	AluYb8	chr3	186311835	186312152	+	chr3	189127455	189127769	+	318	1	318	318	3	9
AluYb8_chr3_188587062	AluYb8	chr3	188587062	188587379	+	.	-1	-1	.	318	1	318	318	3	0
AluYb8_chr3_192138309	AluYb8	chr3	192138309	192138626	+	.	-1	-1	.	318	1	318	318	3	13
AluYb8_chr4_5042825	AluYb8	chr4	5042825	5043136	+	chr4	5012470	5012780	+	312	1	312	318	3	0
AluYb8_chr4_32742707	AluYb8	chr4	32742707	32743019	-	chr4	32717669	32717981	-	313	3	315	318	3	0
AluYb8_chr4_36841138	AluYb8	chr4	36841138	36841467	-	.	-1	-1	.	330	1	318	318	3	0
AluYb8_chr4_45991691	AluYb8	chr4	45991691	45991988	-	chr4	45960649	45960945	-	298	1	310	318	3	0
AluYb8_chr4_54487009	AluYb8	chr4	54487009	54487334	-	chr4	57975829	57976142	-	326	1	318	318	3	0
AluYb8_chr4_55132401	AluYb8	chr4	55132401	55132721	-	.	-1	-1	.	321	1	318	318	3	0
AluYb8_chr4_57194655	AluYb8	chr4	57194655	57194965	-	chr4	60686012	60686322	-	311	1	311	318	3	0
AluYb8_chr4_65531049	AluYb8	chr4	65531049	65531336	-	chr4	68967842	68968129	-	288	1	288	318	3	33
AluYb8_chr4_87854496	AluYb8	chr4	87854496	87854800	-	chr4	91180926	91181230	-	305	1	305	318	3	0
AluYb8_chr4_91424002	AluYb8	chr4	91424002	91424316	-	chr4	94750251	94750565	-	315	1	318	318	3	0
AluYb8_chr4_95042894	AluYb8	chr4	95042894	95043211	+	chr4	98357683	98358000	+	318	1	318	318	3	0
AluYb8_chr4_96129245	AluYb8	chr4	96129245	96129553	-	chr4	99444264	99444572	-	309	1	309	318	3	0
AluYb8_chr4_104863456	AluYb8	chr4	104863456	104863771	+	chr4	108174394	108174709	+	316	1	316	318	3	0
AluYb8_chr4_165039517	AluYb8	chr4	165039517	165039823	+	chr4	168386999	168387305	+	307	1	307	318	3	0
AluYb8_chr4_177593104	AluYb8	chr4	177593104	177593413	+	.	-1	-1	.	310	1	310	318	3	0
AluYb8_chr4_189703487	AluYb8	chr4	189703487	189703779	+	chr4	193064445	193064737	+	293	1	291	318	3	8
AluYb8_chr5_34327361	AluYb8	chr5	34327361	34327678	+	chr5	34571922	34572214	+	318	1	318	318	3	12
AluYb8_chr5_43605235	AluYb8	chr5	43605235	43605551	+	chr5	43858867	43859183	+	317	1	317	318	3	0
AluYb8_chr5_43708412	AluYb8	chr5	43708412	43708725	+	chr5	43962045	43962358	+	314	1	314	318	3	0
AluYb8_chr5_55559812	AluYb8	chr5	55559812	55560126	+	chr5	56387398	56387709	+	315	1	315	318	3	0
AluYb8_chr5_77752532	AluYb8	chr5	77752532	77752857	-	.	-1	-1	.	326	1	318	318	3	1
AluYb8_chr5_81455338	AluYb8	chr5	81455338	81455655	+	chr5	81939940	81940258	+	318	1	318	318	3	0
AluYb8_chr5_89477501	AluYb8	chr5	89477501	89477822	-	chr5	89957887	89958207	-	322	1	318	318	3	0
AluYb8_chr5_116558449	AluYb8	chr5	116558449	116558761	-	.	-1	-1	.	313	1	318	318	3	0
AluYb8_chr5_125418925	AluYb8	chr5	125418925	125419239	+	chr5	125934876	125935190	+	315	1	315	318	3	0
AluYb8_chr5_147477562	AluYb8	chr5	147477562	147477881	-	chr5	148013331	148013650	-	320	1	318	318	3	0
AluYb8_chr5_163654627	AluYb8	chr5	163654627	163654943	+	chr5	164189711	164190027	+	317	1	317	318	3	0
AluYb8_chr6_544866	AluYb8	chr6	544866	545178	+	chr6	404567	404879	+	313	1	313	318	3	0
AluYb8_chr6_3298691	AluYb8	chr6	3298691	3298996	+	chr6	3167119	3167422	+	306	1	306	318	3	0
AluYb8_chr6_7221161	AluYb8	chr6	7221161	7221471	-	chr6	7090787	7091097	-	311	1	307	318	3	0
AluYb8_chr6_13618256	AluYb8	chr6	13618256	13618546	-	chr6	13491813	13492103	-	291	1	291	318	3	12
AluYb8_chr6_38358770	AluYb8	chr6	38358770	38359070	-	chr6	38183448	38183748	-	301	1	301	318	3	0
AluYb8_chr6_62504669	AluYb8	chr6	62504669	62504979	+	chr6	63649673	63649981	+	311	1	311	318	3	0
AluYb8_chr6_86749867	AluYb8	chr6	86749867	86750179	+	chr6	87958573	87958885	+	313	1	313	318	3	0
AluYb8_chr6_94949157	AluYb8	chr6	94949157	94949474	+	chr6	96164136	96164453	+	318	1	318	318	3	3
AluYb8_chr6_95602739	AluYb8	chr6	95602739	95603052	+	chr6	96773677	96773990	+	314	1	314	318	3	0
AluYb8_chr6_98243338	AluYb8	chr6	98243338	98243655	+	chr6	99417643	99417960	+	318	1	318	318	3	0
AluYb8_chr6_113743234	AluYb8	chr6	113743234	113743550	+	chr6	114927105	114927423	+	317	1	317	318	3	0
AluYb8_chr6_122115613	AluYb8	chr6	122115613	122115923	+	chr6	123303685	123303994	+	311	1	311	318	3	0
AluYb8_chr6_151685108	AluYb8	chr6	151685108	151685432	-	chr6	152886308	152886632	-	325	1	318	318	3	0
AluYb8_chr7_37958910	AluYb8	chr7	37958910	37959220	-	.	-1	-1	.	311	1	311	318	3	0
AluYb8_chr7_56526172	AluYb8	chr7	56526172	56526478	+	chr7	56758610	56758915	+	307	1	307	318	3	0
AluYb8_chr7_57726740	AluYb8	chr7	57726740	57727043	-	chr7	57970920	57971224	-	304	1	304	318	3	0
AluYb8_chr7_64954831	AluYb8	chr7	64954831	64955129	+	chr7	66161232	66161547	+	299	11	309	318	3	0
AluYb8_chr7_104546955	AluYb8	chr7	104546955	104547270	+	chr7	105861258	105861573	+	316	1	316	318	3	0
AluYb8_chr7_110441748	AluYb8	chr7	110441748	110442060	-	chr7	111766599	111766911	-	313	1	318	318	3	0
AluYb8_chr7_119981362	AluYb8	chr7	119981362	119981677	+	chr7	121296798	121297115	+	316	1	316	318	3	0
AluYb8_chr7_131322558	AluYb8	chr7	131322558	131322869	-	chr7	132640206	132640515	-	312	1	312	318	3	0
AluYb8_chr7_139424916	AluYb8	chr7	139424916	139425207	-	chr7	140738211	140738502	-	292	1	288	318	3	68
AluYb9_chr1_54025864	AluYb9	chr1	54025864	54026194	-	chr1	53908761	53909096	-	331	1	318	318	0	0
AluYb9_chr1_191132577	AluYb9	chr1	191132577	191132885	+	chr1	190478989	190479297	+	309	1	309	318	0	0
AluYb9_chr1_217704231	AluYb9	chr1	217704231	217704549	-	chr1	216945283	216945601	-	319	1	318	318	0	0
AluYb9_chr10_91055638	AluYb9	chr10	91055638	91055947	-	chr10	91939311	91939621	-	310	1	310	318	0	0
AluYb9_chr11_7407361	AluYb9	chr11	7407361	7407679	-	.	-1	-1	.	319	1	318	318	0	0
AluYb9_chr11_28353644	AluYb9	chr11	28353644	28353953	+	chr11	28494320	28494629	+	310	1	310	318	0	0
AluYb9_chr11_127353813	AluYb9	chr11	127353813	127354130	+	chr11	127386798	127387115	+	318	1	318	318	0	12
AluYb9_chr12_54921871	AluYb9	chr12	54921871	54922182	-	chr12	54888514	54888823	-	312	1	312	318	0	0
AluYb9_chr12_81050367	AluYb9	chr12	81050367	81050684	-	chr12	81029314	81029615	-	318	1	318	318	0	0
AluYb9_chr14_26383808	AluYb9	chr14	26383808	26384118	-	chr14	20581547	20581857	-	311	1	311	318	0	0
AluYb9_chr14_29737041	AluYb9	chr14	29737041	29737358	+	chr14	23935076	23935392	+	318	1	318	318	0	6
AluYb9_chr16_19219121	AluYb9	chr16	19219121	19219438	+	.	-1	-1	.	318	1	318	318	0	11
AluYb9_chr16_75881670	AluYb9	chr16	75881670	75881987	-	chr16	81929993	81930310	-	318	2	318	318	0	0
AluYb9_chr19_36555289	AluYb9	chr19	36555289	36555595	-	chr19	39230561	39230867	-	307	1	304	318	0	0
AluYb9_chr2_223942528	AluYb9	chr2	223942528	223942834	-	chr2	224425782	224426088	-	307	1	307	318	0	0
AluYb9_chr20_14579128	AluYb9	chr20	14579128	14579440	-	chr20	14628319	14628631	-	313	1	318	318	0	0
AluYb9_chr20_61995583	AluYb9	chr20	61995583	61995896	+	chr20	63784920	63785233	+	314	2	315	318	0	0
AluYb9_chr3_2269915	AluYb9	chr3	2269915	2270248	-	chr3	2263790	2264122	-	334	1	318	318	0	0
AluYb9_chr3_48239144	AluYb9	chr3	48239144	48239459	+	chr3	48266936	48267251	+	316	1	316	318	0	0
AluYb9_chr4_152520152	AluYb9	chr4	152520152	152520459	+	chr4	155843313	155843620	+	308	1	308	318	0	0
AluYb9_chr5_96574027	AluYb9	chr5	96574027	96574356	-	.	-1	-1	.	330	1	318	318	0	0
AluYb9_chr5_154556160	AluYb9	chr5	154556160	154556474	-	chr5	155090140	155090454	-	315	1	318	318	0	0
AluYb9_chr5_159733930	AluYb9	chr5	159733930	159734240	+	chr5	160262355	160262652	+	311	1	318	318	0	13
AluYb9_chr6_98245712	AluYb9	chr6	98245712	98246017	-	chr6	99420044	99420349	-	306	1	306	318	0	0
AluYb9_chr6_124139080	AluYb9	chr6	124139080	124139387	-	chr6	125326844	125327151	-	308	1	308	318	0	0
AluYb9_chr6_141004580	AluYb9	chr6	141004580	141004896	-	chr6	142189599	142189915	-	317	2	318	318	0	0
AluYb9_chr7_78076565	AluYb9	chr7	78076565	78076880	+	chr7	79328432	79328745	+	316	1	316	318	0	0
AluYb9_chr7_81172385	AluYb9	chr7	81172385	81172702	+	.	-1	-1	.	318	1	318	318	0	13
AluYb9_chr9_61887078	AluYb9	chr9	61887078	61887400	-	.	-1	-1	.	323	1	318	318	0	0
AluYb9_chr9_67693447	AluYb9	chr9	67693447	67693752	+	chr9	79476115	79476426	+	306	1	306	318	0	0
AluYb9_chr1_42787319	AluYb9	chr1	42787319	42787635	+	chr1	42657809	42658125	+	317	1	317	318	3	0
AluYb9_chr1_69561648	AluYb9	chr1	69561648	69561966	+	.	-1	-1	.	319	1	318	318	3	23
AluYb9_chr1_78838430	AluYb9	chr1	78838430	78838752	-	chr1	78677275	78677597	-	323	1	318	318	3	0
AluYb9_chr1_143923282	AluYb9	chr1	143923282	143923598	+	chr1	142995306	142995621	+	317	1	317	318	3	0
AluYb9_chr1_233729410	AluYb9	chr1	233729410	233729726	+	chr1	233115859	233116169	+	317	1	317	318	3	0
AluYb9_chr1_234076988	AluYb9	chr1	234076988	234077303	-	chr1	233463421	233463735	-	316	1	316	318	3	0
AluYb9_chr10_23071807	AluYb9	chr10	23071807	23072114	-	chr10	23090799	23091106	-	308	1	305	318	3	0
AluYb9_chr10_116904920	AluYb9	chr10	116904920	116905229	+	chr10	117799252	117799561	+	310	1	309	318	3	0
AluYb9_chr11_58195369	AluYb9	chr11	58195369	58195684	-	chr11	58144806	58145119	-	316	2	318	318	3	0
AluYb9_chr11_74434027	AluYb9	chr11	74434027	74434344	+	chr11	74363439	74363756	+	318	1	318	318	3	19
AluYb9_chr12_1346661	AluYb9	chr12	1346661	1346961	+	chr12	1340946	1341259	+	301	1	301	318	3	0
AluYb9_chr12_26991139	AluYb9	chr12	26991139	26991451	-	chr12	26863141	26863453	-	313	1	313	318	3	0
AluYb9_chr13_94598871	AluYb9	chr13	94598871	94599187	-	chr13	93802380	93802696	-	317	1	318	318	3	0
AluYb9_chr14_33820843	AluYb9	chr14	33820843	33821166	+	.	-1	-1	.	324	1	318	318	3	2
AluYb9_chr14_34508251	AluYb9	chr14	34508251	34508567	+	chr14	28707011	28707326	+	317	1	317	318	3	0
AluYb9_chr16_62012973	AluYb9	chr16	62012973	62013291	+	.	-1	-1	.	319	1	318	318	3	2
AluYb9_chr17_44961605	AluYb9	chr17	44961605	44961910	+	chr17	45815524	45815829	+	306	1	306	318	3	1
AluYb9_chr2_15026175	AluYb9	chr2	15026175	15026491	+	.	-1	-1	.	317	1	317	318	3	0
AluYb9_chr2_157576831	AluYb9	chr2	157576831	157577154	-	.	-1	-1	.	324	1	318	318	3	0
AluYb9_chr2_175772764	AluYb9	chr2	175772764	175773088	-	chr2	176261464	176261790	-	325	1	318	318	3	0
AluYb9_chr2_196692122	AluYb9	chr2	196692122	196692433	-	chr2	197176126	197176437	-	312	1	312	318	3	0
AluYb9_chr2_208587002	AluYb9	chr2	208587002	208587319	-	.	-1	-1	.	318	1	318	318	3	0
AluYb9_chr2_231790732	AluYb9	chr2	231790732	231791037	-	chr2	232275303	232275608	-	306	1	306	318	3	0
AluYb9_chr20_33904428	AluYb9	chr20	33904428	33904734	+	chr20	35630784	35631090	+	307	1	307	318	3	0
AluYb9_chr21_29781654	AluYb9	chr21	29781654	29781969	-	chr21	28147507	28147822	-	316	1	316	318	3	0
AluYb9_chr21_35554235	AluYb9	chr21	35554235	35554547	-	chr21	33937259	33937571	-	313	1	310	318	3	0
AluYb9_chr3_80320772	AluYb9	chr3	80320772	80321084	-	chr3	80375330	80375644	-	313	1	318	318	3	0
AluYb9_chr4_1706938	AluYb9	chr4	1706938	1707255	+	chr4	1704812	1705129	+	318	1	318	318	3	50
AluYb9_chr4_2522120	AluYb9	chr4	2522120	2522428	+	chr4	2520864	2521172	+	309	1	309	318	3	0
AluYb9_chr4_67792122	AluYb9	chr4	67792122	67792430	+	chr4	71235257	71235565	+	309	1	309	318	3	0
AluYb9_chr4_172759800	AluYb9	chr4	172759800	172760135	-	chr4	176099232	176099567	-	336	1	318	318	3	0
AluYb9_chr5_63591552	AluYb9	chr5	63591552	63591875	-	chr5	64411715	64412043	-	324	2	318	318	3	0
AluYb9_chr5_85977647	AluYb9	chr5	85977647	85977957	-	chr5	86460701	86461011	-	311	1	311	318	3	0
AluYb9_chr5_119679460	AluYb9	chr5	119679460	119679769	-	.	-1	-1	.	310	1	309	318	3	0
AluYb9_chr5_141376677	AluYb9	chr5	141376677	141376986	-	chr5	141902315	141902624	-	310	1	309	318	3	0
AluYb9_chr6_5242767	AluYb9	chr6	5242767	5243072	-	chr6	5111984	5112289	-	306	1	306	318	3	0
AluYb9_chr6_19155405	AluYb9	chr6	19155405	19155735	-	.	-1	-1	.	331	1	318	318	3	0
AluYb9_chr6_36212672	AluYb9	chr6	36212672	36212974	+	chr6	36032965	36033267	+	303	1	303	318	3	0
AluYb9_chr7_51624214	AluYb9	chr7	51624214	51624524	+	chr7	51785595	51785905	+	311	1	310	318	3	0
AluYb9_chr7_81359070	AluYb9	chr7	81359070	81359371	-	chr7	82611173	82611474	-	302	1	300	318	3	0
AluYb9_chr7_83363861	AluYb9	chr7	83363861	83364193	-	chr7	84615075	84615398	-	333	1	318	318	3	0
AluYb9_chr7_86204203	AluYb9	chr7	86204203	86204517	-	chr7	87454142	87454456	-	315	1	318	318	3	0
AluYb9_chr7_107883501	AluYb9	chr7	107883501	107883818	+	chr7	109201820	109202136	+	318	1	318	318	3	0
AluYb9_chr8_85043431	AluYb9	chr8	85043431	85043755	-	.	-1	-1	.	325	1	318	318	3	0
AluYb9_chr8_139256142	AluYb9	chr8	139256142	139256445	+	chr8	140376629	140376932	+	304	1	304	318	3	0
AluYb9_chr9_62709223	AluYb9	chr9	62709223	62709540	+	chr9	39646382	39646701	-	318	1	317	318	3	0
AluYb9_chr9_76746424	AluYb9	chr9	76746424	76746741	+	chr9	88902843	88903163	+	318	1	318	318	3	0
AluYb9_chr9_114944233	AluYb9	chr9	114944233	114944548	-	chr9	127136725	127137058	-	316	1	318	318	3	0
AluYb9_chrX_116187341	AluYb9	chrX	116187341	116187655	-	chrX	114596948	114597260	-	315	1	315	318	3	0
AluYb9_chrX_123051660	AluYb9	chrX	123051660	123051980	+	.	-1	-1	.	321	1	318	318	3	24
AluYb9_chr1_39264659	AluYb9	chr1	39264659	39264973	-	chr1	39132560	39132872	-	315	1	314	318	6	0
AluYb9_chr1_183772728	AluYb9	chr1	183772728	183773045	+	chr1	183132030	183132340	+	318	1	318	318	6	4
AluYb9_chr1_184967922	AluYb9	chr1	184967922	184968232	+	.	-1	-1	.	311	1	311	318	6	0
AluYb9_chr14_24930830	AluYb9	chr14	24930830	24931142	+	chr14	19129046	19129358	+	313	1	313	318	6	0
AluYb9_chr15_81691692	AluYb9	chr15	81691692	81692012	+	chr15	79555748	79556068	+	321	1	318	318	6	0
AluYb9_chr15_85901879	AluYb9	chr15	85901879	85902200	+	chr15	83654708	83655029	+	322	1	318	318	6	3
AluYb9_chr16_65486104	AluYb9	chr16	65486104	65486417	-	chr16	71280430	71280745	-	314	1	314	318	6	0
AluYb9_chr17_3253613	AluYb9	chr17	3253613	3253928	-	chr17	3141844	3142159	-	316	1	312	318	6	0
AluYb9_chr17_59493523	AluYb9	chr17	59493523	59493840	+	chr17	60361678	60362012	+	318	1	318	318	6	0
AluYb9_chr18_34166756	AluYb9	chr18	34166756	34167074	+	chr18	34358597	34358915	+	319	1	318	318	6	8
AluYb9_chr18_68554092	AluYb9	chr18	68554092	68554409	+	.	-1	-1	.	318	1	318	318	6	0
AluYb9_chr2_108713227	AluYb9	chr2	108713227	108713544	+	chr2	109173828	109174146	+	318	1	318	318	6	1
AluYb9_chr20_14574730	AluYb9	chr20	14574730	14575042	+	chr20	14623883	14624198	+	313	1	313	318	6	0
AluYb9_chr20_15000342	AluYb9	chr20	15000342	15000659	+	chr20	15050221	15050539	+	318	1	318	318	6	2
AluYb9_chr4_41101183	AluYb9	chr4	41101183	41101500	+	chr4	41074993	41075308	+	318	1	318	318	6	1
AluYb9_chr4_71021063	AluYb9	chr4	71021063	71021374	-	chr4	74363484	74363794	-	312	1	312	318	6	0
AluYb9_chr4_75602984	AluYb9	chr4	75602984	75603299	-	chr4	78943109	78943424	-	316	1	315	318	6	0
AluYb9_chr4_132869323	AluYb9	chr4	132869323	132869640	+	chr4	136192524	136192841	+	318	1	318	318	6	0
AluYb9_chr4_161720997	AluYb9	chr4	161720997	161721308	+	chr4	165068568	165068879	+	312	1	312	318	6	0
AluYb9_chr5_82691290	AluYb9	chr5	82691290	82691603	+	chr5	83177166	83177480	+	314	1	315	318	6	0
AluYb9_chr5_167336836	AluYb9	chr5	167336836	167337153	+	chr5	167871516	167871834	+	318	1	318	318	6	0
AluYb9_chr6_27232935	AluYb9	chr6	27232935	27233253	+	chr6	27101792	27102106	+	319	1	318	318	6	0
AluYb9_chr6_46019405	AluYb9	chr6	46019405	46019716	+	chr6	45854487	45854797	+	312	1	312	318	6	0
AluYb9_chr6_135471731	AluYb9	chr6	135471731	135472048	+	chr6	136659966	136660283	+	318	1	318	318	6	1
AluYb9_chr7_35017212	AluYb9	chr7	35017212	35017522	+	chr7	35157885	35158195	+	311	1	309	318	6	0
AluYb9_chr7_133422937	AluYb9	chr7	133422937	133423252	+	.	-1	-1	.	316	1	315	318	6	0
AluYb9_chr8_108947072	AluYb9	chr8	108947072	108947387	+	chr8	110075614	110075929	+	316	1	315	318	6	0
AluYb9_chr9_34822915	AluYb9	chr9	34822915	34823230	+	chr9	34841933	34842248	+	316	1	316	318	6	0
AluYb9_chr9_66743754	AluYb9	chr9	66743754	66744066	+	chr9	78513100	78513412	+	313	1	312	318	6	0
AluYb9_chrX_24737932	AluYb9	chrX	24737932	24738246	+	chrX	24322211	24322525	+	315	1	315	318	6	0
AluYb9_chr10_102768365	AluYb9	chr10	102768365	102768688	-	chr10	103654158	103654481	-	324	1	318	318	7	0
AluYb9_chr10_117874769	AluYb9	chr10	117874769	117875094	-	.	-1	-1	.	326	1	318	318	7	0
AluYb9_chr11_47174368	AluYb9	chr11	47174368	47174694	-	chr11	47331137	47331448	-	327	1	318	318	7	0
AluYb9_chr11_79347763	AluYb9	chr11	79347763	79348078	-	chr11	79282032	79282346	-	316	1	318	318	7	0
AluYb9_chr11_94633020	AluYb9	chr11	94633020	94633327	+	chr11	94640061	94640376	+	308	1	308	318	7	0
AluYb9_chr11_98606240	AluYb9	chr11	98606240	98606542	-	chr11	98612374	98612676	-	303	1	300	318	7	0
AluYb9_chr12_19297341	AluYb9	chr12	19297341	19297650	+	chr12	19174075	19174384	+	310	1	310	318	7	0
AluYb9_chr12_126871724	AluYb9	chr12	126871724	126872032	+	chr12	126882049	126882357	+	309	1	309	318	7	0
AluYb9_chr15_51605518	AluYb9	chr15	51605518	51605842	-	.	-1	-1	.	325	1	318	318	7	0
AluYb9_chr16_56394462	AluYb9	chr16	56394462	56394766	+	chr16	62189520	62189823	+	305	1	305	318	7	0
AluYb9_chr18_43586735	AluYb9	chr18	43586735	43587038	+	chr18	43777530	43777832	+	304	9	309	318	7	0
AluYb9_chr2_46022802	AluYb9	chr2	46022802	46023110	+	chr2	46028128	46028436	+	309	1	309	318	7	0
AluYb9_chr2_140008694	AluYb9	chr2	140008694	140009010	-	chr2	140454437	140454753	-	317	1	318	318	7	0
AluYb9_chr20_57207812	AluYb9	chr20	57207812	57208128	-	chr20	58985553	58985863	-	317	1	318	318	7	0
AluYb9_chr22_30858117	AluYb9	chr22	30858117	30858445	-	chr22	31321730	31322058	-	329	1	318	318	7	0
AluYb9_chr3_28937465	AluYb9	chr3	28937465	28937774	-	chr3	28939499	28939809	-	310	1	310	318	7	0
AluYb9_chr3_68231345	AluYb9	chr3	68231345	68231659	-	chr3	68276925	68277241	-	315	1	318	318	7	0
AluYb9_chr3_102253357	AluYb9	chr3	102253357	102253657	-	chr3	104967299	104967599	-	301	1	301	318	7	0
AluYb9_chr4_143652136	AluYb9	chr4	143652136	143652461	-	chr4	146969389	146969712	-	326	1	318	318	7	0
AluYb9_chr6_73289819	AluYb9	chr6	73289819	73290127	+	chr6	74466463	74466772	+	309	1	309	318	7	0
AluYb9_chr7_8710641	AluYb9	chr7	8710641	8710961	-	chr7	8831491	8831809	-	321	1	318	318	7	0
AluYb9_chr7_90874504	AluYb9	chr7	90874504	90874827	-	chr7	92122604	92122920	-	324	1	318	318	7	0
AluYb9_chr7_146842995	AluYb9	chr7	146842995	146843311	-	chr7	148023417	148023733	-	317	1	318	318	7	0
AluYb9_chr8_129639652	AluYb9	chr8	129639652	129639959	+	chr8	130765572	130765879	+	308	1	306	318	7	0
AluYb9_chr9_25977738	AluYb9	chr9	25977738	25978050	-	chr9	25988224	25988535	-	313	1	318	318	7	0
AluYb9_chr9_39632909	AluYb9	chr9	39632909	39633217	-	chr9	39646393	39646701	-	309	1	308	318	7	0
AluYb9_chr9_41594993	AluYb9	chr9	41594993	41595276	+	chr9	43145306	43145591	+	284	1	314	318	7	0
AluYb9_chr9_61805234	AluYb9	chr9	61805234	61805518	+	chr9	41699403	41699687	-	285	1	315	318	7	0
AluYb9_chr9_113333371	AluYb9	chr9	113333371	113333680	-	chr9	125532185	125532494	-	310	1	310	318	7	0
AluYb9_chrX_119925923	AluYb9	chrX	119925923	119926255	-	chrX	118301049	118301381	-	333	1	318	318	7	0
AluYb9_chrY_4409161	AluYb9	chrY	4409161	4409468	-	chrY	4088653	4088960	-	308	1	308	318	7	0
AluYb9_chr10_99631879	AluYb9	chr10	99631879	99632195	-	chr10	100514857	100515176	-	317	1	317	318	9	0
AluYb9_chr16_60698602	AluYb9	chr16	60698602	60698924	+	chr16	66490129	66490451	+	323	1	318	318	9	4
AluYb9_chr17_37009536	AluYb9	chr17	37009536	37009850	+	chr17	37996597	37996916	+	315	1	315	318	9	0
AluYb9_chr2_137487087	AluYb9	chr2	137487087	137487402	+	chr2	137933050	137933371	+	316	1	316	318	9	0
AluYb9_chr21_31487539	AluYb9	chr21	31487539	31487856	-	chr21	29855525	29855842	-	318	1	318	318	9	1
AluYb9_chr21_38972391	AluYb9	chr21	38972391	38972707	+	chr21	37357051	37357370	+	317	1	317	318	9	0
AluYb9_chr3_182481441	AluYb9	chr3	182481441	182481755	-	chr3	185286156	185286469	-	315	1	315	318	9	0
AluYb9_chr4_138608648	AluYb9	chr4	138608648	138608966	+	chr4	141928045	141928353	+	319	1	315	318	9	0
AluYb9_chr5_37293718	AluYb9	chr5	37293718	37294032	+	chr5	37543532	37543845	+	315	1	315	318	9	0
AluYc_chr20_25156408	AluYc	chr20	25156408	25156697	-	chr20	25220997	25221288	-	290	1	298	299	7	0
AluYc_chr4_82258641	AluYc	chr4	82258641	82258928	+	.	-1	-1	.	288	1	299	299	7	14
AluYc_chr5_23910328	AluYc	chr5	23910328	23910605	+	.	-1	-1	.	278	1	289	299	7	0
AluYc_chr5_145640205	AluYc	chr5	145640205	145640494	+	chr5	146174625	146174914	+	290	1	288	299	7	0
AluYc_chr6_118786072	AluYc	chr6	118786072	118786357	+	chr6	119971874	119972162	+	286	1	284	299	7	0
AluYc_chr1_25977015	AluYc	chr1	25977015	25977297	-	chr1	25814439	25814721	-	283	2	299	299	8	0
AluYc_chr7_30857462	AluYc	chr7	30857462	30857748	-	chr7	30995110	30995396	-	287	1	299	299	8	0
AluYc_chr13_40698959	AluYc	chr13	40698959	40699248	+	chr13	39917944	39918233	+	290	1	288	299	10	0
AluYc_chr11_48425278	AluYc	chr11	48425278	48425563	+	chr11	48594868	48595148	+	286	1	297	299	11	0
AluYc_chr6_29066239	AluYc	chr6	29066239	29066527	-	chr6	28940934	28941211	-	289	1	299	299	12	0
AluYc_chr6_71936069	AluYc	chr6	71936069	71936356	+	chr6	73117266	73117553	+	288	1	299	299	14	1
AluYc_chr3_193920403	AluYc	chr3	193920403	193920696	-	chr3	196617057	196617350	-	294	1	299	299	15	0
AluYc_chr11_129944313	AluYc	chr11	129944313	129944601	+	chr11	129980340	129980627	+	289	1	286	299	17	0
AluYc_chr3_47683971	AluYc	chr3	47683971	47684259	+	chr3	47703055	47703343	+	289	1	289	299	17	0
AluYc_chr1_71430704	AluYc	chr1	71430704	71431046	-	chr1	71308439	71308778	-	343	1	290	299	18	0
AluYc_chrX_104256466	AluYc	chrX	104256466	104256747	-	chrX	102687595	102687876	-	282	1	282	299	18	0
AluYc_chr10_112811413	AluYc	chr10	112811413	112811712	+	chr10	113702231	113702530	+	300	1	298	299	20	0
AluYc_chr13_108206903	AluYc	chr13	108206903	108207199	+	chr13	107433005	107433301	+	297	1	293	299	20	0
AluYc_chr3_146191743	AluYc	chr3	146191743	146192046	-	chr3	148947270	148947573	-	304	2	299	299	20	6
AluYc_chr4_44897254	AluYc	chr4	44897254	44897548	+	chr4	44864275	44864569	+	295	1	294	299	20	0
AluYc_chr5_51289713	AluYc	chr5	51289713	51290011	+	chr5	52108896	52109194	+	299	1	299	299	20	17
AluYc_chr6_126547228	AluYc	chr6	126547228	126547520	+	chr6	127735852	127736144	+	293	1	293	299	20	0
AluYc_chr2_72551510	AluYc	chr2	72551510	72551795	-	chr2	72564466	72564751	-	286	1	282	299	21	0
AluYc_chr3_190576832	AluYc	chr3	190576832	190577121	+	chr3	193393165	193393454	+	290	1	290	299	21	0
AluYc_chr4_163349835	AluYc	chr4	163349835	163350125	+	chr4	166697646	166697936	+	291	1	291	299	21	0
AluYc_chr5_112651823	AluYc	chr5	112651823	112652111	-	chr5	113162352	113162640	-	289	1	289	299	21	0
AluYc_chr12_43617904	AluYc	chr12	43617904	43618211	-	chr12	43576341	43576652	-	308	1	299	299	22	0
AluYc_chr4_123508561	AluYc	chr4	123508561	123508832	-	chr4	126812629	126812902	-	272	2	291	299	22	0
AluYc_chr1_61924931	AluYc	chr1	61924931	61925229	+	.	-1	-1	.	299	1	299	299	23	47
AluYc_chr12_96874618	AluYc	chr12	96874618	96874916	-	chr12	96848396	96848685	-	299	1	299	299	23	5
AluYc_chr9_19187352	AluYc	chr9	19187352	19187652	-	chr9	19200155	19200454	-	301	1	283	299	23	0
AluYc_chr10_28474782	AluYc	chr10	28474782	28475071	+	chr10	28505394	28505683	+	290	1	290	299	24	0
AluYc_chr12_67830975	AluYc	chr12	67830975	67831262	-	chr12	67810512	67810799	-	288	2	289	299	24	0
AluYc_chr13_41283586	AluYc	chr13	41283586	41283876	-	chr13	40502690	40502980	-	291	1	291	299	24	0
AluYc_chr17_68594130	AluYc	chr17	68594130	68594416	+	chr17	69470995	69471281	+	287	1	287	299	24	0
AluYc_chr3_11109961	AluYc	chr3	11109961	11110256	+	chr3	11104418	11104712	+	296	1	294	299	24	0
AluYc_chrX_26877676	AluYc	chrX	26877676	26877963	+	chrX	26464948	26465234	+	288	1	299	299	24	3
AluYc_chrX_91791858	AluYc	chrX	91791858	91792148	-	chrX	90243933	90244223	-	291	1	291	299	24	0
AluYc_chr5_65895559	AluYc	chr5	65895559	65895844	+	chr5	66717428	66717713	+	286	1	286	299	25	0
AluYc_chr6_47835543	AluYc	chr6	47835543	47835822	-	chr6	47677337	47677616	-	280	2	281	299	25	0
AluYc_chr12_82947326	AluYc	chr12	82947326	82947629	-	chr12	82926793	82927096	-	304	1	299	299	26	0
AluYc_chr13_71273975	AluYc	chr13	71273975	71274273	-	chr13	70499173	70499474	-	299	1	299	299	26	0
AluYc_chr17_61936872	AluYc	chr17	61936872	61937176	-	chr17	62805826	62806131	-	305	1	289	299	26	0
AluYc_chr3_35490577	AluYc	chr3	35490577	35490880	+	chr3	35491339	35491647	+	304	1	299	299	26	9
AluYc_chr5_149346716	AluYc	chr5	149346716	149347024	-	chr5	149881531	149881839	-	309	1	299	299	26	0
AluYc_chr15_58304319	AluYc	chr15	58304319	58304617	-	.	-1	-1	.	299	1	299	299	27	10
AluYc_chr17_12847513	AluYc	chr17	12847513	12847804	-	chr17	12754979	12755270	-	292	1	288	299	27	0
AluYc_chr18_56743970	AluYc	chr18	56743970	56744268	+	chr18	56945933	56946231	+	299	1	299	299	27	1
AluYc_chr11_129002806	AluYc	chr11	129002806	129003095	-	chr11	129037730	129038019	-	290	1	290	299	28	0
AluYc_chr13_66086048	AluYc	chr13	66086048	66086336	+	chr13	65304737	65305026	+	289	1	287	299	28	0
AluYc_chr16_84593516	AluYc	chr16	84593516	84593798	-	chr16	90659802	90660084	-	283	1	282	299	28	0
AluYc_chr2_83518433	AluYc	chr2	83518433	83518718	-	chr2	83519481	83519766	-	286	1	286	299	28	0
AluYc_chr2_133268480	AluYc	chr2	133268480	133268769	-	chr2	133707119	133707408	-	290	1	290	299	28	0
AluYc_chr3_130747746	AluYc	chr3	130747746	130748035	-	chr3	133491590	133491879	-	290	1	289	299	28	0
AluYc_chr4_183339071	AluYc	chr4	183339071	183339357	-	chr4	186682161	186682447	-	287	1	285	299	28	0
AluYc_chr6_100509619	AluYc	chr6	100509619	100509907	+	chr6	101683362	101683650	+	289	1	289	299	28	0
AluYc_chr7_112621849	AluYc	chr7	112621849	112622133	+	chr7	113940150	113940434	+	285	1	286	299	28	0
AluYc_chrX_82417878	AluYc	chrX	82417878	82418165	+	chrX	80853710	80853997	+	288	1	288	299	28	0
AluYc_chr1_29137116	AluYc	chr1	29137116	29137411	+	chr1	28979772	28980067	+	296	1	296	299	30	0
AluYc_chr1_112190645	AluYc	chr1	112190645	112190942	-	chr1	112205588	112205885	-	298	1	299	299	30	0
AluYc_chr11_27299490	AluYc	chr11	27299490	27299787	+	chr11	27439990	27440287	+	298	1	298	299	30	0
AluYc_chr12_20532678	AluYc	chr12	20532678	20532975	-	chr12	20411158	20411453	-	298	1	298	299	30	0
AluYc_chr3_134436291	AluYc	chr3	134436291	134436589	+	chr3	137181451	137181749	+	299	3	299	299	30	0
AluYc_chr4_53419927	AluYc	chr4	53419927	53420225	+	chr4	56907154	56907452	+	299	1	297	299	30	0
AluYc_chr4_140295664	AluYc	chr4	140295664	140295960	+	chr4	143615425	143615721	+	297	5	299	299	30	12
AluYc_chr5_78081301	AluYc	chr5	78081301	78081595	-	chr5	78563091	78563385	-	295	2	299	299	30	0
AluYc_chr6_43616007	AluYc	chr6	43616007	43616301	+	chr6	43444740	43445034	+	295	1	291	299	30	0
AluYc_chr7_29068683	AluYc	chr7	29068683	29068982	-	chr7	29206201	29206500	-	300	1	299	299	30	0
AluYc_chr7_122399661	AluYc	chr7	122399661	122399973	-	chr7	123715628	123715945	-	313	1	299	299	30	0
AluYc_chrX_130853196	AluYc	chrX	130853196	130853493	+	chrX	129172967	129173264	+	298	1	299	299	30	1
AluYc_chrX_136560607	AluYc	chrX	136560607	136560908	+	chrX	134869355	134869656	+	302	1	298	299	30	0
AluYc3_chr20_46729626	AluYc3	chr20	46729626	46729929	-	chr20	48465898	48466201	-	304	1	300	300	19	0
AluYc3_chr15_26489151	AluYc3	chr15	26489151	26489427	-	chr15	24229599	24229885	-	277	1	286	300	22	0
AluYc3_chrX_115679909	AluYc3	chrX	115679909	115680209	-	chrX	114088257	114088557	-	301	1	300	300	22	0
AluYc3_chr1_231491169	AluYc3	chr1	231491169	231491461	-	chr1	230874405	230874697	-	293	1	291	300	24	0
AluYc3_chr3_18116247	AluYc3	chr3	18116247	18116542	+	chr3	18118352	18118647	+	296	1	295	300	24	0
AluYc3_chr9_109332155	AluYc3	chr9	109332155	109332446	-	chr9	121501528	121501819	-	292	1	291	300	24	0
AluYc3_chr20_63886366	AluYc3	chr20	63886366	63886648	-	chr20	65706211	65706493	-	283	1	283	300	25	0
AluYc3_chr1_71046012	AluYc3	chr1	71046012	71046306	+	chr1	70924005	70924300	+	295	1	291	300	27	0
AluYc3_chr15_56961861	AluYc3	chr15	56961861	56962155	+	chr15	54765129	54765423	+	295	1	293	300	27	0
AluYc3_chr5_58655790	AluYc3	chr5	58655790	58656084	-	chr5	59474364	59474660	-	295	1	294	300	27	0
AluYc3_chr5_116701110	AluYc3	chr5	116701110	116701410	+	chr5	117213227	117213527	+	301	1	296	300	27	0
AluYc3_chr7_66381400	AluYc3	chr7	66381400	66381693	+	chr7	67603524	67603829	+	294	1	293	300	27	0
AluYc3_chr1_110268726	AluYc3	chr1	110268726	110269015	-	chr1	110283664	110283953	-	290	1	290	300	28	0
AluYc3_chr16_36111895	AluYc3	chr16	36111895	36112184	-	.	-1	-1	.	290	1	289	300	28	0
AluYc3_chr19_49494546	AluYc3	chr19	49494546	49494836	+	chr19	52494514	52494804	+	291	1	291	300	28	0
AluYc3_chr2_96814658	AluYc3	chr2	96814658	96814944	+	chr2	97321288	97321574	+	287	1	286	300	28	0
AluYc3_chr3_64044949	AluYc3	chr3	64044949	64045238	+	chr3	64088560	64088849	+	290	1	288	300	28	0
AluYc3_chr3_65868987	AluYc3	chr3	65868987	65869271	+	chr3	65913016	65913300	+	285	2	286	300	28	0
AluYc3_chr4_48376620	AluYc3	chr4	48376620	48376910	-	chr4	48343640	48343930	-	291	1	290	300	28	0
AluYc3_chr9_83648793	AluYc3	chr9	83648793	83649077	-	chr9	95798521	95798805	-	285	1	285	300	28	0
AluYc3_chr12_83631686	AluYc3	chr12	83631686	83631982	-	chr12	83610506	83610802	-	297	1	300	300	29	0
AluYc3_chr12_131350548	AluYc3	chr12	131350548	131350870	-	chr12	131392426	131392744	-	323	1	300	300	29	0
AluYc3_chr15_52121611	AluYc3	chr15	52121611	52121891	-	chr15	49930261	49930541	-	281	1	285	300	29	0
AluYc3_chr16_2536750	AluYc3	chr16	2536750	2537029	+	chr16	2558903	2559182	+	280	1	283	300	29	0
AluYc3_chr9_36182870	AluYc3	chr9	36182870	36183150	+	chr9	36204876	36205156	+	281	2	282	300	29	0
AluYc3_chr11_32248993	AluYc3	chr11	32248993	32249293	+	chr11	32384810	32385112	+	301	1	299	300	30	0
AluYc3_chr12_8643182	AluYc3	chr12	8643182	8643476	-	chr12	8626469	8626764	-	295	1	300	300	30	0
AluYc3_chr2_136585355	AluYc3	chr2	136585355	136585652	-	chr2	137031392	137031678	-	298	1	300	300	30	0
AluYc3_chr22_42491519	AluYc3	chr22	42491519	42491816	-	chr22	42972502	42972798	-	298	1	300	300	30	0
AluYc3_chr3_32442229	AluYc3	chr3	32442229	32442527	+	chr3	32439174	32439472	+	299	1	299	300	30	0
AluYc3_chr7_134857159	AluYc3	chr7	134857159	134857456	-	chr7	136164791	136165088	-	298	1	300	300	30	0
AluYc3_chr8_38846011	AluYc3	chr8	38846011	38846313	+	chr8	39123024	39123328	+	303	1	300	300	30	0
AluYd8_chr1_243296536	AluYd8	chr1	243296536	243296832	-	chr1	242707602	242707898	-	297	1	299	299	0	0
AluYd8_chr11_33234029	AluYd8	chr11	33234029	33234318	-	chr11	33369498	33369787	-	290	1	290	299	0	0
AluYd8_chr11_88185390	AluYd8	chr11	88185390	88185694	-	chr11	88104368	88104693	-	305	1	299	299	0	0
AluYd8_chr11_116494685	AluYd8	chr11	116494685	116494982	+	chr11	116508820	116509117	+	298	1	298	299	0	0
AluYd8_chr14_22110526	AluYd8	chr14	22110526	22110835	-	chr14	16308358	16308669	-	310	1	299	299	0	0
AluYd8_chr2_34412393	AluYd8	chr2	34412393	34412693	-	chr2	34460573	34460873	-	301	2	299	299	0	0
AluYd8_chr2_151780464	AluYd8	chr2	151780464	151780754	+	chr2	152231901	152232191	+	291	1	291	299	0	0
AluYd8_chr4_10610034	AluYd8	chr4	10610034	10610343	-	chr4	10586030	10586339	-	310	1	299	299	0	0
AluYd8_chr4_132698732	AluYd8	chr4	132698732	132699027	-	.	-1	-1	.	296	1	299	299	0	0
AluYd8_chr5_103140568	AluYd8	chr5	103140568	103140857	+	chr5	103648672	103648961	+	290	1	290	299	0	0
AluYd8_chr6_149626293	AluYd8	chr6	149626293	149626581	-	chr6	150826044	150826342	-	289	1	289	299	0	0
AluYd8_chr7_10653873	AluYd8	chr7	10653873	10654169	+	chr7	10784473	10784769	+	297	1	297	299	0	0
AluYd8_chr7_26335736	AluYd8	chr7	26335736	26336030	-	chr7	26471442	26471736	-	295	1	299	299	0	0
AluYd8_chr7_143995448	AluYd8	chr7	143995448	143995733	-	chr7	145275808	145276093	-	286	1	286	299	0	0
AluYd8_chrX_33515005	AluYd8	chrX	33515005	33515301	+	chrX	33113102	33113399	+	297	1	297	299	0	0
AluYd8_chr1_99378197	AluYd8	chr1	99378197	99378494	+	chr1	99226523	99226820	+	298	1	298	299	3	0
AluYd8_chr1_100181513	AluYd8	chr1	100181513	100181798	-	chr1	100029603	100029888	-	286	2	287	299	3	0
AluYd8_chr10_28614111	AluYd8	chr10	28614111	28614392	-	chr10	28644635	28644916	-	282	1	282	299	3	0
AluYd8_chr10_36396203	AluYd8	chr10	36396203	36396492	+	chr10	36427414	36427704	+	290	1	290	299	3	0
AluYd8_chr18_32980302	AluYd8	chr18	32980302	32980593	+	chr18	33172111	33172401	+	292	1	292	299	3	0
AluYd8_chr2_61395517	AluYd8	chr2	61395517	61395811	+	chr2	61401395	61401689	+	295	1	295	299	3	0
AluYd8_chr2_196554057	AluYd8	chr2	196554057	196554338	+	chr2	197038143	197038424	+	282	1	282	299	3	0
AluYd8_chr3_170178141	AluYd8	chr3	170178141	170178430	-	chr3	172962825	172963114	-	290	1	290	299	3	0
AluYd8_chr4_108186529	AluYd8	chr4	108186529	108186819	-	chr4	111488856	111489146	-	291	1	291	299	3	0
AluYd8_chr4_155498237	AluYd8	chr4	155498237	155498535	+	chr4	158831049	158831238	+	299	1	299	299	3	1
AluYd8_chr5_55687158	AluYd8	chr5	55687158	55687451	+	chr5	56515044	56515337	+	294	1	294	299	3	0
AluYd8_chr6_20339364	AluYd8	chr6	20339364	20339651	+	chr6	20211449	20211736	+	288	1	288	299	3	0
AluYd8_chr7_89342952	AluYd8	chr7	89342952	89343250	-	chr7	90593644	90593942	-	299	1	299	299	3	1
AluYd8_chr7_136717214	AluYd8	chr7	136717214	136717510	+	chr7	138026402	138026698	+	297	1	289	299	3	0
AluYd8_chr9_114752022	AluYd8	chr9	114752022	114752321	+	chr9	126944428	126944727	+	300	1	296	299	3	0
AluYd8_chrX_30873256	AluYd8	chrX	30873256	30873543	+	chrX	30471450	30471737	+	288	1	288	299	3	0
AluYd8_chr1_31842011	AluYd8	chr1	31842011	31842304	-	chr1	31700005	31700299	-	294	1	299	299	4	0
AluYd8_chr1_35258840	AluYd8	chr1	35258840	35259135	-	chr1	35121513	35121808	-	296	2	299	299	4	0
AluYd8_chr1_225274198	AluYd8	chr1	225274198	225274493	-	chr1	224462612	224462907	-	296	1	299	299	4	0
AluYd8_chr11_103540102	AluYd8	chr11	103540102	103540406	-	.	-1	-1	.	305	2	299	299	4	0
AluYd8_chr12_107154745	AluYd8	chr12	107154745	107155042	-	chr12	107118379	107118674	-	298	1	299	299	4	0
AluYd8_chr15_22683117	AluYd8	chr15	22683117	22683414	-	chr15	20355190	20355487	-	298	1	299	299	4	0
AluYd8_chr4_154050788	AluYd8	chr4	154050788	154051086	-	chr4	157375205	157375503	-	299	1	299	299	4	0
AluYd8_chr5_164437373	AluYd8	chr5	164437373	164437672	-	chr5	164972317	164972617	-	300	1	299	299	4	0
AluYd8_chr9_6416536	AluYd8	chr9	6416536	6416826	-	chr9	6421592	6421882	-	291	1	299	299	4	0
AluYd8_chr9_69156524	AluYd8	chr9	69156524	69156818	-	chr9	81324651	81324945	-	295	1	299	299	4	0
AluYd8_chr9_128064079	AluYd8	chr9	128064079	128064375	-	chr9	140272049	140272346	-	297	1	299	299	4	0
AluYd8_chr1_35116836	AluYd8	chr1	35116836	35117130	-	chr1	34979504	34979800	-	295	1	299	299	7	0
AluYd8_chr1_96111860	AluYd8	chr1	96111860	96112157	+	chr1	95959724	95960021	+	298	1	298	299	7	0
AluYd8_chr1_104640119	AluYd8	chr1	104640119	104640413	-	chr1	104682707	104683001	-	295	1	293	299	7	0
AluYd8_chr1_155567309	AluYd8	chr1	155567309	155567599	-	chr1	154705863	154706153	-	291	1	290	299	7	0
AluYd8_chr1_171401442	AluYd8	chr1	171401442	171401732	+	chr1	170757738	170758030	+	291	1	291	299	7	0
AluYd8_chr11_84741057	AluYd8	chr11	84741057	84741353	-	chr11	84677671	84677967	-	297	1	299	299	7	0
AluYd8_chr11_114446934	AluYd8	chr11	114446934	114447225	-	chr11	114457351	114457642	-	292	1	292	299	7	0
AluYd8_chr11_121896928	AluYd8	chr11	121896928	121897225	-	chr11	121923200	121923497	-	298	1	299	299	7	0
AluYd8_chr12_31620804	AluYd8	chr12	31620804	31621095	-	chr12	31497335	31497626	-	292	1	292	299	7	0
AluYd8_chr12_70382164	AluYd8	chr12	70382164	70382457	+	chr12	70361634	70361927	+	294	1	294	299	7	0
AluYd8_chr13_26103849	AluYd8	chr13	26103849	26104137	+	chr13	25317741	25318029	+	289	2	290	299	7	0
AluYd8_chr13_100520366	AluYd8	chr13	100520366	100520657	+	chr13	99735634	99735926	+	292	1	292	299	7	0
AluYd8_chr14_41856676	AluYd8	chr14	41856676	41856963	-	chr14	36047438	36047741	-	288	1	288	299	7	0
AluYd8_chr16_84140822	AluYd8	chr16	84140822	84141105	+	chr16	90206907	90207190	+	284	1	284	299	7	0
AluYd8_chr17_12066696	AluYd8	chr17	12066696	12066976	-	chr17	11974694	11974974	-	281	1	281	299	7	0
AluYd8_chr17_20321918	AluYd8	chr17	20321918	20322205	+	chr17	20270584	20270871	+	288	1	288	299	7	0
AluYd8_chr17_70628513	AluYd8	chr17	70628513	70628804	-	chr17	71501092	71501400	-	292	1	292	299	7	0
AluYd8_chr2_6918495	AluYd8	chr2	6918495	6918790	+	chr2	6939994	6940289	+	296	1	296	299	7	0
AluYd8_chr2_38624288	AluYd8	chr2	38624288	38624586	-	chr2	38631187	38631485	-	299	1	299	299	7	0
AluYd8_chr2_58013590	AluYd8	chr2	58013590	58013882	+	chr2	58018289	58018581	+	293	1	293	299	7	0
AluYd8_chr2_150038462	AluYd8	chr2	150038462	150038753	-	chr2	150488833	150489125	-	292	2	293	299	7	0
AluYd8_chr3_124027342	AluYd8	chr3	124027342	124027638	-	chr3	126753472	126753768	-	297	1	299	299	7	0
AluYd8_chr3_166459694	AluYd8	chr3	166459694	166459992	+	chr3	169242802	169243092	+	299	1	299	299	7	2
AluYd8_chr4_48099903	AluYd8	chr4	48099903	48100195	+	chr4	48066981	48067272	+	293	1	293	299	7	0
AluYd8_chr4_51837386	AluYd8	chr4	51837386	51837684	+	chr4	55323344	55323642	+	299	1	299	299	7	1
AluYd8_chr4_71920012	AluYd8	chr4	71920012	71920307	-	chr4	75262331	75262626	-	296	1	296	299	7	0
AluYd8_chr5_105595400	AluYd8	chr5	105595400	105595706	-	chr5	106099629	106099935	-	307	1	299	299	7	0
AluYd8_chr7_43686298	AluYd8	chr7	43686298	43686593	-	chr7	43844368	43844664	-	296	1	296	299	7	0
AluYd8_chr8_64254299	AluYd8	chr8	64254299	64254584	+	chr8	64679732	64680017	+	286	1	286	299	7	0
AluYd8_chr9_20777821	AluYd8	chr9	20777821	20778113	+	chr9	20791624	20791918	+	293	1	293	299	7	0
AluYd8_chr1_45182135	AluYd8	chr1	45182135	45182438	+	chr1	45053693	45053995	+	304	1	299	299	8	2
AluYd8_chr13_95189125	AluYd8	chr13	95189125	95189419	-	chr13	94393802	94394096	-	295	2	299	299	8	0
AluYd8_chr10_96751574	AluYd8	chr10	96751574	96751870	-	chr10	97632808	97633115	-	297	1	297	299	10	0
AluYd8_chr11_3271665	AluYd8	chr11	3271665	3271958	-	chr11	3362801	3363094	-	294	1	294	299	10	0
AluYd8_chr11_127480049	AluYd8	chr11	127480049	127480344	+	chr11	127513039	127513334	+	296	1	291	299	10	0
AluYd8_chr11_129660215	AluYd8	chr11	129660215	129660507	+	chr11	129695903	129696195	+	293	1	293	299	10	0
AluYd8_chr13_74545548	AluYd8	chr13	74545548	74545837	+	chr13	73767392	73767681	+	290	1	290	299	10	0
AluYd8_chr14_62708964	AluYd8	chr14	62708964	62709259	+	chr14	56915944	56916245	+	296	1	296	299	10	0
AluYd8_chr17_13976541	AluYd8	chr17	13976541	13976842	+	chr17	13884400	13884699	+	302	1	299	299	10	1
AluYd8_chr17_64948580	AluYd8	chr17	64948580	64948874	+	chr17	65818545	65818839	+	295	1	295	299	10	0
AluYd8_chr18_77797312	AluYd8	chr18	77797312	77797606	+	chr18	78028841	78029134	+	295	1	295	299	10	0
AluYd8_chr19_36655997	AluYd8	chr19	36655997	36656284	-	chr19	39331283	39331569	-	288	1	288	299	10	0
AluYd8_chr2_135079848	AluYd8	chr2	135079848	135080138	+	chr2	135520313	135520603	+	291	1	291	299	10	0
AluYd8_chr3_16149681	AluYd8	chr3	16149681	16149974	-	chr3	16152745	16153037	-	294	1	294	299	10	0
AluYd8_chr3_69988985	AluYd8	chr3	69988985	69989272	-	chr3	70025943	70026230	-	288	1	288	299	10	0
AluYd8_chr4_71332441	AluYd8	chr4	71332441	71332731	-	chr4	74674719	74675009	-	291	1	291	299	10	0
AluYd8_chr5_36334031	AluYd8	chr5	36334031	36334323	-	chr5	36582353	36582646	-	293	1	290	299	10	0
AluYd8_chr5_84319191	AluYd8	chr5	84319191	84319490	+	chr5	84807829	84808128	+	300	1	296	299	10	0
AluYd8_chr5_94516522	AluYd8	chr5	94516522	94516815	+	chr5	95000550	95000844	+	294	1	295	299	10	0
AluYd8_chr5_111267435	AluYd8	chr5	111267435	111267731	+	chr5	111778062	111778358	+	297	1	297	299	10	0
AluYd8_chr6_118361212	AluYd8	chr6	118361212	118361501	+	chr6	119546323	119546612	+	290	1	290	299	10	0
AluYd8_chr6_124721135	AluYd8	chr6	124721135	124721429	+	chr6	125909185	125909479	+	295	1	295	299	10	0
AluYd8_chr7_140234190	AluYd8	chr7	140234190	140234482	+	chr7	141547748	141548040	+	293	1	293	299	10	0
AluYd8_chr9_19948576	AluYd8	chr9	19948576	19948872	+	chr9	19962443	19962736	+	297	1	297	299	10	0
AluYd8_chrX_69586008	AluYd8	chrX	69586008	69586296	+	chrX	68019430	68019718	+	289	1	289	299	10	0
AluYd8_chrY_7545968	AluYd8	chrY	7545968	7546263	+	chrY	7198329	7198624	+	296	1	296	299	10	0
AluYd8_chr11_84952264	AluYd8	chr11	84952264	84952535	+	chr11	84888847	84889118	+	272	1	288	299	11	0
AluYd8_chr14_96507281	AluYd8	chr14	96507281	96507574	-	chr14	90738884	90739176	-	294	1	299	299	11	0
AluYd8_chr2_31690395	AluYd8	chr2	31690395	31690696	-	chr2	31735160	31735461	-	302	1	299	299	11	0
AluYd8_chr3_6340441	AluYd8	chr3	6340441	6340727	+	chr3	6334633	6334918	+	287	1	287	299	11	0
AluYd8_chr5_14609622	AluYd8	chr5	14609622	14609917	-	chr5	14548670	14548965	-	296	1	299	299	11	0
AluYd8_chr11_83000772	AluYd8	chr11	83000772	83001070	+	chr11	82937234	82937532	+	299	1	293	299	13	0
AluYd8_chr2_23368661	AluYd8	chr2	23368661	23368960	+	chr2	23404044	23404348	+	300	1	298	299	13	0
AluYd8_chr3_69860325	AluYd8	chr3	69860325	69860622	+	chr3	69897274	69897571	+	298	1	294	299	13	0
AluYd8_chr1_27156510	AluYd8	chr1	27156510	27156802	+	chr1	26997669	26997961	+	293	1	293	299	14	0
AluYd8_chr11_3317485	AluYd8	chr11	3317485	3317778	-	chr11	3362801	3363094	-	294	1	294	299	14	0
AluYd8_chr13_77169127	AluYd8	chr13	77169127	77169416	+	chr13	76392761	76393050	+	290	1	290	299	14	0
AluYd8_chr14_102613436	AluYd8	chr14	102613436	102613719	-	chr14	96849647	96849930	-	284	1	284	299	14	0
AluYd8_chr19_40105320	AluYd8	chr19	40105320	40105609	+	chr19	42925527	42925816	+	290	2	291	299	14	0
AluYd8_chr2_46525193	AluYd8	chr2	46525193	46525489	+	chr2	46530223	46530520	+	297	1	297	299	14	0
AluYd8_chr22_24637384	AluYd8	chr22	24637384	24637673	-	chr22	25098835	25099124	-	290	1	290	299	14	0
AluYd8_chr3_137902265	AluYd8	chr3	137902265	137902555	+	chr3	140642922	140643212	+	291	1	291	299	14	0
AluYd8_chr5_77766501	AluYd8	chr5	77766501	77766795	-	.	-1	-1	.	295	2	296	299	14	0
AluYd8_chr6_99128116	AluYd8	chr6	99128116	99128424	+	chr6	100302470	100302778	+	309	1	299	299	14	0
AluYd8_chr8_112747694	AluYd8	chr8	112747694	112747986	+	chr8	113872659	113872951	+	293	1	293	299	14	0
AluYd8_chr14_32453565	AluYd8	chr14	32453565	32453884	-	chr14	26651336	26651638	-	320	1	299	299	15	0
AluYd8_chr14_97988559	AluYd8	chr14	97988559	97988853	-	chr14	92221050	92221344	-	295	1	299	299	15	0
AluYd8_chrX_40645931	AluYd8	chrX	40645931	40646245	-	.	-1	-1	.	315	1	299	299	15	0
AluYd8_chrY_7505196	AluYd8	chrY	7505196	7505492	-	chrY	7157529	7157826	-	297	1	299	299	15	0
AluYd8_chr10_44842773	AluYd8	chr10	44842773	44843059	+	chr10	45723472	45723758	+	287	1	287	299	17	0
AluYd8_chr2_20889104	AluYd8	chr2	20889104	20889396	+	chr2	20922305	20922597	+	293	1	293	299	17	0
AluYd8_chr6_44928614	AluYd8	chr6	44928614	44928912	+	chr6	44763469	44763765	+	299	1	299	299	17	2
AluYd8_chr6_64958466	AluYd8	chr6	64958466	64958763	+	chr6	66112082	66112379	+	298	1	298	299	17	0
AluYd8_chr7_129673448	AluYd8	chr7	129673448	129673735	+	chr7	130986544	130986832	+	288	1	288	299	17	0
AluYd8_chr8_58401290	AluYd8	chr8	58401290	58401585	+	chr8	58822409	58822704	+	296	1	296	299	17	0
AluYd8_chrX_6193140	AluYd8	chrX	6193140	6193433	+	chrX	5745439	5745732	+	294	1	294	299	17	0
AluYd8_chr12_29802245	AluYd8	chr12	29802245	29802527	-	chr12	29674388	29674670	-	283	1	283	299	18	0
AluYd8_chr5_11344124	AluYd8	chr5	11344124	11344405	+	chr5	11282276	11282557	+	282	2	283	299	18	0
AluYd8_chr1_79130818	AluYd8	chr1	79130818	79131123	-	chr1	78969332	78969626	-	306	1	299	299	19	0
AluYd8_chr16_28509058	AluYd8	chr16	28509058	28509351	-	chr16	28886425	28886721	+	294	1	299	299	19	0
AluYd8_chr4_170972409	AluYd8	chr4	170972409	170972723	-	chr4	174329841	174330155	-	315	1	299	299	19	0
AluYd8_chr1_103931440	AluYd8	chr1	103931440	103931738	-	chr1	103968587	103968885	-	299	1	296	299	20	0
AluYd8_chr4_4114837	AluYd8	chr4	4114837	4115128	-	chr4	4114477	4114768	-	292	1	292	299	20	0
AluYd8_chr4_95930722	AluYd8	chr4	95930722	95931016	+	chr4	99245802	99246096	+	295	1	295	299	20	0
AluYd8_chr6_23676852	AluYd8	chr6	23676852	23677148	+	chr6	23550615	23550910	+	297	1	297	299	20	0
AluYd8_chr8_138316225	AluYd8	chr8	138316225	138316522	+	chr8	139434239	139434536	+	298	1	298	299	20	0
AluYd8_chr9_111918652	AluYd8	chr9	111918652	111918951	+	chr9	124089999	124090298	+	300	1	296	299	20	0
AluYd8_chr10_114339177	AluYd8	chr10	114339177	114339461	+	chr10	115233340	115233624	+	285	1	284	299	21	0
AluYd8_chr7_49138960	AluYd8	chr7	49138960	49139244	+	chr7	49300138	49300422	+	285	1	285	299	21	0
AluYd8_chr10_60435818	AluYd8	chr10	60435818	60436118	+	chr10	61291056	61291357	+	301	1	299	299	23	0
AluYd8_chr1_230393556	AluYd8	chr1	230393556	230393847	+	chr1	229773931	229774222	+	292	1	292	299	24	0
AluYd8_chr3_190438909	AluYd8	chr3	190438909	190439203	+	chr3	193255225	193255519	+	295	2	296	299	24	0
AluYd8_chr9_108365000	AluYd8	chr9	108365000	108365295	+	chr9	120533930	120534225	+	296	1	296	299	24	0
AluYd8_chrX_23375285	AluYd8	chrX	23375285	23375581	-	chrX	22958850	22959143	-	297	1	292	299	27	0
AluYd8_chr9_6262330	AluYd8	chr9	6262330	6262619	+	chr9	6267392	6267681	+	290	1	289	299	28	0
AluYd8_chr4_22872291	AluYd8	chr4	22872291	22872586	+	chr4	22854061	22854356	+	296	1	296	299	30	0
AluYe5_chrY_26407566	AluYe5	chrY	26407566	26407873	+	chrY	27219467	27219775	+	308	1	308	310	3	0
AluYe5_chr1_120402085	AluYe5	chr1	120402085	120402364	+	chr1	120415354	120415663	+	280	1	310	310	7	9
AluYe5_chr1_213038583	AluYe5	chr1	213038583	213038901	-	chr1	212281690	212281993	-	319	1	310	310	7	0
AluYe5_chr1_213704106	AluYe5	chr1	213704106	213704412	+	chr1	212943603	212943909	+	307	1	307	310	7	0
AluYe5_chr10_27823859	AluYe5	chr10	27823859	27824167	+	chr10	27855024	27855332	+	309	1	309	310	7	0
AluYe5_chr10_95669782	AluYe5	chr10	95669782	95670084	+	chr10	96548861	96549169	+	303	1	303	310	7	0
AluYe5_chr10_97348534	AluYe5	chr10	97348534	97348849	-	chr10	98228732	98229036	-	316	1	310	310	7	0
AluYe5_chr11_113216147	AluYe5	chr11	113216147	113216451	-	chr11	113226617	113226922	-	305	1	302	310	7	0
AluYe5_chr12_33346167	AluYe5	chr12	33346167	33346476	+	chr12	33217344	33217653	+	310	1	310	310	7	6
AluYe5_chr13_50119145	AluYe5	chr13	50119145	50119449	-	chr13	49339726	49340030	-	305	1	310	310	7	0
AluYe5_chr14_43389177	AluYe5	chr14	43389177	43389485	+	chr14	37580099	37580407	+	309	1	309	310	7	0
AluYe5_chr15_59420698	AluYe5	chr15	59420698	59421018	-	.	-1	-1	.	321	1	310	310	7	0
AluYe5_chr19_20797190	AluYe5	chr19	20797190	20797505	-	chr19	20934994	20935305	-	316	1	310	310	7	0
AluYe5_chr19_36793432	AluYe5	chr19	36793432	36793730	+	.	-1	-1	.	299	1	299	310	7	0
AluYe5_chr2_195166592	AluYe5	chr2	195166592	195166890	-	.	-1	-1	.	299	1	299	310	7	0
AluYe5_chr2_211226950	AluYe5	chr2	211226950	211227255	-	chr2	211707548	211707851	-	306	1	310	310	7	0
AluYe5_chr3_114747637	AluYe5	chr3	114747637	114747946	+	.	-1	-1	.	310	1	310	310	7	4
AluYe5_chr3_116556437	AluYe5	chr3	116556437	116556746	+	.	-1	-1	.	310	1	310	310	7	8
AluYe5_chr4_45699578	AluYe5	chr4	45699578	45699884	-	chr4	45668625	45668924	-	307	1	310	310	7	0
AluYe5_chr4_176167365	AluYe5	chr4	176167365	176167672	+	chr4	179505770	179506084	+	308	1	308	310	7	0
AluYe5_chr5_130753825	AluYe5	chr5	130753825	130754140	-	chr5	131272640	131272953	-	316	1	310	310	7	0
AluYe5_chr6_22814480	AluYe5	chr6	22814480	22814787	-	chr6	22687223	22687531	-	308	1	310	310	7	0
AluYe5_chr6_41436338	AluYe5	chr6	41436338	41436645	-	.	-1	-1	.	308	1	310	310	7	0
AluYe5_chr6_100026528	AluYe5	chr6	100026528	100026834	-	chr6	101200238	101200539	-	307	1	310	310	7	0
AluYe5_chr6_123193926	AluYe5	chr6	123193926	123194234	+	.	-1	-1	.	309	1	307	310	7	0
AluYe5_chr7_141669810	AluYe5	chr7	141669810	141670109	-	chr7	142985657	142985956	-	300	1	300	310	7	0
AluYe5_chr8_80464370	AluYe5	chr8	80464370	80464667	+	chr8	80895937	80896234	+	298	1	298	310	7	0
AluYe5_chr9_87184181	AluYe5	chr9	87184181	87184492	-	.	-1	-1	.	312	1	310	310	7	0
AluYe5_chrX_139302751	AluYe5	chrX	139302751	139303060	+	.	-1	-1	.	310	1	310	310	7	1
AluYe5_chr19_34458274	AluYe5	chr19	34458274	34458588	+	chr19	37002851	37003165	+	315	1	310	310	9	7
AluYe5_chr4_6953340	AluYe5	chr4	6953340	6953654	+	chr4	6925240	6925561	+	315	1	305	310	9	0
AluYe5_chr1_57568977	AluYe5	chr1	57568977	57569274	+	chr1	57447753	57448050	+	298	1	298	310	10	0
AluYe5_chr1_155274718	AluYe5	chr1	155274718	155275026	+	chr1	154413279	154413587	+	309	1	309	310	10	0
AluYe5_chr11_32265109	AluYe5	chr11	32265109	32265417	+	.	-1	-1	.	309	2	310	310	10	17
AluYe5_chr13_23495230	AluYe5	chr13	23495230	23495524	+	chr13	22701686	22701980	+	295	1	295	310	10	0
AluYe5_chr13_54478422	AluYe5	chr13	54478422	54478727	+	chr13	53694513	53694818	+	306	1	306	310	10	0
AluYe5_chr16_35327689	AluYe5	chr16	35327689	35327990	-	chr16	38800949	38801249	+	302	1	302	310	10	0
AluYe5_chr17_32109733	AluYe5	chr17	32109733	32110040	+	chr17	33055557	33055864	+	308	1	308	310	10	0
AluYe5_chr18_71057137	AluYe5	chr18	71057137	71057435	+	chr18	71278839	71279137	+	299	1	299	310	10	0
AluYe5_chr19_12775871	AluYe5	chr19	12775871	12776176	-	chr19	12900367	12900673	-	306	1	306	310	10	0
AluYe5_chr2_131086784	AluYe5	chr2	131086784	131087085	+	.	-1	-1	.	302	1	302	310	10	0
AluYe5_chr2_172110945	AluYe5	chr2	172110945	172111244	+	chr2	172597175	172597482	+	300	1	300	310	10	0
AluYe5_chr21_33620903	AluYe5	chr21	33620903	33621204	-	chr21	32002721	32003023	-	302	1	303	310	10	0
AluYe5_chr21_38874341	AluYe5	chr21	38874341	38874620	+	chr21	37258075	37258354	+	280	1	280	310	10	29
AluYe5_chr3_43225643	AluYe5	chr3	43225643	43225939	-	chr3	43240963	43241259	-	297	1	297	310	10	0
AluYe5_chr3_88396102	AluYe5	chr3	88396102	88396404	-	chr3	88472045	88472346	-	303	1	303	310	10	0
AluYe5_chr3_189858124	AluYe5	chr3	189858124	189858433	+	chr3	192674771	192675080	+	310	1	310	310	10	1
AluYe5_chr4_174718960	AluYe5	chr4	174718960	174719262	-	chr4	178056818	178057122	-	303	1	303	310	10	0
AluYe5_chr5_77809410	AluYe5	chr5	77809410	77809719	+	.	-1	-1	.	310	1	310	310	10	9
AluYe5_chr6_68035688	AluYe5	chr6	68035688	68035989	+	chr6	69200134	69200435	+	302	1	302	310	10	0
AluYe5_chr7_105969115	AluYe5	chr7	105969115	105969420	+	chr7	107284538	107284843	+	306	1	303	310	10	0
AluYe5_chr8_41421826	AluYe5	chr8	41421826	41422133	+	.	-1	-1	.	308	1	308	310	10	0
AluYe5_chr9_33378849	AluYe5	chr9	33378849	33379148	-	chr9	33397450	33397754	-	300	1	300	310	10	0
AluYe5_chr9_89255486	AluYe5	chr9	89255486	89255791	+	chr9	101419256	101419561	+	306	1	306	310	10	0
AluYe5_chr1_100923005	AluYe5	chr1	100923005	100923315	-	chr1	100771843	100772152	-	311	1	310	310	11	0
AluYe5_chr10_44238866	AluYe5	chr10	44238866	44239174	-	chr10	45119712	45120019	-	309	1	310	310	11	0
AluYe5_chr12_7671653	AluYe5	chr12	7671653	7671960	-	chr12	7685942	7686249	-	308	2	310	310	11	0
AluYe5_chr2_197452049	AluYe5	chr2	197452049	197452371	-	chr2	197935696	197936019	-	323	1	310	310	11	0
AluYe5_chr20_3554991	AluYe5	chr20	3554991	3555302	-	chr20	3585860	3586171	-	312	1	310	310	11	0
AluYe5_chr4_87661205	AluYe5	chr4	87661205	87661521	-	chr4	90987621	90987920	-	317	1	310	310	11	0
AluYe5_chr5_148082602	AluYe5	chr5	148082602	148082908	-	chr5	148618304	148618610	-	307	1	310	310	11	0
AluYe5_chr7_146380785	AluYe5	chr7	146380785	146381097	-	chr7	147560854	147561166	-	313	1	310	310	11	0
AluYe5_chr8_6730319	AluYe5	chr8	6730319	6730629	-	.	-1	-1	.	311	1	310	310	11	0
AluYe5_chr1_102479969	AluYe5	chr1	102479969	102480275	+	chr1	102329638	102329936	+	307	1	307	310	13	0
AluYe5_chr10_29372498	AluYe5	chr10	29372498	29372805	+	chr10	29404187	29404503	+	308	1	308	310	13	0
AluYe5_chr11_66086131	AluYe5	chr11	66086131	66086437	-	chr11	66080272	66080577	-	307	1	305	310	13	0
AluYe5_chr12_25799551	AluYe5	chr12	25799551	25799849	+	chr12	25672132	25672430	+	299	1	299	310	13	0
AluYe5_chr15_45944592	AluYe5	chr15	45944592	45944900	+	chr15	43752292	43752601	+	309	1	309	310	13	0
AluYe5_chr15_52297045	AluYe5	chr15	52297045	52297355	+	chr15	50105332	50105642	+	311	1	309	310	13	0
AluYe5_chr15_81737778	AluYe5	chr15	81737778	81738079	-	chr15	79601858	79602160	-	302	1	302	310	13	0
AluYe5_chr16_20121697	AluYe5	chr16	20121697	20122004	+	chr16	20052636	20052948	+	308	1	308	310	13	0
AluYe5_chr16_48069562	AluYe5	chr16	48069562	48069859	-	chr16	53866372	53866670	-	298	1	298	310	13	0
AluYe5_chr17_15602625	AluYe5	chr17	15602625	15602925	-	chr17	15508846	15509146	-	301	2	302	310	13	0
AluYe5_chr19_9183676	AluYe5	chr19	9183676	9183985	+	chr19	9309870	9310179	+	310	1	310	310	13	10
AluYe5_chr2_65580382	AluYe5	chr2	65580382	65580683	-	.	-1	-1	.	302	1	302	310	13	0
AluYe5_chr20_18499559	AluYe5	chr20	18499559	18499856	-	chr20	18550685	18550982	-	298	1	298	310	13	0
AluYe5_chr20_40248202	AluYe5	chr20	40248202	40248511	-	chr20	41979723	41980032	-	310	1	309	310	13	0
AluYe5_chr20_51967320	AluYe5	chr20	51967320	51967621	-	chr20	53738739	53739040	-	302	1	302	310	13	0
AluYe5_chr3_33259456	AluYe5	chr3	33259456	33259759	+	chr3	33261230	33261533	+	304	1	304	310	13	0
AluYe5_chr3_142454438	AluYe5	chr3	142454438	142454740	-	chr3	145201722	145202024	-	303	1	303	310	13	0
AluYe5_chr3_149056828	AluYe5	chr3	149056828	149057136	+	chr3	151807544	151807852	+	309	1	309	310	13	0
AluYe5_chr4_138066931	AluYe5	chr4	138066931	138067239	+	chr4	141390441	141390746	+	309	1	309	310	13	0
AluYe5_chr5_20334129	AluYe5	chr5	20334129	20334436	-	chr5	20335964	20336270	-	308	1	304	310	13	0
AluYe5_chr5_111281777	AluYe5	chr5	111281777	111282074	+	chr5	111792400	111792697	+	298	1	298	310	13	0
AluYe5_chr6_57542940	AluYe5	chr6	57542940	57543238	-	chr6	57382119	57382417	-	299	1	299	310	13	0
AluYe5_chr7_78330336	AluYe5	chr7	78330336	78330644	+	.	-1	-1	.	309	1	309	310	13	0
AluYe5_chr8_6205361	AluYe5	chr8	6205361	6205665	+	chr8	5959903	5960204	+	305	1	305	310	13	0
AluYe5_chr8_13382226	AluYe5	chr8	13382226	13382535	+	chr8	13648758	13649073	+	310	1	310	310	13	1
AluYe5_chr8_105658307	AluYe5	chr8	105658307	105658615	+	.	-1	-1	.	309	1	309	310	13	0
AluYe5_chr9_7371815	AluYe5	chr9	7371815	7372122	+	chr9	7368364	7368671	+	308	1	309	310	13	0
AluYe5_chr9_9950443	AluYe5	chr9	9950443	9950752	+	chr9	9961601	9961910	+	310	1	310	310	13	11
AluYe5_chr1_109055068	AluYe5	chr1	109055068	109055418	-	.	-1	-1	.	351	1	310	310	14	0
AluYe5_chr1_184586286	AluYe5	chr1	184586286	184586582	-	chr1	183949513	183949809	-	297	1	297	310	14	0
AluYe5_chr1_240986572	AluYe5	chr1	240986572	240986881	-	.	-1	-1	.	310	1	310	310	14	0
AluYe5_chr10_30054676	AluYe5	chr10	30054676	30054968	-	chr10	30085717	30086009	-	293	1	293	310	14	0
AluYe5_chr11_9958354	AluYe5	chr11	9958354	9958643	-	chr11	10042755	10043044	-	290	15	304	310	14	0
AluYe5_chr12_47873347	AluYe5	chr12	47873347	47873660	-	chr12	47834735	47835056	-	314	1	310	310	14	0
AluYe5_chr15_44455840	AluYe5	chr15	44455840	44456149	-	chr15	42263519	42263829	-	310	1	310	310	14	0
AluYe5_chr16_71706947	AluYe5	chr16	71706947	71707254	-	chr16	77524093	77524397	-	308	1	310	310	14	0
AluYe5_chr17_76991443	AluYe5	chr17	76991443	76991757	-	chr17	77884249	77884563	-	315	1	310	310	14	0
AluYe5_chr2_25046507	AluYe5	chr2	25046507	25046802	-	chr2	25080943	25081237	-	296	1	296	310	14	0
AluYe5_chr2_142677048	AluYe5	chr2	142677048	142677375	-	.	-1	-1	.	328	1	310	310	14	0
AluYe5_chr3_158316439	AluYe5	chr3	158316439	158316742	-	chr3	161091566	161091866	-	304	2	310	310	14	0
AluYe5_chr5_11338925	AluYe5	chr5	11338925	11339237	-	.	-1	-1	.	313	1	310	310	14	0
AluYe5_chr5_126799021	AluYe5	chr5	126799021	126799311	-	chr5	127318999	127319289	-	291	1	297	310	14	0
AluYe5_chr8_35393126	AluYe5	chr8	35393126	35393432	-	chr8	35668742	35669048	-	307	1	310	310	14	0
AluYe5_chr9_103723511	AluYe5	chr9	103723511	103723816	-	chr9	115897474	115897779	-	306	2	310	310	14	0
AluYe5_chrX_17665319	AluYe5	chrX	17665319	17665611	-	chrX	17247927	17248219	-	293	16	310	310	15	0
AluYe5_chr1_46101981	AluYe5	chr1	46101981	46102284	-	chr1	45979227	45979532	-	304	1	304	310	16	0
AluYe5_chr10_14892993	AluYe5	chr10	14892993	14893302	-	chr10	14906958	14907267	-	310	1	310	310	16	2
AluYe5_chr11_20812727	AluYe5	chr11	20812727	20813036	+	chr11	20933316	20933613	+	310	1	310	310	16	17
AluYe5_chr11_31895182	AluYe5	chr11	31895182	31895496	-	chr11	32030953	32031267	-	315	1	310	310	16	12
AluYe5_chr11_33993778	AluYe5	chr11	33993778	33994086	-	chr11	34130944	34131252	-	309	1	309	310	16	0
AluYe5_chr11_61813684	AluYe5	chr11	61813684	61813987	+	chr11	61802601	61802904	+	304	1	301	310	16	0
AluYe5_chr11_93369650	AluYe5	chr11	93369650	93369958	+	.	-1	-1	.	309	1	309	310	16	0
AluYe5_chr11_102647961	AluYe5	chr11	102647961	102648268	+	chr11	102650155	102650461	+	308	1	308	310	16	0
AluYe5_chr12_58127368	AluYe5	chr12	58127368	58127670	+	chr12	58105157	58105460	+	303	1	303	310	16	0
AluYe5_chr12_105379747	AluYe5	chr12	105379747	105380056	+	.	-1	-1	.	310	1	310	310	16	9
AluYe5_chr13_47374352	AluYe5	chr13	47374352	47374655	-	chr13	46595551	46595851	-	304	1	303	310	16	0
AluYe5_chr16_13851033	AluYe5	chr16	13851033	13851341	+	chr16	13888290	13888598	+	309	1	309	310	16	0
AluYe5_chr17_69449610	AluYe5	chr17	69449610	69449912	-	chr17	70326564	70326866	-	303	1	303	310	16	0
AluYe5_chr21_31641120	AluYe5	chr21	31641120	31641427	-	chr21	30009101	30009407	-	308	1	308	310	16	0
AluYe5_chr5_39481142	AluYe5	chr5	39481142	39481448	-	chr5	39731198	39731504	-	307	1	304	310	16	0
AluYe5_chr6_74013007	AluYe5	chr6	74013007	74013311	-	chr6	75191301	75191606	-	305	1	303	310	16	0
AluYe5_chr6_102550643	AluYe5	chr6	102550643	102550951	+	chr6	103725671	103725979	+	309	1	309	310	16	0
AluYe5_chr7_2385363	AluYe5	chr7	2385363	2385672	+	chr7	2498780	2499089	+	310	1	310	310	16	7
AluYe5_chr7_86230039	AluYe5	chr7	86230039	86230344	-	chr7	87479984	87480289	-	306	1	306	310	16	0
AluYe5_chr7_115650598	AluYe5	chr7	115650598	115650905	+	chr7	116965561	116965868	+	308	1	308	310	16	0
AluYe5_chr9_22999505	AluYe5	chr9	22999505	22999814	+	.	-1	-1	.	310	1	310	310	16	12
AluYe5_chr1_17379112	AluYe5	chr1	17379112	17379413	-	chr1	17193060	17193361	-	302	1	301	310	17	0
AluYe5_chr1_46588526	AluYe5	chr1	46588526	46588824	+	chr1	46465758	46466056	+	299	1	297	310	17	0
AluYe5_chr1_74309087	AluYe5	chr1	74309087	74309384	+	chr1	74150511	74150819	+	298	1	298	310	17	0
AluYe5_chr1_186381330	AluYe5	chr1	186381330	186381626	-	chr1	185736068	185736364	-	297	1	297	310	17	0
AluYe5_chr10_81307959	AluYe5	chr10	81307959	81308260	-	chr10	82182121	82182422	-	302	1	301	310	17	0
AluYe5_chr11_744560	AluYe5	chr11	744560	744861	+	chr11	796037	796338	+	302	1	301	310	17	0
AluYe5_chr11_83216327	AluYe5	chr11	83216327	83216623	-	chr11	83152802	83153098	-	297	1	297	310	17	0
AluYe5_chr12_55266758	AluYe5	chr12	55266758	55267055	-	chr12	55233320	55233617	-	298	1	298	310	17	0
AluYe5_chr13_32273220	AluYe5	chr13	32273220	32273521	-	chr13	31490463	31490764	-	302	1	302	310	17	0
AluYe5_chr14_78938843	AluYe5	chr14	78938843	78939144	-	chr14	73147460	73147761	-	302	1	302	310	17	0
AluYe5_chr15_65605974	AluYe5	chr15	65605974	65606272	+	chr15	63415372	63415670	+	299	1	300	310	17	0
AluYe5_chr16_81353010	AluYe5	chr16	81353010	81353306	+	chr16	87413770	87414066	+	297	1	295	310	17	0
AluYe5_chr17_6971418	AluYe5	chr17	6971418	6971713	+	chr17	6872107	6872402	+	296	1	297	310	17	0
AluYe5_chr19_45690050	AluYe5	chr19	45690050	45690351	+	chr19	48517587	48517888	+	302	1	302	310	17	0
AluYe5_chr3_33571016	AluYe5	chr3	33571016	33571312	-	chr3	33571882	33572178	-	297	1	298	310	17	0
AluYe5_chr5_121229335	AluYe5	chr5	121229335	121229621	-	chr5	121747024	121747311	-	287	16	302	310	17	0
AluYe5_chr1_202377833	AluYe5	chr1	202377833	202378137	-	chr1	201639955	201640250	-	305	1	310	310	18	0
AluYe5_chr11_33095540	AluYe5	chr11	33095540	33095819	+	chr11	33231090	33231369	+	280	1	280	310	18	3
AluYe5_chr13_98246088	AluYe5	chr13	98246088	98246392	-	chr13	97453720	97454024	-	305	1	310	310	18	0
AluYe5_chr14_98464971	AluYe5	chr14	98464971	98465280	-	chr14	92696610	92696910	-	310	1	310	310	18	0
AluYe5_chr15_32244530	AluYe5	chr15	32244530	32244835	-	chr15	30039169	30039474	-	306	1	310	310	18	0
AluYe6_chr10_101347750	AluYe6	chr10	101347750	101348054	-	chr10	102231719	102232026	-	305	1	301	310	16	0
AluYe6_chr2_215296637	AluYe6	chr2	215296637	215296948	+	chr2	215781695	215782006	+	312	1	310	310	19	8
AluYe6_chr14_32989363	AluYe6	chr14	32989363	32989643	+	chr14	27186352	27186631	+	281	1	281	310	21	2
AluYe6_chr22_22517926	AluYe6	chr22	22517926	22518224	-	chr22	22940794	22941092	-	299	1	297	310	23	0
AluYe6_chr3_30525618	AluYe6	chr3	30525618	30525914	+	chr3	30528074	30528370	+	297	1	297	310	24	0
AluYe6_chr1_42798733	AluYe6	chr1	42798733	42799043	-	chr1	42669222	42669532	-	311	1	310	310	25	0
AluYe6_chr11_351829	AluYe6	chr11	351829	352133	+	chr11	392696	393001	+	305	1	298	310	26	0
AluYe6_chr14_40000924	AluYe6	chr14	40000924	40001232	+	chr14	34191368	34191678	+	309	1	310	310	26	5
AluYe6_chr19_53502499	AluYe6	chr19	53502499	53502803	+	chr19	56582095	56582398	+	305	1	306	310	26	0
AluYe6_chr2_229762557	AluYe6	chr2	229762557	229762853	-	chr2	230245247	230245543	-	297	1	297	310	27	0
AluYe6_chr21_17691357	AluYe6	chr21	17691357	17691654	-	chr21	16046383	16046680	-	298	1	298	310	27	0
AluYe6_chr14_72927344	AluYe6	chr14	72927344	72927650	-	chr14	67132999	67133305	-	307	1	310	310	29	0
AluYe6_chr18_71636865	AluYe6	chr18	71636865	71637175	+	chr18	71858520	71858825	+	311	1	310	310	29	3
AluYe6_chr7_23243668	AluYe6	chr7	23243668	23243975	+	chr7	23380110	23380417	+	308	1	308	310	29	0
AluYe6_chr10_67524123	AluYe6	chr10	67524123	67524420	+	chr10	68392442	68392739	+	298	2	305	310	30	0
AluYe6_chr11_65385801	AluYe6	chr11	65385801	65386095	-	chr11	65379124	65379418	-	295	1	294	310	30	0
AluYe6_chr12_117302314	AluYe6	chr12	117302314	117302618	+	chr12	117283362	117283666	+	305	1	304	310	30	0
AluYe6_chr17_2558647	AluYe6	chr17	2558647	2558943	-	chr17	2447836	2448132	-	297	1	293	310	30	0
AluYf1_chr8_100790761	AluYf1	chr8	100790761	100791071	+	chr8	101916772	101917082	+	311	1	311	311	0	11
AluYf1_chr8_136661571	AluYf1	chr8	136661571	136661880	+	chr8	137777685	137777997	+	310	1	311	311	10	0
AluYf1_chr5_13347054	AluYf1	chr5	13347054	13347361	+	chr5	13283953	13284259	+	308	1	310	311	13	0
AluYf1_chr5_164579627	AluYf1	chr5	164579627	164579927	-	chr5	165114496	165114796	-	301	1	303	311	13	0
AluYf1_chr21_38025738	AluYf1	chr21	38025738	38026046	+	chr21	36409301	36409596	+	309	1	311	311	16	4
AluYf1_chr4_17747640	AluYf1	chr4	17747640	17747948	+	chr4	17729980	17730288	+	309	1	309	311	16	0
AluYf1_chr20_49175799	AluYf1	chr20	49175799	49176092	-	chr20	50945279	50945576	-	294	2	297	311	17	0
AluYf1_chr2_201595183	AluYf1	chr2	201595183	201595487	-	chr2	202075833	202076136	-	305	1	307	311	20	0
AluYf1_chrX_28985658	AluYf1	chrX	28985658	28985958	-	chrX	28577655	28577955	-	301	1	301	311	20	0
AluYf1_chr1_21551720	AluYf1	chr1	21551720	21552024	-	chr1	21375667	21375959	-	305	1	311	311	21	0
AluYf1_chr10_102500288	AluYf1	chr10	102500288	102500568	+	chr10	103385267	103385547	+	281	1	283	311	21	3
AluYf1_chr7_11189969	AluYf1	chr7	11189969	11190274	-	chr7	11320877	11321183	-	306	1	306	311	23	0
AluYf1_chr4_188106055	AluYf1	chr4	188106055	188106350	-	chr4	191453741	191454034	-	296	1	294	311	24	0
AluYf1_chr12_18248291	AluYf1	chr12	18248291	18248571	+	chr12	18124238	18124518	+	281	1	282	311	25	2
AluYf1_chr17_2002278	AluYf1	chr17	2002278	2002591	-	chr17	1891074	1891387	-	314	1	310	311	25	0
AluYf1_chr18_12995054	AluYf1	chr18	12995054	12995363	-	chr18	13157789	13158098	-	310	1	311	311	25	0
AluYf1_chr13_20723649	AluYf1	chr13	20723649	20723950	-	chr13	19916792	19917092	-	302	1	302	311	26	0
AluYf1_chr20_58191161	AluYf1	chr20	58191161	58191467	+	chr20	59970568	59970872	+	307	1	307	311	26	0
AluYf1_chr12_68396622	AluYf1	chr12	68396622	68396922	+	chr12	68376167	68376467	+	301	1	302	311	27	0
AluYf1_chr13_21697809	AluYf1	chr13	21697809	21698107	-	chr13	20892150	20892448	-	299	1	297	311	27	0
AluYf1_chr13_40141287	AluYf1	chr13	40141287	40141583	+	chr13	39359818	39360114	+	297	1	297	311	27	0
AluYf1_chrX_103163808	AluYf1	chrX	103163808	103164106	+	chrX	101610844	101611142	+	299	1	301	311	27	0
AluYf1_chr1_100066708	AluYf1	chr1	100066708	100067013	+	chr1	99914826	99915131	+	306	1	306	311	29	0
AluYf1_chr12_101882108	AluYf1	chr12	101882108	101882409	-	chr12	101843299	101843600	-	302	1	311	311	29	0
AluYf1_chr2_85603584	AluYf1	chr2	85603584	85603892	-	chr2	85605644	85605952	-	309	1	307	311	29	0
AluYf1_chr7_105670826	AluYf1	chr7	105670826	105671133	+	chr7	106984996	106985294	+	308	2	310	311	29	0
AluYf1_chr8_135722911	AluYf1	chr8	135722911	135723218	+	chr8	136840873	136841181	+	308	1	310	311	29	0
AluYf1_chr11_65079892	AluYf1	chr11	65079892	65080189	-	chr11	65073173	65073469	-	298	1	298	311	30	0
AluYf1_chr12_69444771	AluYf1	chr12	69444771	69445075	-	chr12	69423723	69424027	-	305	1	306	311	30	0
AluYf1_chr5_3113361	AluYf1	chr5	3113361	3113658	+	chr5	3028226	3028523	+	298	1	300	311	30	0
AluYf1_chr7_107353144	AluYf1	chr7	107353144	107353448	+	chr7	108669183	108669487	+	305	1	305	311	30	0
AluYf1_chr9_24723865	AluYf1	chr9	24723865	24724166	+	chr9	24730034	24730335	+	302	1	302	311	30	0
AluYg6_chr1_91923504	AluYg6	chr1	91923504	91923812	-	chr1	91768348	91768659	-	309	1	311	311	0	0
AluYg6_chr13_66825335	AluYg6	chr13	66825335	66825634	-	chr13	66045305	66045605	-	300	1	301	311	0	0
AluYg6_chr14_68549410	AluYg6	chr14	68549410	68549713	-	chr14	62756288	62756597	-	304	1	305	311	0	0
AluYg6_chr15_49802502	AluYg6	chr15	49802502	49802812	-	chr15	47610928	47611238	-	311	1	311	311	0	0
AluYg6_chr16_82448928	AluYg6	chr16	82448928	82449243	-	chr16	88513219	88513534	-	316	1	311	311	0	0
AluYg6_chr17_41188613	AluYg6	chr17	41188613	41188909	+	chr17	42054412	42054708	+	297	1	298	311	0	0
AluYg6_chr18_39715670	AluYg6	chr18	39715670	39715979	+	chr18	39911030	39911339	+	310	1	311	311	0	1
AluYg6_chr6_64303562	AluYg6	chr6	64303562	64303861	+	chr6	65456804	65457103	+	300	2	302	311	0	0
AluYg6_chr6_106362964	AluYg6	chr6	106362964	106363267	+	chr6	107539094	107539398	+	304	1	305	311	0	0
AluYg6_chr7_88870105	AluYg6	chr7	88870105	88870407	+	chr7	90120740	90121042	+	303	1	304	311	0	0
AluYg6_chr8_19974557	AluYg6	chr8	19974557	19974866	+	chr8	20239595	20239903	+	310	1	311	311	0	2
AluYg6_chr8_125989333	AluYg6	chr8	125989333	125989633	+	chr8	127116778	127117085	+	301	1	302	311	0	0
AluYg6_chr9_6752052	AluYg6	chr9	6752052	6752361	+	chr9	6748581	6748890	+	310	1	310	311	0	0
AluYg6_chrX_96939669	AluYg6	chrX	96939669	96939962	-	chrX	95378991	95379284	-	294	1	295	311	0	0
AluYg6_chr1_26866649	AluYg6	chr1	26866649	26866967	-	chr1	26704720	26705038	-	319	1	311	311	3	3
AluYg6_chr1_233169365	AluYg6	chr1	233169365	233169660	+	chr1	232555724	232556019	+	296	1	297	311	3	0
AluYg6_chr10_122787371	AluYg6	chr10	122787371	122787677	-	chr10	123662427	123662731	-	307	1	308	311	3	0
AluYg6_chr11_13846287	AluYg6	chr11	13846287	13846591	+	chr11	13938855	13939159	+	305	1	306	311	3	0
AluYg6_chr12_25627828	AluYg6	chr12	25627828	25628137	+	chr12	25500428	25500737	+	310	1	311	311	3	1
AluYg6_chr13_60735597	AluYg6	chr13	60735597	60735906	+	chr13	59956706	59957017	+	310	1	311	311	3	12
AluYg6_chr14_31039568	AluYg6	chr14	31039568	31039888	-	chr14	25237400	25237720	-	321	1	304	311	3	0
AluYg6_chr15_55645154	AluYg6	chr15	55645154	55645450	+	chr15	53448285	53448606	+	297	1	298	311	3	0
AluYg6_chr16_16491665	AluYg6	chr16	16491665	16491967	+	chr16	16503897	16504199	+	303	1	304	311	3	0
AluYg6_chr19_53113227	AluYg6	chr19	53113227	53113534	+	.	-1	-1	.	308	1	309	311	3	0
AluYg6_chr2_121163614	AluYg6	chr2	121163614	121163917	-	chr2	121598884	121599187	-	304	1	305	311	3	0
AluYg6_chr21_23914137	AluYg6	chr21	23914137	23914438	-	chr21	22271396	22271697	-	302	1	303	311	3	0
AluYg6_chr3_161332219	AluYg6	chr3	161332219	161332517	+	chr3	164106984	164107282	+	299	1	300	311	3	0
AluYg6_chr4_125622256	AluYg6	chr4	125622256	125622563	+	chr4	128924600	128924908	+	308	2	309	311	3	0
AluYg6_chr4_164838128	AluYg6	chr4	164838128	164838437	+	chr4	168185805	168186113	+	310	1	311	311	3	5
AluYg6_chr5_36234093	AluYg6	chr5	36234093	36234396	+	chr5	36482407	36482710	+	304	1	305	311	3	0
AluYg6_chr5_65210171	AluYg6	chr5	65210171	65210470	+	chr5	66031931	66032230	+	300	1	301	311	3	0
AluYg6_chr5_100423773	AluYg6	chr5	100423773	100424079	+	.	-1	-1	.	307	1	308	311	3	0
AluYg6_chr5_151377344	AluYg6	chr5	151377344	151377646	-	chr5	151916314	151916616	-	303	1	304	311	3	0
AluYg6_chr6_38954423	AluYg6	chr6	38954423	38954732	+	.	-1	-1	.	310	1	311	311	3	0
AluYg6_chr6_57374307	AluYg6	chr6	57374307	57374591	-	chr6	57213346	57213630	-	285	1	286	311	3	3
AluYg6_chr6_166092125	AluYg6	chr6	166092125	166092426	-	chr6	167461940	167462240	-	302	1	303	311	3	0
AluYg6_chr7_53414677	AluYg6	chr7	53414677	53414979	-	chr7	53576395	53576697	-	303	1	304	311	3	0
AluYg6_chr8_63227488	AluYg6	chr8	63227488	63227788	+	chr8	63652658	63652958	+	301	1	302	311	3	0
AluYg6_chr8_86372018	AluYg6	chr8	86372018	86372321	-	chr8	87492304	87492607	-	304	1	305	311	3	0
AluYg6_chr8_98259071	AluYg6	chr8	98259071	98259374	-	chr8	99384529	99384832	-	304	1	305	311	3	0
AluYg6_chrX_31559362	AluYg6	chrX	31559362	31559665	+	chrX	31157514	31157817	+	304	2	306	311	3	0
AluYg6_chr1_119016158	AluYg6	chr1	119016158	119016468	-	chr1	119029342	119029652	-	311	1	311	311	4	0
AluYg6_chr17_47147120	AluYg6	chr17	47147120	47147400	+	chr17	48009456	48009736	+	281	2	283	311	4	3
AluYg6_chr2_39708410	AluYg6	chr2	39708410	39708716	-	chr2	39717403	39717709	-	307	1	311	311	4	0
AluYg6_chr3_41579486	AluYg6	chr3	41579486	41579791	-	chr3	41596983	41597287	-	306	1	311	311	4	0
AluYg6_chr3_122491851	AluYg6	chr3	122491851	122492159	-	chr3	125211122	125211429	-	309	1	311	311	4	0
AluYg6_chr4_41032769	AluYg6	chr4	41032769	41033082	-	chr4	41006593	41006907	-	314	1	311	311	4	0
AluYg6_chr4_52609899	AluYg6	chr4	52609899	52610223	-	chr4	56096786	56097111	-	325	1	311	311	4	0
AluYg6_chr6_167658546	AluYg6	chr6	167658546	167658856	-	chr6	168996169	168996478	-	311	1	311	311	4	0
AluYg6_chr4_123123666	AluYg6	chr4	123123666	123123976	+	chr4	126427721	126428031	+	311	1	306	311	6	0
AluYg6_chr1_35429946	AluYg6	chr1	35429946	35430247	-	chr1	35293003	35293304	-	302	1	303	311	7	0
AluYg6_chr1_226317626	AluYg6	chr1	226317626	226317939	-	chr1	225505687	225505998	-	314	1	311	311	7	0
AluYg6_chr10_18356939	AluYg6	chr10	18356939	18357241	-	chr10	18376322	18376624	-	303	2	305	311	7	0
AluYg6_chr10_26065836	AluYg6	chr10	26065836	26066144	+	.	-1	-1	.	309	1	304	311	7	0
AluYg6_chr10_39183200	AluYg6	chr10	39183200	39183509	+	.	-1	-1	.	310	1	311	311	7	12
AluYg6_chr10_109276637	AluYg6	chr10	109276637	109276943	+	chr10	110166529	110166835	+	307	1	308	311	7	0
AluYg6_chr12_43358557	AluYg6	chr12	43358557	43358857	+	chr12	43317928	43318228	+	301	1	302	311	7	0
AluYg6_chr12_62035734	AluYg6	chr12	62035734	62036039	-	chr12	62014451	62014757	-	306	1	311	311	7	0
AluYg6_chr12_75905158	AluYg6	chr12	75905158	75905464	-	chr12	75880249	75880555	-	307	1	311	311	7	0
AluYg6_chr12_84736693	AluYg6	chr12	84736693	84736997	-	chr12	84716140	84716444	-	305	1	311	311	7	0
AluYg6_chr12_96591608	AluYg6	chr12	96591608	96591908	+	chr12	96565710	96566011	+	301	1	299	311	7	0
AluYg6_chr12_112268869	AluYg6	chr12	112268869	112269172	-	chr12	112245777	112246080	-	304	1	305	311	7	0
AluYg6_chr13_40086352	AluYg6	chr13	40086352	40086668	-	chr13	39304876	39305208	-	317	1	311	311	7	0
AluYg6_chr14_48294665	AluYg6	chr14	48294665	48294960	+	chr14	42493442	42493737	+	296	1	297	311	7	0
AluYg6_chr14_49690232	AluYg6	chr14	49690232	49690538	-	chr14	43888277	43888580	-	307	1	308	311	7	0
AluYg6_chr14_98247483	AluYg6	chr14	98247483	98247786	-	chr14	92480297	92480600	-	304	1	311	311	7	0
AluYg6_chr14_103353805	AluYg6	chr14	103353805	103354114	+	chr14	97589670	97589978	+	310	1	311	311	7	1
AluYg6_chr17_58836740	AluYg6	chr17	58836740	58837039	+	chr17	59704803	59705102	+	300	1	301	311	7	0
AluYg6_chr17_80753353	AluYg6	chr17	80753353	80753652	+	chr17	81658855	81659154	+	300	1	301	311	7	0
AluYg6_chr18_28735161	AluYg6	chr18	28735161	28735464	+	chr18	28924766	28925069	+	304	1	300	311	7	0
AluYg6_chr19_20143875	AluYg6	chr19	20143875	20144184	+	chr19	20281228	20281537	+	310	1	311	311	7	0
AluYg6_chr19_30614943	AluYg6	chr19	30614943	30615244	-	chr19	33135529	33135830	-	302	1	303	311	7	0
AluYg6_chr2_11552730	AluYg6	chr2	11552730	11553026	+	chr2	11585685	11585981	+	297	1	298	311	7	0
AluYg6_chr2_18875425	AluYg6	chr2	18875425	18875734	+	chr2	18908167	18908476	+	310	1	311	311	7	18
AluYg6_chr2_58573476	AluYg6	chr2	58573476	58573785	-	chr2	58578353	58578661	-	310	1	311	311	7	0
AluYg6_chr20_39942076	AluYg6	chr20	39942076	39942378	-	chr20	41673576	41673878	-	303	1	304	311	7	0
AluYg6_chr20_59148400	AluYg6	chr20	59148400	59148709	+	chr20	60931701	60932010	+	310	1	311	311	7	20
AluYg6_chr3_26693049	AluYg6	chr3	26693049	26693352	+	chr3	26695662	26695965	+	304	1	305	311	7	0
AluYg6_chr3_120076534	AluYg6	chr3	120076534	120076839	+	chr3	122796225	122796530	+	306	1	307	311	7	0
AluYg6_chr3_143785840	AluYg6	chr3	143785840	143786154	-	chr3	146532422	146532736	-	315	1	311	311	7	0
AluYg6_chr3_146361552	AluYg6	chr3	146361552	146361857	+	chr3	149116695	149117000	+	306	1	305	311	7	0
AluYg6_chr3_181997885	AluYg6	chr3	181997885	181998188	-	chr3	184802426	184802729	-	304	1	305	311	7	0
AluYg6_chr4_8337668	AluYg6	chr4	8337668	8337971	-	chr4	8317567	8317870	-	304	1	305	311	7	0
AluYg6_chr4_15872759	AluYg6	chr4	15872759	15873068	+	chr4	15854463	15854770	+	310	1	311	311	7	0
AluYg6_chr4_31361849	AluYg6	chr4	31361849	31362146	+	chr4	31350302	31350599	+	298	1	299	311	7	0
AluYg6_chr4_44507378	AluYg6	chr4	44507378	44507686	+	.	-1	-1	.	309	1	310	311	7	0
AluYg6_chr4_103837451	AluYg6	chr4	103837451	103837760	+	chr4	107149390	107149699	+	310	2	311	311	7	2
AluYg6_chr4_162141107	AluYg6	chr4	162141107	162141414	-	chr4	165488641	165488946	-	308	1	311	311	7	0
AluYg6_chr5_23881727	AluYg6	chr5	23881727	23882021	-	chr5	23989380	23989674	-	295	1	296	311	7	0
AluYg6_chr5_93818906	AluYg6	chr5	93818906	93819205	+	chr5	94302981	94303281	+	300	1	301	311	7	0
AluYg6_chr5_120409914	AluYg6	chr5	120409914	120410221	+	chr5	120927988	120928295	+	308	1	309	311	7	0
AluYg6_chr5_163221143	AluYg6	chr5	163221143	163221450	+	chr5	163756051	163756354	+	308	1	307	311	7	0
AluYg6_chr6_9075059	AluYg6	chr6	9075059	9075375	-	.	-1	-1	.	317	1	311	311	7	0
AluYg6_chr7_52255960	AluYg6	chr7	52255960	52256269	-	chr7	52416758	52417073	-	310	1	311	311	7	1
AluYg6_chr7_67248730	AluYg6	chr7	67248730	67249035	-	chr7	68468428	68468733	-	306	2	311	311	7	0
AluYg6_chr8_16902790	AluYg6	chr8	16902790	16903098	+	chr8	17171018	17171324	+	309	1	310	311	7	0
AluYg6_chr8_52556366	AluYg6	chr8	52556366	52556674	+	chr8	52932405	52932713	+	309	1	309	311	7	0
AluYg6_chr8_74272598	AluYg6	chr8	74272598	74272903	-	chr8	74701859	74702164	-	306	1	305	311	7	0
AluYg6_chr8_93277729	AluYg6	chr8	93277729	93278033	-	chr8	94402516	94402820	-	305	1	311	311	7	0
AluYg6_chr8_137796500	AluYg6	chr8	137796500	137796794	+	chr8	138913141	138913435	+	295	2	297	311	7	0
AluYg6_chr9_13655424	AluYg6	chr9	13655424	13655733	+	chr9	13664878	13665185	+	310	1	311	311	7	17
AluYg6_chrX_31715263	AluYg6	chrX	31715263	31715563	+	chrX	31313427	31313727	+	301	1	302	311	7	0
AluYg6_chrX_44565515	AluYg6	chrX	44565515	44565830	-	chrX	43972332	43972647	-	316	1	311	311	7	0
AluYg6_chr1_57479872	AluYg6	chr1	57479872	57480173	+	chr1	57358628	57358929	+	302	1	303	311	10	0
AluYg6_chr1_158558500	AluYg6	chr1	158558500	158558802	-	chr1	157695599	157695901	-	303	1	304	311	10	0
AluYg6_chr1_165291782	AluYg6	chr1	165291782	165292085	+	chr1	164638142	164638445	+	304	1	305	311	10	0
AluYg6_chr1_213271484	AluYg6	chr1	213271484	213271783	+	chr1	212514548	212514848	+	300	1	301	311	10	0
AluYg6_chr10_21707190	AluYg6	chr10	21707190	21707490	-	chr10	21726278	21726578	-	301	1	302	311	10	0
AluYg6_chr10_52067923	AluYg6	chr10	52067923	52068227	+	chr10	52917010	52917314	+	305	1	306	311	10	0
AluYg6_chr10_54757277	AluYg6	chr10	54757277	54757580	-	.	-1	-1	.	304	1	305	311	10	0
AluYg6_chr10_87349576	AluYg6	chr10	87349576	87349875	+	chr10	88233174	88233473	+	300	1	302	311	10	0
AluYg6_chr10_92319298	AluYg6	chr10	92319298	92319593	-	chr10	93201652	93201947	-	296	1	296	311	10	0
AluYg6_chr10_96194769	AluYg6	chr10	96194769	96195068	-	chr10	97074079	97074378	-	300	1	301	311	10	0
AluYg6_chr11_24401636	AluYg6	chr11	24401636	24401941	+	chr11	24532682	24532987	+	306	1	307	311	10	0
AluYg6_chr11_63820610	AluYg6	chr11	63820610	63820910	+	chr11	63809968	63810269	+	301	1	302	311	10	0
AluYg6_chr12_8472992	AluYg6	chr12	8472992	8473293	-	.	-1	-1	.	302	1	303	311	10	0
AluYg6_chr12_41729441	AluYg6	chr12	41729441	41729740	+	chr12	41688151	41688449	+	300	1	301	311	10	0
AluYg6_chr13_105382366	AluYg6	chr13	105382366	105382665	-	.	-1	-1	.	300	1	301	311	10	0
AluYg6_chr14_79048743	AluYg6	chr14	79048743	79049052	+	chr14	73257258	73257567	+	310	1	311	311	10	31
AluYg6_chr14_91275816	AluYg6	chr14	91275816	91276119	-	chr14	85501290	85501595	-	304	1	305	311	10	0
AluYg6_chr15_46499436	AluYg6	chr15	46499436	46499743	+	chr15	44307286	44307600	+	308	1	303	311	10	0
AluYg6_chr15_88056889	AluYg6	chr15	88056889	88057198	+	chr15	85811535	85811844	+	310	1	311	311	10	1
AluYg6_chr16_63799031	AluYg6	chr16	63799031	63799335	+	chr16	69586922	69587230	+	305	1	306	311	10	0
AluYg6_chr17_51150560	AluYg6	chr17	51150560	51150868	+	chr17	52017876	52018184	+	309	1	310	311	10	0
AluYg6_chr17_77992218	AluYg6	chr17	77992218	77992518	+	.	-1	-1	.	301	1	302	311	10	0
AluYg6_chr17_81275452	AluYg6	chr17	81275452	81275745	+	chr17	82187350	82187643	+	294	1	295	311	10	0
AluYg6_chr18_40370944	AluYg6	chr18	40370944	40371245	-	chr18	40565650	40565951	-	302	1	303	311	10	0
AluYg6_chr2_5069058	AluYg6	chr2	5069058	5069367	+	.	-1	-1	.	310	1	311	311	10	6
AluYg6_chr2_130586123	AluYg6	chr2	130586123	130586435	-	chr2	131020035	131020347	-	313	1	309	311	10	0
AluYg6_chr2_181491257	AluYg6	chr2	181491257	181491564	+	.	-1	-1	.	308	2	310	311	10	0
AluYg6_chr2_190849024	AluYg6	chr2	190849024	190849330	-	chr2	191338110	191338424	-	307	1	308	311	10	1
AluYg6_chr2_214421886	AluYg6	chr2	214421886	214422187	-	chr2	214906381	214906687	-	302	1	305	311	10	0
AluYg6_chr21_9997182	AluYg6	chr21	9997182	9997486	+	chr21	9610552	9610856	+	305	1	306	311	10	0
AluYg6_chr21_18440093	AluYg6	chr21	18440093	18440394	+	chr21	16799729	16800042	+	302	1	303	311	10	0
AluYg6_chr22_41309009	AluYg6	chr22	41309009	41309309	-	chr22	41787841	41788150	-	301	1	302	311	10	0
AluYg6_chr3_180567378	AluYg6	chr3	180567378	180567680	+	chr3	183369248	183369550	+	303	1	304	311	10	0
AluYg6_chr4_58328032	AluYg6	chr4	58328032	58328341	+	chr4	61819255	61819564	+	310	1	311	311	10	7
AluYg6_chr4_90460045	AluYg6	chr4	90460045	90460345	+	chr4	93791674	93791974	+	301	1	302	311	10	0
AluYg6_chr5_10523970	AluYg6	chr5	10523970	10524273	+	chr5	10463125	10463428	+	304	1	305	311	10	0
AluYg6_chr5_20018797	AluYg6	chr5	20018797	20019096	-	chr5	20020623	20020922	-	300	1	297	311	10	0
AluYg6_chr5_73439942	AluYg6	chr5	73439942	73440247	+	chr5	73921265	73921570	+	306	1	307	311	10	0
AluYg6_chr5_126072247	AluYg6	chr5	126072247	126072551	+	chr5	126588802	126589106	+	305	1	306	311	10	0
AluYg6_chr5_138249885	AluYg6	chr5	138249885	138250194	+	chr5	138776125	138776431	+	310	1	311	311	10	13
AluYg6_chr5_141005435	AluYg6	chr5	141005435	141005731	+	chr5	141530722	141531018	+	297	14	311	311	10	0
AluYg6_chr5_160918944	AluYg6	chr5	160918944	160919245	+	chr5	161447825	161448126	+	302	1	303	311	10	0
AluYg6_chr6_79769868	AluYg6	chr6	79769868	79770170	+	chr6	80975436	80975738	+	303	1	304	311	10	0
AluYg6_chr6_164363525	AluYg6	chr6	164363525	164363832	+	chr6	165728313	165728620	+	308	1	309	311	10	0
AluYg6_chr7_64955970	AluYg6	chr7	64955970	64956279	-	chr7	66162388	66162697	-	310	1	311	311	10	1
AluYg6_chr7_83317162	AluYg6	chr7	83317162	83317466	+	.	-1	-1	.	305	1	306	311	10	0
AluYg6_chr8_98955496	AluYg6	chr8	98955496	98955803	+	chr8	100080217	100080527	+	308	1	309	311	10	0
AluYh3_chr5_157692059	AluYh3	chr5	157692059	157692363	-	chr5	158211085	158211389	-	305	1	305	311	3	0
AluYh3_chr14_90250817	AluYh3	chr14	90250817	90251109	-	chr14	84475067	84475359	-	293	1	293	311	7	0
AluYh3_chr21_35589386	AluYh3	chr21	35589386	35589683	+	chr21	33972409	33972707	+	298	1	298	311	7	0
AluYh3_chr1_107922671	AluYh3	chr1	107922671	107922978	+	chr1	107960133	107960439	+	308	1	308	311	10	0
AluYh3_chr1_159899463	AluYh3	chr1	159899463	159899766	-	chr1	159036530	159036832	-	304	1	304	311	10	0
AluYh3_chr1_172526093	AluYh3	chr1	172526093	172526389	-	chr1	171882800	171883096	-	297	1	297	311	10	0
AluYh3_chr10_105336104	AluYh3	chr10	105336104	105336400	+	chr10	106226386	106226682	+	297	1	297	311	10	0
AluYh3_chr11_8200851	AluYh3	chr11	8200851	8201155	-	chr11	8282204	8282502	-	305	1	305	311	10	0
AluYh3_chr11_114423174	AluYh3	chr11	114423174	114423473	-	chr11	114433592	114433891	-	300	1	300	311	10	0
AluYh3_chr16_62736334	AluYh3	chr16	62736334	62736644	+	chr16	68524132	68524442	+	311	1	311	311	10	3
AluYh3_chrX_69370470	AluYh3	chrX	69370470	69370771	-	chrX	67803867	67804168	-	302	1	302	311	10	0
AluYh3_chr11_10108516	AluYh3	chr11	10108516	10108823	-	chr11	10192902	10193209	-	308	1	311	311	11	0
AluYh3_chr1_180090265	AluYh3	chr1	180090265	180090574	+	chr1	179445982	179446303	+	310	1	310	311	13	0
AluYh3_chr18_22438343	AluYh3	chr18	22438343	22438641	-	chr18	22624669	22624967	-	299	1	299	311	13	0
AluYh3_chr20_43547103	AluYh3	chr20	43547103	43547403	-	chr20	45280310	45280610	-	301	1	301	311	13	0
AluYh3_chr5_37649731	AluYh3	chr5	37649731	37650036	-	chr5	37898977	37899247	-	306	1	306	311	13	0
AluYh3_chr6_10348911	AluYh3	chr6	10348911	10349211	+	chr6	10216646	10216946	+	301	1	301	311	13	0
AluYh3_chr9_83420931	AluYh3	chr9	83420931	83421239	-	chr9	95570675	95570984	-	309	1	309	311	13	0
AluYh3_chr1_169761276	AluYh3	chr1	169761276	169761583	-	chr1	169117045	169117352	-	308	1	311	311	14	0
AluYh3_chr4_163872763	AluYh3	chr4	163872763	163873050	+	chr4	167220381	167220668	+	288	1	288	311	14	3
AluYh3_chr5_105281793	AluYh3	chr5	105281793	105282085	+	chr5	105785982	105786274	+	293	1	293	311	14	0
AluYh3_chr8_89358779	AluYh3	chr8	89358779	89359066	+	chr8	90481856	90482143	+	288	1	287	311	14	2
AluYh3_chr9_24924668	AluYh3	chr9	24924668	24924961	+	chr9	24930856	24931149	+	294	1	294	311	14	0
AluYh3_chr11_107853437	AluYh3	chr11	107853437	107853748	+	chr11	107860573	107860885	+	312	1	310	311	16	0
AluYh3_chr13_84892931	AluYh3	chr13	84892931	84893241	+	chr13	84137585	84137895	+	311	1	310	311	16	0
AluYh3_chr13_101671427	AluYh3	chr13	101671427	101671737	-	chr13	100887426	100887737	-	311	1	311	311	16	0
AluYh3_chr18_66677352	AluYh3	chr18	66677352	66677662	-	chr18	66875414	66875726	-	311	1	311	311	16	2
AluYh3_chr22_29599974	AluYh3	chr22	29599974	29600283	-	chr22	30063337	30063645	-	310	1	310	311	16	0
AluYh3_chr5_162898815	AluYh3	chr5	162898815	162899125	+	chr5	163433502	163433815	+	311	1	311	311	16	1
AluYh3_chr14_41890426	AluYh3	chr14	41890426	41890723	+	chr14	36081200	36081498	+	298	1	298	311	17	0
AluYh3_chr7_30614594	AluYh3	chr7	30614594	30614890	+	chr7	30752200	30752496	+	297	1	300	311	17	0
AluYh3_chr8_40292719	AluYh3	chr8	40292719	40293018	-	chr8	40569629	40569928	-	300	1	300	311	17	0
AluYh3_chr18_40963602	AluYh3	chr18	40963602	40963883	+	chr18	41158573	41158854	+	282	1	282	311	18	9
AluYh3_chr8_104166060	AluYh3	chr8	104166060	104166365	-	chr8	105293618	105293916	-	306	1	311	311	18	0
AluYh3_chr13_70314098	AluYh3	chr13	70314098	70314405	+	chr13	69535625	69535932	+	308	1	308	311	19	0
AluYh3_chr17_30724874	AluYh3	chr17	30724874	30725181	-	chr17	31669858	31670165	-	308	1	308	311	19	0
AluYh3_chr5_144180925	AluYh3	chr5	144180925	144181232	-	chr5	144713114	144713421	-	308	1	307	311	19	0
AluYh3_chr7_76745873	AluYh3	chr7	76745873	76746180	-	chr7	78024770	78025077	-	308	1	308	311	19	0
AluYh3_chr16_56366097	AluYh3	chr16	56366097	56366401	+	chr16	62161133	62161439	+	305	1	305	311	20	0
AluYh3_chr3_53012404	AluYh3	chr3	53012404	53012701	-	chr3	53045296	53045593	-	298	1	298	311	20	0
AluYh3_chr4_152129557	AluYh3	chr4	152129557	152129856	-	chr4	155452677	155452976	-	300	1	300	311	20	0
AluYh3_chr8_73741024	AluYh3	chr8	73741024	73741317	+	chr8	74170473	74170766	+	294	1	294	311	20	0
AluYh3_chr12_29284832	AluYh3	chr12	29284832	29285140	-	chr12	29157369	29157677	-	309	1	311	311	21	1
AluYh3_chr17_47594646	AluYh3	chr17	47594646	47594931	-	chr17	48456399	48456684	-	286	1	286	311	21	1
AluYh3_chr17_59125891	AluYh3	chr17	59125891	59126171	+	chr17	59993986	59994266	+	281	2	282	311	21	3
AluYh3_chr3_96494477	AluYh3	chr3	96494477	96494785	-	chr3	99198202	99198510	-	309	1	311	311	21	0
AluYh3_chr4_113014849	AluYh3	chr4	113014849	113015157	-	chr4	116323211	116323515	-	309	1	311	311	21	0
AluYh3_chr13_25146890	AluYh3	chr13	25146890	25147200	+	.	-1	-1	.	311	1	311	311	22	3
AluYh3_chr14_20314810	AluYh3	chr14	20314810	20315109	+	chr14	14511706	14512005	+	300	1	300	311	23	0
AluYh3_chr15_34192937	AluYh3	chr15	34192937	34193246	+	chr15	31991190	31991500	+	310	2	311	311	23	0
AluYh3_chr16_23272300	AluYh3	chr16	23272300	23272606	-	chr16	23548197	23548503	-	307	2	308	311	23	0
AluYh3_chr17_35882026	AluYh3	chr17	35882026	35882327	+	chr17	36829934	36830235	+	302	1	302	311	23	0
AluYh3_chr2_26045239	AluYh3	chr2	26045239	26045538	-	chr2	26080547	26080846	-	300	1	300	311	23	0
AluYh3_chr21_39309543	AluYh3	chr21	39309543	39309844	+	chr21	37694059	37694361	+	302	1	301	311	23	0
AluYh3_chr4_175003977	AluYh3	chr4	175003977	175004279	+	chr4	178341990	178342292	+	303	1	303	311	23	0
AluYh3_chr1_176203056	AluYh3	chr1	176203056	176203353	+	chr1	175558326	175558623	+	298	1	298	311	24	0
AluYh3_chr13_19856825	AluYh3	chr13	19856825	19857105	+	chr13	19053038	19053318	+	281	1	281	311	25	4
AluYh3_chr12_91906557	AluYh3	chr12	91906557	91906867	+	chr12	91884058	91884368	+	311	1	311	311	26	7
AluYh3_chr16_68199212	AluYh3	chr16	68199212	68199523	-	chr16	73994960	73995271	-	312	1	311	311	26	0
AluYh3_chr18_69693777	AluYh3	chr18	69693777	69694088	+	chr18	69910412	69910725	+	312	1	311	311	26	2
AluYh3_chr18_71952894	AluYh3	chr18	71952894	71953201	-	chr18	72174469	72174777	-	308	1	308	311	26	0
AluYh3_chr4_67427825	AluYh3	chr4	67427825	67428128	+	chr4	70870929	70871229	+	304	1	304	311	26	0
AluYh3_chr6_128638442	AluYh3	chr6	128638442	128638748	+	chr6	129831585	129831891	+	307	1	308	311	26	0
AluYh3_chr6_132359475	AluYh3	chr6	132359475	132359785	-	chr6	133554476	133554786	-	311	1	311	311	26	3
AluYh3_chr1_13234960	AluYh3	chr1	13234960	13235257	-	.	-1	-1	.	298	1	298	311	27	0
AluYh3_chr1_38861093	AluYh3	chr1	38861093	38861391	+	chr1	38728329	38728627	+	299	2	295	311	27	0
AluYh3_chr17_47535270	AluYh3	chr17	47535270	47535570	+	chr17	48396999	48397299	+	301	1	302	311	27	0
AluYh3_chr18_70067160	AluYh3	chr18	70067160	70067457	-	chr18	70284231	70284529	-	298	2	299	311	27	0
AluYh3_chr19_18126781	AluYh3	chr19	18126781	18127079	-	chr19	18261204	18261502	-	299	1	299	311	27	0
AluYh3_chr19_23867549	AluYh3	chr19	23867549	23867848	+	chr19	24013104	24013403	+	300	1	300	311	27	0
AluYh3_chr7_75764865	AluYh3	chr7	75764865	75765165	+	chr7	77051941	77052244	+	301	1	301	311	27	0
AluYh3_chr7_128797917	AluYh3	chr7	128797917	128798216	-	chr7	130110071	130110370	-	300	1	300	311	27	0
AluYh3_chr1_46383449	AluYh3	chr1	46383449	46383754	-	chr1	46260662	46260967	-	306	1	306	311	29	0
AluYh3_chr1_166943211	AluYh3	chr1	166943211	166943516	+	chr1	166289042	166289346	+	306	1	306	311	29	0
AluYh3_chr12_110728118	AluYh3	chr12	110728118	110728427	+	chr12	110705823	110706132	+	310	1	311	311	29	1
AluYh3_chr2_5426891	AluYh3	chr2	5426891	5427203	+	chr2	5448503	5448814	+	313	1	311	311	29	3
AluYh3_chr2_236897824	AluYh3	chr2	236897824	236898134	+	chr2	237389022	237389332	+	311	1	311	311	29	7
AluYh3_chr1_242906584	AluYh3	chr1	242906584	242906886	+	chr1	242318550	242318852	+	303	1	303	311	30	0
AluYh3_chr10_73425393	AluYh3	chr10	73425393	73425691	+	chr10	74296808	74297106	+	299	1	311	311	30	2
AluYh3_chr10_86568356	AluYh3	chr10	86568356	86568654	+	chr10	87452550	87452848	+	299	2	300	311	30	0
AluYh3_chr16_17297740	AluYh3	chr16	17297740	17298035	+	chr16	17304749	17305044	+	296	1	297	311	30	0
AluYh3_chrX_142947089	AluYh3	chrX	142947089	142947384	+	chrX	141255720	141256015	+	296	12	307	311	30	0
AluYh3a3_chr1_146386270	AluYh3a3	chr1	146386270	146386550	+	chr1	148421831	148422112	-	281	1	281	292	0	0
AluYh3a3_chr1_144547435	AluYh3a3	chr1	144547435	144547720	-	chr1	143518898	143519183	+	286	1	286	292	3	0
AluYh3a3_chr15_75574983	AluYh3a3	chr15	75574983	75575272	-	chr15	73445687	73445976	-	290	1	281	292	3	0
AluYh3a3_chr5_136815600	AluYh3a3	chr5	136815600	136815889	-	chr5	137338244	137338533	-	290	1	292	292	19	0
AluYh7_chr1_163007254	AluYh7	chr1	163007254	163007563	+	chr1	162351831	162352131	+	310	1	310	311	0	0
AluYh7_chr1_180214709	AluYh7	chr1	180214709	180215015	-	.	-1	-1	.	307	1	311	311	0	0
AluYh7_chr12_60322296	AluYh7	chr12	60322296	60322609	-	chr12	60295050	60295362	-	314	1	311	311	0	0
AluYh7_chr13_80104183	AluYh7	chr13	80104183	80104496	-	chr13	79332273	79332586	-	314	1	311	311	0	0
AluYh7_chr2_211415103	AluYh7	chr2	211415103	211415418	-	chr2	211895602	211895919	-	316	1	311	311	0	0
AluYh7_chr4_88760323	AluYh7	chr4	88760323	88760632	+	.	-1	-1	.	310	1	310	311	0	0
AluYh7_chr5_83186942	AluYh7	chr5	83186942	83187242	-	.	-1	-1	.	301	1	301	311	0	0
AluYh7_chr9_6999385	AluYh7	chr9	6999385	6999689	+	.	-1	-1	.	305	1	305	311	0	0
AluYh7_chr9_26362128	AluYh7	chr9	26362128	26362437	-	chr9	26373081	26373390	-	310	1	311	311	0	0
AluYh7_chr9_67798728	AluYh7	chr9	67798728	67799033	-	chr9	79581428	79581733	-	306	1	311	311	0	0
AluYh7_chr10_112597694	AluYh7	chr10	112597694	112597996	-	chr10	113488496	113488798	-	303	1	303	311	3	0
AluYh7_chr13_95981183	AluYh7	chr13	95981183	95981488	+	.	-1	-1	.	306	1	306	311	3	0
AluYh7_chr19_49611642	AluYh7	chr19	49611642	49611948	+	chr19	52611671	52611977	+	307	1	307	311	3	0
AluYh7_chr4_108149178	AluYh7	chr4	108149178	108149476	+	chr4	111451500	111451798	+	299	1	299	311	3	0
AluYh7_chrY_16623795	AluYh7	chrY	16623795	16624099	-	chrY	17530353	17530657	-	305	1	305	311	3	0
AluYh7_chr17_49960036	AluYh7	chr17	49960036	49960344	-	chr17	50823188	50823497	-	309	1	311	311	7	0
AluYh7_chr9_91385895	AluYh7	chr9	91385895	91386204	+	chr9	103552033	103552342	+	310	1	310	311	10	0
AluYh9_chr9_39894084	AluYh9	chr9	39894084	39894386	-	chr9	39908215	39908518	-	303	1	303	311	0	0
AluYh9_chr9_62356338	AluYh9	chr9	62356338	62356639	+	.	-1	-1	.	302	1	302	311	0	0
AluYi6_chr1_78935842	AluYi6	chr1	78935842	78936150	+	.	-1	-1	.	309	1	308	311	3	0
AluYi6_chr10_103974330	AluYi6	chr10	103974330	103974640	+	chr10	104861566	104861883	+	311	1	307	311	3	0
AluYi6_chr10_116963036	AluYi6	chr10	116963036	116963371	-	chr10	117857282	117857617	-	336	1	311	311	3	0
AluYi6_chr12_93770097	AluYi6	chr12	93770097	93770396	-	chr12	93751572	93751871	-	300	1	298	311	3	0
AluYi6_chr14_45418958	AluYi6	chr14	45418958	45419264	-	chr14	39611209	39611516	-	307	1	305	311	3	0
AluYi6_chr17_11654074	AluYi6	chr17	11654074	11654378	+	.	-1	-1	.	305	1	304	311	3	0
AluYi6_chr17_53352154	AluYi6	chr17	53352154	53352466	+	chr17	54227355	54227667	+	313	1	311	311	3	17
AluYi6_chr21_29574681	AluYi6	chr21	29574681	29574993	-	chr21	27940551	27940863	-	313	1	306	311	3	0
AluYi6_chr5_85669243	AluYi6	chr5	85669243	85669555	-	chr5	86152168	86152480	-	313	1	311	311	3	0
AluYi6_chr7_80328960	AluYi6	chr7	80328960	80329268	+	chr7	81580291	81580599	+	309	1	307	311	3	0
AluYi6_chr10_46994323	AluYi6	chr10	46994323	46994633	-	chr10	47883112	47883425	-	311	1	305	311	6	0
AluYi6_chr6_123760381	AluYi6	chr6	123760381	123760691	+	chr6	124948264	124948575	+	311	1	310	311	6	0
AluYi6_chr1_91264362	AluYi6	chr1	91264362	91264665	-	chr1	91109009	91109310	-	304	8	311	311	7	0
AluYi6_chr1_117595188	AluYi6	chr1	117595188	117595491	+	chr1	117604404	117604707	+	304	1	303	311	7	0
AluYi6_chr10_108408657	AluYi6	chr10	108408657	108408961	+	chr10	109297361	109297664	+	305	1	304	311	7	0
AluYi6_chr11_19287435	AluYi6	chr11	19287435	19287731	+	chr11	19407498	19407795	+	297	1	295	311	7	0
AluYi6_chr14_37451809	AluYi6	chr14	37451809	37452114	-	chr14	31640875	31641174	-	306	1	305	311	7	0
AluYi6_chr14_41689613	AluYi6	chr14	41689613	41689919	+	chr14	35880393	35880699	+	307	1	306	311	7	0
AluYi6_chr17_57248985	AluYi6	chr17	57248985	57249286	+	chr17	58124062	58124363	+	302	1	299	311	7	0
AluYi6_chr2_179670010	AluYi6	chr2	179670010	179670311	+	chr2	180153176	180153479	+	302	1	301	311	7	0
AluYi6_chr21_35788663	AluYi6	chr21	35788663	35788970	-	chr21	34171395	34171702	-	308	1	311	311	7	0
AluYi6_chr4_9955211	AluYi6	chr4	9955211	9955519	+	.	-1	-1	.	309	1	306	311	7	0
AluYi6_chr6_92098291	AluYi6	chr6	92098291	92098602	-	chr6	93309922	93310233	-	312	1	311	311	7	0
AluYi6_chr6_122506695	AluYi6	chr6	122506695	122507000	-	chr6	123695004	123695309	-	306	1	304	311	7	0
AluYi6_chr6_148334142	AluYi6	chr6	148334142	148334448	+	chr6	149530397	149530702	+	307	1	302	311	7	0
AluYi6_chr7_49892032	AluYi6	chr7	49892032	49892345	-	chr7	50053105	50053418	-	314	1	311	311	7	0
AluYi6_chr7_69634126	AluYi6	chr7	69634126	69634419	-	chr7	70856903	70857196	-	294	1	293	311	7	0
AluYi6_chr8_46469695	AluYi6	chr8	46469695	46470018	-	.	-1	-1	.	324	1	311	311	7	0
AluYi6_chrX_113061061	AluYi6	chrX	113061061	113061367	+	chrX	111513002	111513309	+	307	1	306	311	7	0
AluYi6_chr1_20171753	AluYi6	chr1	20171753	20172062	-	chr1	19995398	19995707	-	310	1	308	311	10	0
AluYi6_chr1_27642520	AluYi6	chr1	27642520	27642831	+	chr1	27483817	27484128	+	312	1	310	311	10	0
AluYi6_chr1_64838864	AluYi6	chr1	64838864	64839170	+	chr1	64716867	64717173	+	307	1	306	311	10	0
AluYi6_chr1_164958599	AluYi6	chr1	164958599	164958903	+	chr1	164304995	164305308	+	305	1	304	311	10	0
AluYi6_chr11_129862710	AluYi6	chr11	129862710	129863002	-	chr11	129898419	129898711	-	293	1	292	311	10	0
AluYi6_chr13_64179539	AluYi6	chr13	64179539	64179847	+	chr13	63401319	63401640	+	309	1	307	311	10	0
AluYi6_chr14_43620606	AluYi6	chr14	43620606	43620916	+	chr14	37811490	37811800	+	311	1	308	311	10	0
AluYi6_chr15_37498359	AluYi6	chr15	37498359	37498670	+	chr15	35303578	35303889	+	312	1	310	311	10	0
AluYi6_chr16_89989696	AluYi6	chr16	89989696	89989999	-	chr16	96075986	96076289	-	304	1	302	311	10	0
AluYi6_chr17_4076134	AluYi6	chr17	4076134	4076432	-	chr17	3965368	3965679	-	299	1	297	311	10	0
AluYi6_chr18_31785150	AluYi6	chr18	31785150	31785451	+	chr18	31975655	31975956	+	302	1	301	311	10	0
AluYi6_chr18_59590963	AluYi6	chr18	59590963	59591275	+	chr18	59793634	59793946	+	313	1	311	311	10	14
AluYi6_chr18_76748319	AluYi6	chr18	76748319	76748631	+	chr18	76976754	76977065	+	313	1	310	311	10	0
AluYi6_chr19_37584681	AluYi6	chr19	37584681	37584980	+	chr19	40386443	40386742	+	300	1	298	311	10	0
AluYi6_chr2_39263273	AluYi6	chr2	39263273	39263578	-	chr2	39272095	39272402	-	306	1	299	311	10	0
AluYi6_chr2_54789232	AluYi6	chr2	54789232	54789543	+	chr2	54783241	54783554	+	312	1	311	311	10	11
AluYi6_chr20_25359140	AluYi6	chr20	25359140	25359445	+	chr20	25424243	25424548	+	306	1	303	311	10	0
AluYi6_chr3_40130376	AluYi6	chr3	40130376	40130679	-	chr3	40144301	40144604	-	304	1	301	311	10	0
AluYi6_chr3_121792378	AluYi6	chr3	121792378	121792683	+	chr3	124512358	124512662	+	306	1	303	311	10	0
AluYi6_chr3_127177680	AluYi6	chr3	127177680	127177980	-	chr3	129910167	129910469	-	301	1	300	311	10	0
AluYi6_chr3_176726884	AluYi6	chr3	176726884	176727180	-	chr3	179529476	179529772	-	297	1	296	311	10	0
AluYi6_chr4_148862963	AluYi6	chr4	148862963	148863271	+	chr4	152187003	152187311	+	309	1	307	311	10	0
AluYi6_chr5_96282848	AluYi6	chr5	96282848	96283153	+	chr5	96783840	96784145	+	306	1	305	311	10	0
AluYi6_chr6_116429667	AluYi6	chr6	116429667	116429974	+	.	-1	-1	.	308	1	304	311	10	0
AluYi6_chr8_133726644	AluYi6	chr8	133726644	133726948	+	chr8	134850662	134850966	+	305	1	303	311	10	0
AluYi6_chr9_66312399	AluYi6	chr9	66312399	66312710	+	chr9	78082016	78082326	+	312	1	309	311	10	0
AluYi6_chrX_43591337	AluYi6	chrX	43591337	43591647	+	chrX	42997494	42997813	+	311	1	310	311	10	0
AluYi6_chrX_87505936	AluYi6	chrX	87505936	87506245	-	chrX	85932926	85933235	-	310	1	309	311	10	0
AluYi6_chr12_46032823	AluYi6	chr12	46032823	46033130	-	chr12	45992366	45992675	-	308	1	311	311	11	0
AluYi6_chr13_98309154	AluYi6	chr13	98309154	98309468	-	chr13	97516831	97517146	-	315	1	311	311	11	0
AluYi6_chr15_47314845	AluYi6	chr15	47314845	47315165	-	chr15	45122857	45123159	-	321	1	311	311	11	0
AluYi6_chr2_60016014	AluYi6	chr2	60016014	60016327	-	chr2	60021648	60021976	-	314	1	311	311	11	0
AluYi6_chr10_67765095	AluYi6	chr10	67765095	67765398	+	chr10	68633547	68633850	+	304	1	303	311	13	0
AluYi6_chr10_69163762	AluYi6	chr10	69163762	69164066	-	chr10	70032109	70032413	-	305	1	303	311	13	0
AluYi6_chr12_21680173	AluYi6	chr12	21680173	21680473	+	chr12	21558845	21559145	+	301	1	298	311	13	0
AluYi6_chr12_46978815	AluYi6	chr12	46978815	46979126	+	chr12	46939054	46939363	+	312	2	307	311	13	0
AluYi6_chr14_63771067	AluYi6	chr14	63771067	63771369	-	chr14	57978442	57978744	-	303	1	302	311	13	0
AluYi6_chr14_64240863	AluYi6	chr14	64240863	64241170	+	chr14	58448578	58448885	+	308	1	306	311	13	0
AluYi6_chr18_42628126	AluYi6	chr18	42628126	42628425	-	chr18	42819941	42820240	-	300	1	299	311	13	0
AluYi6_chr2_167871876	AluYi6	chr2	167871876	167872201	-	chr2	168329718	168330043	-	326	1	311	311	13	0
AluYi6_chr2_206864483	AluYi6	chr2	206864483	206864783	+	chr2	207346598	207346905	+	301	2	301	311	13	0
AluYi6_chr2_226577745	AluYi6	chr2	226577745	226578048	+	chr2	227059349	227059652	+	304	1	303	311	13	0
AluYi6_chr3_36493869	AluYi6	chr3	36493869	36494178	+	chr3	36495080	36495389	+	310	1	308	311	13	0
AluYi6_chr3_120327244	AluYi6	chr3	120327244	120327553	-	chr3	123046782	123047090	-	310	1	307	311	13	0
AluYi6_chr4_43596416	AluYi6	chr4	43596416	43596730	+	chr4	43564097	43564416	+	315	1	311	311	13	4
AluYi6_chr4_62572431	AluYi6	chr4	62572431	62572728	+	chr4	66009998	66010295	+	298	1	297	311	13	0
AluYi6_chr4_73441285	AluYi6	chr4	73441285	73441586	+	chr4	76785005	76785309	+	302	1	300	311	13	0
AluYi6_chr4_172568475	AluYi6	chr4	172568475	172568779	+	chr4	175907957	175908261	+	305	1	303	311	13	0
AluYi6_chr5_22806349	AluYi6	chr5	22806349	22806653	-	chr5	22914026	22914330	-	305	1	303	311	13	0
AluYi6_chr5_90101679	AluYi6	chr5	90101679	90101979	+	chr5	90582132	90582432	+	301	1	300	311	13	0
AluYi6_chr5_93351500	AluYi6	chr5	93351500	93351803	+	chr5	93835556	93835859	+	304	1	301	311	13	0
AluYi6_chr6_84552109	AluYi6	chr6	84552109	84552419	-	chr6	85775409	85775729	-	311	1	308	311	13	0
AluYi6_chr6_123442277	AluYi6	chr6	123442277	123442575	+	chr6	124630064	124630364	+	299	16	311	311	13	0
AluYi6_chr7_111421260	AluYi6	chr7	111421260	111421569	-	chr7	112739567	112739877	-	310	1	309	311	13	0
AluYi6_chr8_588088	AluYi6	chr8	588088	588398	+	chr8	385168	385497	+	311	1	309	311	13	0
AluYi6_chr8_75176359	AluYi6	chr8	75176359	75176674	+	chr8	75605871	75606186	+	316	1	311	311	13	2
AluYi6_chrY_19861316	AluYi6	chrY	19861316	19861617	-	chrY	20767865	20768166	-	302	1	301	311	13	0
AluYi6_chr1_81177016	AluYi6	chr1	81177016	81177329	-	chr1	81014931	81015244	-	314	1	311	311	14	0
AluYi6_chr1_106992481	AluYi6	chr1	106992481	106992764	+	chr1	107029939	107030223	+	284	1	310	311	14	0
AluYi6_chr11_39217092	AluYi6	chr11	39217092	39217401	-	chr11	39363730	39364040	-	310	1	311	311	14	0
AluYi6_chr11_49002459	AluYi6	chr11	49002459	49002789	-	chr11	49179607	49179934	-	331	1	311	311	14	0
AluYi6_chr15_49040528	AluYi6	chr15	49040528	49040837	-	chr15	46848771	46849080	-	310	1	311	311	14	0
AluYi6_chr2_220140373	AluYi6	chr2	220140373	220140668	-	chr2	220625336	220625631	-	296	1	295	311	14	0
AluYi6_chr21_25026064	AluYi6	chr21	25026064	25026383	-	chr21	23383834	23384157	-	320	1	311	311	14	0
AluYi6_chr9_40063950	AluYi6	chr9	40063950	40064258	-	chr9	40078249	40078557	-	309	1	311	311	14	0
AluYi6_chr9_94789878	AluYi6	chr9	94789878	94790174	-	chr9	106959217	106959514	-	297	1	295	311	14	0
AluYi6_chr1_28858101	AluYi6	chr1	28858101	28858413	-	chr1	28700066	28700379	-	313	1	311	311	16	1
AluYi6_chr10_68714189	AluYi6	chr10	68714189	68714500	+	chr10	69583403	69583716	+	312	1	310	311	16	0
AluYi6_chr11_39958815	AluYi6	chr11	39958815	39959129	+	chr11	40105333	40105647	+	315	1	311	311	16	2
AluYi6_chr16_53791792	AluYi6	chr16	53791792	53792105	+	chr16	59589557	59589869	+	314	1	311	311	16	3
AluYi6_chr16_80237801	AluYi6	chr16	80237801	80238106	-	chr16	86299128	86299433	-	306	1	304	311	16	0
AluYi6_chr17_46099042	AluYi6	chr17	46099042	46099353	+	chr17	46960669	46960980	+	312	1	311	311	16	0
AluYi6_chr2_188915752	AluYi6	chr2	188915752	188916061	+	chr2	189404661	189404970	+	310	1	307	311	16	0
AluYi6_chr3_114137710	AluYi6	chr3	114137710	114138019	+	chr3	116858702	116859012	+	310	1	303	311	16	0
AluYi6_chr4_63727919	AluYi6	chr4	63727919	63728227	-	chr4	67164912	67165222	-	309	1	307	311	16	0
AluYi6_chr5_161331884	AluYi6	chr5	161331884	161332189	+	chr5	161860700	161861005	+	306	1	305	311	16	0
AluYi6_chr8_85180575	AluYi6	chr8	85180575	85180878	-	chr8	85619155	85619458	-	304	1	302	311	16	0
AluYi6_chr8_129943594	AluYi6	chr8	129943594	129943898	-	chr8	131069938	131070241	-	305	1	304	311	16	1
AluYi6_chr9_41401246	AluYi6	chr9	41401246	41401555	+	chr9	41893073	41893380	-	310	1	307	311	16	0
AluYi6_chr9_94277650	AluYi6	chr9	94277650	94277955	+	chr9	106445653	106445957	+	306	1	305	311	16	0
AluYi6_chr1_115116172	AluYi6	chr1	115116172	115116470	+	chr1	115127635	115127938	+	299	1	297	311	17	0
AluYi6_chr1_170166126	AluYi6	chr1	170166126	170166440	-	chr1	169522024	169522341	-	315	1	311	311	17	0
AluYi6_chr16_68704005	AluYi6	chr16	68704005	68704301	+	chr16	74500220	74500516	+	297	1	296	311	17	0
AluYi6_chr3_141013231	AluYi6	chr3	141013231	141013527	+	chr3	143760773	143761069	+	297	1	296	311	17	0
AluYi6_chr5_141117270	AluYi6	chr5	141117270	141117568	+	chr5	141642588	141642886	+	299	1	298	311	17	0
AluYi6_chr7_23327279	AluYi6	chr7	23327279	23327580	-	chr7	23463708	23464009	-	302	1	301	311	17	0
AluYi6_chr10_86985899	AluYi6	chr10	86985899	86986210	-	chr10	87869584	87869895	-	312	1	311	311	18	0
AluYi6_chr15_55017217	AluYi6	chr15	55017217	55017524	-	chr15	52820779	52821086	-	308	1	311	311	18	0
AluYi6_chr22_10673620	AluYi6	chr22	10673620	10673927	-	.	-1	-1	.	308	1	311	311	18	0
AluYi6_chr3_128125006	AluYi6	chr3	128125006	128125314	-	chr3	130859569	130859877	-	309	1	311	311	18	0
AluYi6_chr5_84117021	AluYi6	chr5	84117021	84117329	-	chr5	84605573	84605881	-	309	1	311	311	18	0
AluYi6_chrY_19938814	AluYi6	chrY	19938814	19939143	+	chrY	20845356	20845685	+	330	1	308	311	18	0
AluYi6_chr1_75306725	AluYi6	chr1	75306725	75307037	-	chr1	75149081	75149393	-	313	1	309	311	19	0
AluYi6_chr13_42180995	AluYi6	chr13	42180995	42181303	+	chr13	41400580	41400890	+	309	1	308	311	19	0
AluYi6_chr13_44633931	AluYi6	chr13	44633931	44634243	+	chr13	43853709	43854021	+	313	1	309	311	19	0
AluYi6_chr17_59337181	AluYi6	chr17	59337181	59337488	-	chr17	60205322	60205630	-	308	1	306	311	19	0
AluYi6_chr2_77864795	AluYi6	chr2	77864795	77865105	+	chr2	77869826	77870137	+	311	1	307	311	19	0
AluYi6_chr3_20689357	AluYi6	chr3	20689357	20689667	-	chr3	20697967	20698277	-	311	1	309	311	19	0
AluYi6_chr3_142600918	AluYi6	chr3	142600918	142601224	-	chr3	145348169	145348475	-	307	1	305	311	19	1
AluYi6_chr4_30226378	AluYi6	chr4	30226378	30226689	+	chr4	30212765	30213076	+	312	1	310	311	19	0
AluYi6_chr6_56836569	AluYi6	chr6	56836569	56836880	+	chr6	56677854	56678167	+	312	1	311	311	19	0
AluYi6_chr8_41679555	AluYi6	chr8	41679555	41679863	-	chr8	41953159	41953469	-	309	1	307	311	19	0
AluYi6_chr8_83381396	AluYi6	chr8	83381396	83381707	+	chr8	83813094	83813405	+	312	1	311	311	19	21
AluYi6_chr9_108872523	AluYi6	chr9	108872523	108872834	+	chr9	121041650	121041963	+	312	1	311	311	19	5
AluYi6_chr1_71388936	AluYi6	chr1	71388936	71389238	+	chr1	71266687	71266973	+	303	1	301	311	20	0
AluYi6_chr1_146001028	AluYi6	chr1	146001028	146001329	+	chr1	145117876	145118177	+	302	1	300	311	20	0
AluYi6_chr11_85195524	AluYi6	chr11	85195524	85195825	-	chr11	85132124	85132425	-	302	1	299	311	20	0
AluYi6_chr11_88449013	AluYi6	chr11	88449013	88449310	-	chr11	88368048	88368345	-	298	1	297	311	20	0
AluYi6_chr12_49452876	AluYi6	chr12	49452876	49453181	+	chr12	49415097	49415405	+	306	1	302	311	20	0
AluYi6_chr12_52134105	AluYi6	chr12	52134105	52134409	-	chr12	52097698	52098003	-	305	1	304	311	20	0
AluYi6_chr2_155114524	AluYi6	chr2	155114524	155114827	+	chr2	155567563	155567867	+	304	1	297	311	20	0
AluYi6_chr4_188479104	AluYi6	chr4	188479104	188479409	-	chr4	191825977	191826281	-	306	1	303	311	20	0
AluYi6_chr5_141660211	AluYi6	chr5	141660211	141660513	+	chr5	142186240	142186542	+	303	1	301	311	20	0
AluYi6_chr5_177701912	AluYi6	chr5	177701912	177702207	-	chr5	178245384	178245678	-	296	1	295	311	20	0
AluYi6_chr8_60907156	AluYi6	chr8	60907156	60907455	-	chr8	61330929	61331230	-	300	1	299	311	20	0
AluYi6_chrX_8227596	AluYi6	chrX	8227596	8227896	-	chrX	7792358	7792657	-	301	1	300	311	20	0
AluYi6_chr11_34951050	AluYi6	chr11	34951050	34951358	-	chr11	35089020	35089328	-	309	1	311	311	21	0
AluYi6_chr2_16575574	AluYi6	chr2	16575574	16575862	+	chr2	16607275	16607563	+	289	1	288	311	21	0
AluYi6_chr8_56103527	AluYi6	chr8	56103527	56103837	-	chr8	56480522	56480823	-	311	1	311	311	21	0
AluYi6_chr5_22384243	AluYi6	chr5	22384243	22384555	+	chr5	22491831	22492143	+	313	1	311	311	22	2
AluYi6_chr5_86096724	AluYi6	chr5	86096724	86097034	+	chr5	86579732	86580045	+	311	1	304	311	22	0
AluYi6_4d_chr8_109591507	AluYi6_4d	chr8	109591507	109591811	-	chr8	110720092	110720397	-	305	1	304	311	0	0
AluYi6_4d_chr10_17934989	AluYi6_4d	chr10	17934989	17935292	+	chr10	17954324	17954627	+	304	1	303	311	3	0
AluYi6_4d_chr13_72595224	AluYi6_4d	chr13	72595224	72595546	-	chr13	71816529	71816853	-	323	1	311	311	3	0
AluYi6_4d_chr20_15234013	AluYi6_4d	chr20	15234013	15234331	-	chr20	15284266	15284584	-	319	1	311	311	3	0
AluYi6_4d_chr20_35926231	AluYi6_4d	chr20	35926231	35926538	-	chr20	37647224	37647531	-	308	1	311	311	3	0
AluYi6_4d_chrX_18009763	AluYi6_4d	chrX	18009763	18010059	+	chrX	17592376	17592672	+	297	1	296	311	3	0
AluYi6_4d_chr14_35148912	AluYi6_4d	chr14	35148912	35149218	-	chr14	29336409	29336717	-	307	1	311	311	7	0
AluYi6_4d_chr16_52646027	AluYi6_4d	chr16	52646027	52646327	+	chr16	58443913	58444213	+	301	1	300	311	7	0
AluYi6_4d_chr3_135484125	AluYi6_4d	chr3	135484125	135484419	+	chr3	138229929	138230223	+	295	1	294	311	7	0
AluYi6_4d_chr5_22416061	AluYi6_4d	chr5	22416061	22416374	-	chr5	22523639	22523952	-	314	1	311	311	7	0
AluYi6_4d_chr9_115347376	AluYi6_4d	chr9	115347376	115347708	-	.	-1	-1	.	333	1	311	311	7	0
AluYi6_4d_chr3_72913026	AluYi6_4d	chr3	72913026	72913337	-	chr3	72954904	72955215	-	312	1	311	311	10	1
AluYi6_4d_chr1_9675104	AluYi6_4d	chr1	9675104	9675413	+	chr1	9217878	9218187	+	310	1	309	311	13	0
AluYi6_4d_chr17_61558640	AluYi6_4d	chr17	61558640	61558943	+	chr17	62427506	62427809	+	304	1	304	311	13	0
AluYi6_4d_chr19_29717801	AluYi6_4d	chr19	29717801	29718127	-	chr19	32243541	32243867	-	327	1	311	311	13	0
AluYi6_4d_chr7_87207314	AluYi6_4d	chr7	87207314	87207619	+	.	-1	-1	.	306	1	305	311	13	0
AluYi6_4d_chr7_93261396	AluYi6_4d	chr7	93261396	93261703	+	chr7	94503452	94503759	+	308	1	307	311	13	0
AluYj4_chr6_67156167	AluYj4	chr6	67156167	67156474	-	chr6	68312424	68312731	-	308	1	311	311	0	0
AluYj4_chr7_55857583	AluYj4	chr7	55857583	55857886	-	chr7	56017821	56018124	-	304	1	311	311	0	0
AluYj4_chr10_50966116	AluYj4	chr10	50966116	50966399	-	chr10	51814706	51814989	-	284	1	284	311	3	31
AluYj4_chr1_45749488	AluYj4	chr1	45749488	45749819	-	chr1	45626677	45627008	-	332	1	311	311	4	0
AluYj4_chr14_46964920	AluYj4	chr14	46964920	46965222	-	chr14	41163802	41164110	-	303	1	303	311	7	0
AluYj4_chr2_186616274	AluYj4	chr2	186616274	186616577	-	chr2	187105427	187105729	-	304	1	304	311	7	0
AluYj4_chr4_150029889	AluYj4	chr4	150029889	150030197	+	.	-1	-1	.	309	1	309	311	7	0
AluYj4_chr12_97074282	AluYj4	chr12	97074282	97074587	-	chr12	97047661	97047974	-	306	1	306	311	10	0
AluYj4_chr6_37327197	AluYj4	chr6	37327197	37327506	+	chr6	37150767	37151076	+	310	1	310	311	10	0
AluYj4_chr9_15569534	AluYj4	chr9	15569534	15569841	+	chr9	15581439	15581746	+	308	1	308	311	10	0
AluYj4_chr12_79716144	AluYj4	chr12	79716144	79716453	-	chr12	79694799	79695108	-	310	1	310	311	13	0
AluYj4_chr21_40380782	AluYj4	chr21	40380782	40381089	+	chr21	38769615	38769923	+	308	1	308	311	13	0
AluYj4_chr4_119323418	AluYj4	chr4	119323418	119323760	+	chr4	122628526	122628853	+	343	1	311	311	13	0
AluYj4_chr8_22240303	AluYj4	chr8	22240303	22240613	+	chr8	22514258	22514569	+	311	1	311	311	13	3
AluYj4_chr8_67815099	AluYj4	chr8	67815099	67815407	+	chr8	68241530	68241838	+	309	1	309	311	13	0
AluYj4_chr9_81310961	AluYj4	chr9	81310961	81311270	-	chr9	93463282	93463591	-	310	1	311	311	14	0
AluYj4_chr9_118385696	AluYj4	chr9	118385696	118386013	-	chr9	130579568	130579887	-	318	1	311	311	14	0
AluYj4_chr1_116831159	AluYj4	chr1	116831159	116831471	+	chr1	116841602	116841914	+	313	1	311	311	19	6
AluYj4_chr4_159758790	AluYj4	chr4	159758790	159759099	+	chr4	163109583	163109891	+	310	1	310	311	19	0
AluYj4_chr22_40974740	AluYj4	chr22	40974740	40975040	+	chr22	41446937	41447237	+	301	1	301	311	20	0
AluYj4_chr2_166975644	AluYj4	chr2	166975644	166975960	+	chr2	167433600	167433916	+	317	1	311	311	28	1
AluYk11_chr12_90841838	AluYk11	chr12	90841838	90842141	+	chr12	90819290	90819593	+	304	1	304	311	3	0
AluYk11_chr21_39509947	AluYk11	chr21	39509947	39510241	-	chr21	37894577	37894871	-	295	1	295	311	3	0
AluYk11_chr4_17201139	AluYk11	chr4	17201139	17201443	-	.	-1	-1	.	305	1	301	311	3	0
AluYk11_chr8_96085861	AluYk11	chr8	96085861	96086200	+	.	-1	-1	.	340	1	311	311	3	1
AluYk11_chr3_112748553	AluYk11	chr3	112748553	112748865	-	.	-1	-1	.	313	1	311	311	4	0
AluYk11_chr3_193237749	AluYk11	chr3	193237749	193238055	-	chr3	195933132	195933438	-	307	1	311	311	4	0
AluYk11_chr7_141414076	AluYk11	chr7	141414076	141414383	-	chr7	142729810	142730117	-	308	1	311	311	4	0
AluYk11_chrX_113900710	AluYk11	chrX	113900710	113901018	-	chrX	112353023	112353331	-	309	1	311	311	4	0
AluYk11_chr11_27775656	AluYk11	chr11	27775656	27775966	+	chr11	27916079	27916389	+	311	1	311	311	6	1
AluYk11_chr1_64710898	AluYk11	chr1	64710898	64711197	-	chr1	64588987	64589299	-	300	1	300	311	7	0
AluYk11_chr12_94742144	AluYk11	chr12	94742144	94742445	-	chr12	94723016	94723317	-	302	1	302	311	7	0
AluYk11_chr2_187351004	AluYk11	chr2	187351004	187351304	+	.	-1	-1	.	301	1	301	311	7	0
AluYk11_chr3_171470365	AluYk11	chr3	171470365	171470686	-	chr3	174254640	174254961	-	322	1	311	311	7	0
AluYk11_chr5_134405103	AluYk11	chr5	134405103	134405404	-	chr5	134928920	134929221	-	302	1	302	311	7	0
AluYk11_chr8_95207384	AluYk11	chr8	95207384	95207677	+	chr8	96332624	96332917	+	294	1	294	311	7	0
AluYk11_chr1_182954234	AluYk11	chr1	182954234	182954536	+	chr1	182313408	182313710	+	303	1	303	311	10	0
AluYk11_chr10_127804229	AluYk11	chr10	127804229	127804533	+	chr10	128702757	128703061	+	305	1	305	311	10	0
AluYk11_chr11_90055954	AluYk11	chr11	90055954	90056259	-	chr11	89976032	89976337	-	306	1	304	311	10	0
AluYk11_chr12_5583372	AluYk11	chr12	5583372	5583681	+	chr12	5590242	5590549	+	310	1	310	311	10	0
AluYk11_chr12_68847449	AluYk11	chr12	68847449	68847752	-	chr12	68827028	68827332	-	304	1	304	311	10	0
AluYk11_chr13_83335538	AluYk11	chr13	83335538	83335839	-	chr13	82568687	82568988	-	302	1	302	311	10	0
AluYk11_chr2_101255214	AluYk11	chr2	101255214	101255507	+	chr2	101713917	101714210	+	294	1	294	311	10	0
AluYk11_chr4_86304384	AluYk11	chr4	86304384	86304691	-	chr4	89633863	89634170	-	308	1	308	311	10	0
AluYk11_chr4_119548045	AluYk11	chr4	119548045	119548347	-	chr4	122853162	122853464	-	303	1	303	311	10	0
AluYk11_chr5_22287443	AluYk11	chr5	22287443	22287741	+	chr5	22395034	22395331	+	299	1	300	311	10	0
AluYk11_chr5_96400806	AluYk11	chr5	96400806	96401115	+	chr5	96901791	96902099	+	310	1	310	311	10	0
AluYk11_chr8_39928452	AluYk11	chr8	39928452	39928749	+	chr8	40205286	40205584	+	298	1	298	311	10	0
AluYk11_chr2_64005090	AluYk11	chr2	64005090	64005402	-	chr2	64012691	64013000	-	313	1	311	311	11	0
AluYk11_chr2_178699384	AluYk11	chr2	178699384	178699710	-	chr2	179182181	179182511	-	327	1	311	311	11	0
AluYk11_chr22_31146225	AluYk11	chr22	31146225	31146533	-	chr22	31609720	31610028	-	309	1	311	311	11	0
AluYk11_chr3_82216167	AluYk11	chr3	82216167	82216472	-	chr3	82269288	82269593	-	306	1	311	311	11	0
AluYk11_chr4_54774078	AluYk11	chr4	54774078	54774390	-	chr4	58262766	58263077	-	313	1	311	311	11	0
AluYk11_chr5_43033009	AluYk11	chr5	43033009	43033315	-	chr5	43285871	43286177	-	307	1	311	311	11	0
AluYk11_chr1_45741619	AluYk11	chr1	45741619	45741927	-	chr1	45618806	45619114	-	309	1	309	311	13	0
AluYk11_chr10_91809385	AluYk11	chr10	91809385	91809682	+	chr10	92692646	92692943	+	298	1	298	311	13	0
AluYk11_chr20_23799962	AluYk11	chr20	23799962	23800270	+	chr20	23859643	23859947	+	309	1	309	311	13	0
AluYk11_chr4_40922972	AluYk11	chr4	40922972	40923277	-	chr4	40896870	40897175	-	306	1	302	311	13	0
AluYk11_chr4_146233065	AluYk11	chr4	146233065	146233363	-	chr4	149549042	149549342	-	299	10	308	311	13	0
AluYk11_chr4_177551414	AluYk11	chr4	177551414	177551722	+	chr4	180890063	180890369	+	309	1	309	311	13	0
AluYk11_chr8_42608074	AluYk11	chr8	42608074	42608382	+	chr8	42876117	42876425	+	309	1	309	311	13	0
AluYk11_chr10_187353	AluYk11	chr10	187353	187649	+	chr10	180285	180579	+	297	1	297	311	14	0
AluYk11_chr3_38736964	AluYk11	chr3	38736964	38737269	-	chr3	38749181	38749487	-	306	1	311	311	14	0
AluYk11_chr5_88323399	AluYk11	chr5	88323399	88323694	+	chr5	88804473	88804768	+	296	1	296	311	14	0
AluYk11_chr10_95001266	AluYk11	chr10	95001266	95001569	+	chr10	95880398	95880701	+	304	1	304	311	16	0
AluYk11_chr10_121068193	AluYk11	chr10	121068193	121068502	+	chr10	121964419	121964728	+	310	1	310	311	16	0
AluYk11_chr2_33548080	AluYk11	chr2	33548080	33548386	+	chr2	33594240	33594544	+	307	1	307	311	16	0
AluYk11_chr5_159648223	AluYk11	chr5	159648223	159648525	+	chr5	160176648	160176951	+	303	1	303	311	16	0
AluYk11_chr9_108385697	AluYk11	chr9	108385697	108386004	+	chr9	120554627	120554934	+	308	1	308	311	16	0
AluYk11_chr14_104539186	AluYk11	chr14	104539186	104539486	-	chr14	98781963	98782263	-	301	1	301	311	17	0
AluYk11_chr11_101163579	AluYk11	chr11	101163579	101163897	-	chr11	101173088	101173406	-	319	1	311	311	18	0
AluYk11_chr5_12151426	AluYk11	chr5	12151426	12151733	-	chr5	12088919	12089226	-	308	1	311	311	18	0
AluYk11_chr14_42291889	AluYk11	chr14	42291889	42292201	+	chr14	36482618	36482930	+	313	1	311	311	19	2
AluYk11_chr2_57149710	AluYk11	chr2	57149710	57150018	+	chr2	57146749	57147057	+	309	1	309	311	19	0
AluYk11_chr21_39903587	AluYk11	chr21	39903587	39903896	+	chr21	38287741	38288052	+	310	1	310	311	19	0
AluYk11_chr6_85381251	AluYk11	chr6	85381251	85381572	+	chr6	86598370	86598690	+	322	1	311	311	19	1
AluYk11_chr9_72213522	AluYk11	chr9	72213522	72213831	+	chr9	84364350	84364652	+	310	1	310	311	19	0
AluYk11_chr1_155578508	AluYk11	chr1	155578508	155578809	-	chr1	154717065	154717366	-	302	1	302	311	20	0
AluYk11_chr1_173718823	AluYk11	chr1	173718823	173719121	+	chr1	173076981	173077291	+	299	1	298	311	20	0
AluYk11_chr15_36410361	AluYk11	chr15	36410361	36410665	+	chr15	34215900	34216204	+	305	1	304	311	20	0
AluYk11_chr15_75935793	AluYk11	chr15	75935793	75936086	-	chr15	73806538	73806831	-	294	1	294	311	20	0
AluYk11_chr5_58378197	AluYk11	chr5	58378197	58378499	-	chr5	59196588	59196890	-	303	1	303	311	20	0
AluYk11_chr6_96243583	AluYk11	chr6	96243583	96243885	-	chr6	97415768	97416071	-	303	1	303	311	20	0
AluYk11_chr7_109457736	AluYk11	chr7	109457736	109458036	+	chr7	110782599	110782899	+	301	1	301	311	20	0
AluYk11_chr6_73760126	AluYk11	chr6	73760126	73760436	+	chr6	74937790	74938100	+	311	1	311	311	22	0
AluYk11_chr1_99833288	AluYk11	chr1	99833288	99833596	+	chr1	99681537	99681845	+	309	1	309	311	23	0
AluYk11_chr12_53444330	AluYk11	chr12	53444330	53444628	-	chr12	53410373	53410672	-	299	1	299	311	23	0
AluYk11_chr14_85432639	AluYk11	chr14	85432639	85432939	+	chr14	79646302	79646606	+	301	1	301	311	23	0
AluYk11_chr16_54892621	AluYk11	chr16	54892621	54892928	+	chr16	60690727	60691034	+	308	1	308	311	23	0
AluYk11_chr7_97816493	AluYk11	chr7	97816493	97816800	+	chr7	99046550	99046858	+	308	1	311	311	23	0
AluYk11_chr7_148409771	AluYk11	chr7	148409771	148410080	+	chr7	149591871	149592042	+	310	2	311	311	23	0
AluYk11_chr2_51703745	AluYk11	chr2	51703745	51704033	-	chr2	51700167	51700459	-	289	16	304	311	24	0
AluYk11_chr1_215130852	AluYk11	chr1	215130852	215131158	-	chr1	214370722	214371028	-	307	2	308	311	26	0
AluYk11_chr5_142618925	AluYk11	chr5	142618925	142619233	-	chr5	143150171	143150480	-	309	1	309	311	26	0
AluYk11_chr6_25126247	AluYk11	chr6	25126247	25126557	+	chr6	24991980	24992290	+	311	1	311	311	26	0
AluYk11_chr8_116306687	AluYk11	chr8	116306687	116306997	-	chr8	117434072	117434382	-	311	1	311	311	26	0
AluYk11_chr2_192405054	AluYk11	chr2	192405054	192405364	+	chr2	192893781	192894078	+	311	1	311	311	29	0
AluYk11_chr4_27704478	AluYk11	chr4	27704478	27704788	-	chr4	27689836	27690151	-	311	1	310	311	29	0
AluYk11_chr8_60430562	AluYk11	chr8	60430562	60430869	-	chr8	60854350	60854659	-	308	1	308	311	29	0
AluYk11_chr8_90546353	AluYk11	chr8	90546353	90546656	-	chr8	91669966	91670269	-	304	1	304	311	30	0
AluYk12_chr1_179675274	AluYk12	chr1	179675274	179675578	-	chr1	179030274	179030578	-	305	1	305	311	0	0
AluYk12_chr13_29973259	AluYk12	chr13	29973259	29973556	-	chr13	29195847	29196145	-	298	1	298	311	0	0
AluYk12_chr13_112578278	AluYk12	chr13	112578278	112578586	+	chr13	111825947	111826256	+	309	1	309	311	0	0
AluYk12_chr19_36886706	AluYk12	chr19	36886706	36887013	+	chr19	39562389	39562696	+	308	1	301	311	0	0
AluYk12_chr2_56622989	AluYk12	chr2	56622989	56623299	-	chr2	56619989	56620299	-	311	1	311	311	0	0
AluYk12_chr20_22674700	AluYk12	chr20	22674700	22675010	+	chr20	22733997	22734308	+	311	1	311	311	0	6
AluYk12_chr6_139657738	AluYk12	chr6	139657738	139658060	-	chr6	140841518	140841840	-	323	1	311	311	0	0
AluYk12_chr7_15241190	AluYk12	chr7	15241190	15241488	+	chr7	15373642	15373940	+	299	12	310	311	0	0
AluYk12_chr8_70435144	AluYk12	chr8	70435144	70435453	+	chr8	70865072	70865381	+	310	1	310	311	0	0
AluYk12_chr1_226701323	AluYk12	chr1	226701323	226701631	+	chr1	225889509	225889817	+	309	1	309	311	3	0
AluYk12_chr10_91490610	AluYk12	chr10	91490610	91490919	+	chr10	92373966	92374275	+	310	1	310	311	3	0
AluYk12_chr11_95287195	AluYk12	chr11	95287195	95287506	-	chr11	95294311	95294622	-	312	1	311	311	3	0
AluYk12_chr13_45983414	AluYk12	chr13	45983414	45983726	-	chr13	45204799	45205112	-	313	1	311	311	3	0
AluYk12_chr3_100587919	AluYk12	chr3	100587919	100588229	+	chr3	103293612	103293922	+	311	1	311	311	3	0
AluYk12_chr3_110355503	AluYk12	chr3	110355503	110355807	-	chr3	113075528	113075832	-	305	1	305	311	3	0
AluYk12_chr4_100467397	AluYk12	chr4	100467397	100467701	+	chr4	103782683	103782987	+	305	1	301	311	3	0
AluYk12_chr5_38852719	AluYk12	chr5	38852719	38853030	-	chr5	39102187	39102496	-	312	1	311	311	3	0
AluYk12_chr5_175697182	AluYk12	chr5	175697182	175697480	+	chr5	176240959	176241257	+	299	1	299	311	3	0
AluYk12_chr6_94471872	AluYk12	chr6	94471872	94472170	+	chr6	95687465	95687763	+	299	4	302	311	3	0
AluYk12_chr6_100086556	AluYk12	chr6	100086556	100086863	+	chr6	101260274	101260581	+	308	1	308	311	3	0
AluYk12_chr1_102860403	AluYk12	chr1	102860403	102860712	-	chr1	102709329	102709633	-	310	1	311	311	4	0
AluYk12_chr5_120021417	AluYk12	chr5	120021417	120021739	-	chr5	120541981	120542303	-	323	1	311	311	4	0
AluYk12_chr6_80230027	AluYk12	chr6	80230027	80230337	-	chr6	81438433	81438743	-	311	1	311	311	4	0
AluYk12_chr1_190646540	AluYk12	chr1	190646540	190646850	-	chr1	189992760	189993082	-	311	1	311	311	6	0
AluYk12_chr20_38955177	AluYk12	chr20	38955177	38955488	+	chr20	40685229	40685537	+	312	2	311	311	6	0
AluYk12_chr4_179313552	AluYk12	chr4	179313552	179313862	+	chr4	182655210	182655518	+	311	1	311	311	6	0
AluYk12_chrX_68515045	AluYk12	chrX	68515045	68515355	+	chrX	66948504	66948814	+	311	1	311	311	6	1
AluYk12_chr12_11105934	AluYk12	chr12	11105934	11106239	-	.	-1	-1	.	306	1	306	311	7	0
AluYk12_chr20_43910125	AluYk12	chr20	43910125	43910432	-	chr20	45643291	45643598	-	308	1	311	311	7	0
AluYk12_chr3_57631717	AluYk12	chr3	57631717	57632021	-	chr3	57672093	57672397	-	305	1	305	311	7	0
AluYk12_chr3_176824180	AluYk12	chr3	176824180	176824488	+	chr3	179626613	179626920	+	309	1	309	311	7	0
AluYk12_chr3_180292835	AluYk12	chr3	180292835	180293141	+	chr3	183095978	183096284	+	307	1	307	311	7	0
AluYk12_chr5_156132459	AluYk12	chr5	156132459	156132767	-	chr5	156651148	156651457	-	309	1	311	311	7	0
AluYk12_chr6_153576210	AluYk12	chr6	153576210	153576508	+	chr6	154778214	154778512	+	299	1	299	311	7	0
AluYk12_chr7_133581477	AluYk12	chr7	133581477	133581782	+	chr7	134902668	134902971	+	306	1	306	311	7	0
AluYk12_chr8_119811525	AluYk12	chr8	119811525	119811828	+	chr8	120940404	120940708	+	304	1	304	311	7	0
AluYk12_chr9_26633489	AluYk12	chr9	26633489	26633796	-	chr9	26644119	26644426	-	308	1	311	311	7	0
AluYk12_chr1_80013628	AluYk12	chr1	80013628	80013936	+	chr1	79851064	79851372	+	309	1	309	311	10	0
AluYk12_chr1_214449006	AluYk12	chr1	214449006	214449305	-	chr1	213688561	213688860	-	300	1	300	311	10	0
AluYk12_chr12_97854004	AluYk12	chr12	97854004	97854314	-	chr12	97827186	97827498	-	311	1	311	311	10	3
AluYk12_chr15_43452913	AluYk12	chr15	43452913	43453218	+	chr15	41260247	41260552	+	306	1	306	311	10	0
AluYk12_chr15_45099006	AluYk12	chr15	45099006	45099309	-	chr15	42907022	42907325	-	304	1	304	311	10	0
AluYk12_chr17_67631348	AluYk12	chr17	67631348	67631658	+	chr17	68506925	68507248	+	311	1	311	311	10	0
AluYk12_chr17_82471512	AluYk12	chr17	82471512	82471807	+	chr17	83340435	83340730	+	296	2	297	311	10	0
AluYk12_chr18_29952437	AluYk12	chr18	29952437	29952738	-	chr18	30141770	30142073	-	302	1	302	311	10	0
AluYk12_chr19_14707542	AluYk12	chr19	14707542	14707850	-	chr19	14833848	14834156	-	309	1	309	311	10	0
AluYk12_chr2_170135514	AluYk12	chr2	170135514	170135811	-	.	-1	-1	.	298	1	298	311	10	0
AluYk12_chr2_220874877	AluYk12	chr2	220874877	220875183	+	chr2	221359977	221360285	+	307	1	307	311	10	0
AluYk12_chr7_27283031	AluYk12	chr7	27283031	27283334	+	chr7	27419389	27419692	+	304	2	305	311	10	0
AluYk12_chr8_21150143	AluYk12	chr8	21150143	21150447	+	chr8	21419584	21419888	+	305	1	305	311	10	0
AluYk12_chr9_126242771	AluYk12	chr9	126242771	126243075	-	chr9	138448575	138448878	-	305	1	305	311	10	0
AluYk12_chrX_117320399	AluYk12	chrX	117320399	117320706	+	chrX	115696900	115697207	+	308	1	308	311	10	0
AluYk12_chr21_18751574	AluYk12	chr21	18751574	18751879	-	chr21	17111185	17111490	-	306	1	311	311	11	0
AluYk12_chr3_12984816	AluYk12	chr3	12984816	12985123	-	chr3	12986337	12986644	-	308	1	311	311	11	0
AluYk12_chr8_17042932	AluYk12	chr8	17042932	17043238	-	chr8	17310825	17311131	-	307	1	311	311	11	0
AluYk12_chr12_27501135	AluYk12	chr12	27501135	27501445	+	chr12	27372809	27373116	+	311	1	311	311	13	0
AluYk12_chr12_31968446	AluYk12	chr12	31968446	31968747	-	chr12	31844429	31844728	-	302	1	302	311	13	0
AluYk12_chr12_80190506	AluYk12	chr12	80190506	80190816	+	chr12	80169113	80169423	+	311	1	311	311	13	0
AluYk12_chr12_127553440	AluYk12	chr12	127553440	127553750	-	.	-1	-1	.	311	1	311	311	13	0
AluYk12_chr16_70503596	AluYk12	chr16	70503596	70503893	-	chr16	76314772	76315069	-	298	1	298	311	13	0
AluYk12_chr6_105682221	AluYk12	chr6	105682221	105682530	+	chr6	106857998	106858307	+	310	2	311	311	13	0
AluYk12_chr7_120959631	AluYk12	chr7	120959631	120959944	-	chr7	122274978	122275291	-	314	1	311	311	14	0
AluYk12_chr16_64800788	AluYk12	chr16	64800788	64801098	-	chr16	70589332	70589640	-	311	1	311	311	16	1
AluYk12_chr1_66742461	AluYk12	chr1	66742461	66742768	-	chr1	66619990	66620295	-	308	1	311	311	18	0
AluYk12_chr10_118219693	AluYk12	chr10	118219693	118219999	+	chr10	119114534	119114840	+	307	1	305	311	19	0
AluYk12_chr9_42405479	AluYk12	chr9	42405479	42405785	+	chr9	43958263	43958565	+	307	1	307	311	19	0
AluYk12_chr9_63675989	AluYk12	chr9	63675989	63676299	-	.	-1	-1	.	311	1	311	311	19	1
AluYk12_chr14_93459675	AluYk12	chr14	93459675	93459969	-	chr14	87686986	87687292	-	295	1	295	311	20	0
AluYk12_chr3_83327864	AluYk12	chr3	83327864	83328166	+	chr3	83384385	83384687	+	303	1	303	311	23	0
AluYk12_chr8_35178844	AluYk12	chr8	35178844	35179149	+	chr8	35454139	35454444	+	306	5	310	311	23	0
AluYk12_chr3_179760283	AluYk12	chr3	179760283	179760582	-	chr3	182563811	182564110	-	300	1	300	311	27	0
AluYk12_chr11_130468484	AluYk12	chr11	130468484	130468787	+	chr11	130504207	130504510	+	304	1	304	311	30	0
AluYk2_chrX_53837008	AluYk2	chrX	53837008	53837314	-	chrX	53126712	53127019	-	307	2	311	311	18	0
AluYk2_chr10_66912958	AluYk2	chr10	66912958	66913268	+	chr10	67776182	67776492	+	311	1	311	311	22	3
AluYk2_chr20_17294094	AluYk2	chr20	17294094	17294405	-	chr20	17344828	17345140	-	312	1	310	311	22	0
AluYk2_chr14_54678551	AluYk2	chr14	54678551	54678847	-	chr14	48883726	48884022	-	297	1	297	311	24	0
AluYk2_chr3_50226615	AluYk2	chr3	50226615	50226899	-	chr3	50255953	50256237	-	285	14	298	311	25	0
AluYk2_chr10_73962837	AluYk2	chr10	73962837	73963138	-	chr10	74834223	74834523	-	302	2	303	311	26	0
AluYk2_chr15_93280685	AluYk2	chr15	93280685	93280987	+	chr15	91042595	91042897	+	303	1	311	311	26	1
AluYk2_chr22_41089403	AluYk2	chr22	41089403	41089698	-	chr22	41564313	41564609	-	296	1	296	311	27	0
AluYk2_chr7_81288583	AluYk2	chr7	81288583	81288877	-	chr7	82540697	82540991	-	295	3	299	311	27	0
AluYk2_chr11_8859327	AluYk2	chr11	8859327	8859607	-	chr11	8943474	8943754	-	281	1	280	311	29	0
AluYk2_chr20_35665313	AluYk2	chr20	35665313	35665619	+	chr20	37386288	37386594	+	307	1	306	311	29	0
AluYk2_chr10_104270016	AluYk2	chr10	104270016	104270312	-	chr10	105158153	105158449	-	297	1	297	311	30	0
AluYk2_chr12_42532616	AluYk2	chr12	42532616	42532911	+	chr12	42490420	42490716	+	296	1	298	311	30	0
AluYk2_chr13_99177263	AluYk2	chr13	99177263	99177567	-	chr13	98387414	98387715	-	305	1	309	311	30	0
AluYk2_chr15_88206377	AluYk2	chr15	88206377	88206681	+	chr15	85960999	85961303	+	305	1	305	311	30	0
AluYk2_chr2_111788857	AluYk2	chr2	111788857	111789151	+	chr2	112215180	112215474	+	295	1	295	311	30	0
AluYk2_chr3_101559673	AluYk2	chr3	101559673	101559972	+	chr3	104265899	104266198	+	300	1	301	311	30	0
AluYk2_chr6_495125	AluYk2	chr6	495125	495423	-	chr6	353208	353505	-	299	1	300	311	30	0
AluYk3_chr5_35321126	AluYk3	chr5	35321126	35321410	+	chr5	35568135	35568418	+	285	1	284	311	14	2
AluYk3_chr12_6705073	AluYk3	chr12	6705073	6705368	-	chr12	6715428	6715723	-	296	1	298	311	17	0
AluYk3_chr6_136402626	AluYk3	chr6	136402626	136402935	+	chr6	137590786	137591083	+	310	2	311	311	19	10
AluYk3_chr3_62017419	AluYk3	chr3	62017419	62017722	-	chr3	62060757	62061063	-	304	2	296	311	20	0
AluYk3_chr7_116866187	AluYk3	chr7	116866187	116866470	-	chr7	118181375	118181658	-	284	1	298	311	21	0
AluYk3_chr17_35803773	AluYk3	chr17	35803773	35804074	+	chr17	36751685	36751985	+	302	1	309	311	23	0
AluYk3_chr18_32555860	AluYk3	chr18	32555860	32556164	-	chr18	32746167	32746471	-	305	2	305	311	23	0
AluYk3_chr3_94925620	AluYk3	chr3	94925620	94925925	+	chr3	97624152	97624457	+	306	2	303	311	23	0
AluYk3_chr5_30864256	AluYk3	chr5	30864256	30864555	+	chr5	30978219	30978523	+	300	1	311	311	23	10
AluYk3_chr5_95535308	AluYk3	chr5	95535308	95535609	-	chr5	96036237	96036538	-	302	1	305	311	23	0
AluYk3_chr11_60309992	AluYk3	chr11	60309992	60310311	-	chr11	60261280	60261599	-	320	1	311	311	25	1
AluYk3_chr9_71625308	AluYk3	chr9	71625308	71625614	-	chr9	83775770	83776076	-	307	1	311	311	25	0
AluYk3_chr16_81182334	AluYk3	chr16	81182334	81182640	+	chr16	87243053	87243359	+	307	1	307	311	26	0
AluYk3_chr19_34047038	AluYk3	chr19	34047038	34047337	+	chr19	36567903	36568201	+	300	1	299	311	27	0
AluYk3_chrX_79130403	AluYk3	chrX	79130403	79130701	+	chrX	77567167	77567465	+	299	2	296	311	27	0
AluYk3_chr1_24839310	AluYk3	chr1	24839310	24839598	-	chr1	24674984	24675272	-	289	1	289	311	28	0
AluYk3_chr14_85689443	AluYk3	chr14	85689443	85689763	+	chr14	79903272	79903585	+	321	1	311	311	28	0
AluYk3_chr10_116289076	AluYk3	chr10	116289076	116289389	+	chr10	117183073	117183383	+	314	1	311	311	29	0
AluYk3_chr12_25120441	AluYk3	chr12	25120441	25120751	+	chr12	24991417	24991728	+	311	1	308	311	29	0
AluYk3_chr16_3402449	AluYk3	chr16	3402449	3402757	-	chr16	3429720	3430030	-	309	1	309	311	29	0
AluYk3_chr20_48216736	AluYk3	chr20	48216736	48217045	+	chr20	49985534	49985842	+	310	1	311	311	29	0
AluYk3_chr18_12889742	AluYk3	chr18	12889742	12890045	+	chr18	13052421	13052724	+	304	1	304	311	30	0
AluYk3_chr18_31828366	AluYk3	chr18	31828366	31828661	-	chr18	32018875	32019170	-	296	1	295	311	30	0
AluYk4_chr6_147329618	AluYk4	chr6	147329618	147329926	-	chr6	148522912	148523222	-	309	1	311	311	21	0
AluYk4_chr7_125342404	AluYk4	chr7	125342404	125342715	+	chr7	126659797	126660114	+	312	1	311	311	22	0
AluYk4_chrX_31005231	AluYk4	chrX	31005231	31005534	-	chrX	30603358	30603658	-	304	1	292	311	23	0
AluYk4_chr2_15856797	AluYk4	chr2	15856797	15857093	+	chr2	15888406	15888704	+	297	1	298	311	24	0
AluYk4_chr12_88379888	AluYk4	chr12	88379888	88380189	-	chr12	88361803	88362106	-	302	1	301	311	26	0
AluYk4_chr3_121159623	AluYk4	chr3	121159623	121159931	-	chr3	123879485	123879793	-	309	1	306	311	26	0
AluYk4_chr6_49622831	AluYk4	chr6	49622831	49623137	-	chr6	49464843	49465149	-	307	1	304	311	26	0
AluYk4_chr1_12226408	AluYk4	chr1	12226408	12226705	+	chr1	11770544	11770841	+	298	1	296	311	27	0
AluYk4_chr11_73251937	AluYk4	chr11	73251937	73252233	+	chr11	73181118	73181414	+	297	1	296	311	27	0
AluYk4_chr12_122652140	AluYk4	chr12	122652140	122652439	-	chr12	122647616	122647915	-	300	1	300	311	27	0
AluYk4_chr5_35796326	AluYk4	chr5	35796326	35796623	+	chr5	36044717	36045016	+	298	1	295	311	27	0
AluYk4_chr1_158207294	AluYk4	chr1	158207294	158207579	-	chr1	157344387	157344672	-	286	1	283	311	28	21
AluYk4_chr19_46830261	AluYk4	chr19	46830261	46830569	-	chr19	49656101	49656409	-	309	1	307	311	29	0
AluYk4_chr2_227936753	AluYk4	chr2	227936753	227937062	-	chr2	228419175	228419471	-	310	1	311	311	29	0
AluYk4_chr8_124814460	AluYk4	chr8	124814460	124814767	+	chr8	125947633	125947940	+	308	1	308	311	29	0
AluYk4_chr9_131124318	AluYk4	chr9	131124318	131124630	-	chr9	143332549	143332862	-	313	1	311	311	29	0
AluYk4_chrX_123812201	AluYk4	chrX	123812201	123812511	+	chrX	122122636	122122946	+	311	1	308	311	29	0
AluYk4_chr1_7758654	AluYk4	chr1	7758654	7758955	+	chr1	7289700	7290001	+	302	1	302	311	30	0
AluYk4_chr1_40863239	AluYk4	chr1	40863239	40863541	-	chr1	40732478	40732780	-	303	1	301	311	30	0
AluYk4_chr1_241850000	AluYk4	chr1	241850000	241850301	+	chr1	241262042	241262344	+	302	1	303	311	30	0
AluYk4_chr6_25919426	AluYk4	chr6	25919426	25919727	+	chr6	25785277	25785578	+	302	1	309	311	30	0
AluYk4_chr8_118287123	AluYk4	chr8	118287123	118287424	-	chr8	119415549	119415850	-	302	1	301	311	30	0
AluYm1_chr3_134760055	AluYm1	chr3	134760055	134760358	-	chr3	137505414	137505721	-	304	1	303	311	13	0
AluYm1_chr6_83282947	AluYm1	chr6	83282947	83283248	+	chr6	84506155	84506456	+	302	1	302	311	13	0
AluYm1_chr20_5003102	AluYm1	chr20	5003102	5003384	+	chr20	5042524	5042806	+	283	1	282	311	18	9
AluYm1_chr8_3197463	AluYm1	chr8	3197463	3197762	-	chr8	2951512	2951809	-	300	2	302	311	20	0
AluYm1_chr8_119848903	AluYm1	chr8	119848903	119849206	+	chr8	120977757	120978060	+	304	1	303	311	20	0
AluYm1_chr3_83734162	AluYm1	chr3	83734162	83734452	-	chr3	83790646	83790936	-	291	1	303	311	21	0
AluYm1_chr9_13851534	AluYm1	chr9	13851534	13851851	+	chr9	13861016	13861333	+	318	1	311	311	22	8
AluYm1_chr14_103278540	AluYm1	chr14	103278540	103278848	-	chr14	97514569	97514876	-	309	1	309	311	23	0
AluYm1_chr17_8732019	AluYm1	chr17	8732019	8732323	+	chr17	8638097	8638399	+	305	1	306	311	23	0
AluYm1_chr18_3657601	AluYm1	chr18	3657601	3657902	-	chr18	3818059	3818360	-	302	2	301	311	23	0
AluYm1_chr2_76746103	AluYm1	chr2	76746103	76746409	+	chr2	76751344	76751648	+	307	2	308	311	23	0
AluYm1_chr15_56482152	AluYm1	chr15	56482152	56482478	-	chr15	54284982	54285308	-	327	1	311	311	24	0
AluYm1_chr2_85732026	AluYm1	chr2	85732026	85732321	-	chr2	85733873	85734169	-	296	1	296	311	24	0
AluYm1_chr22_50341713	AluYm1	chr22	50341713	50342004	+	chr22	50849577	50849868	+	292	1	293	311	24	0
AluYm1_chr3_79365616	AluYm1	chr3	79365616	79365912	+	chr3	79420478	79420775	+	297	1	297	311	24	0
AluYm1_chr7_80551294	AluYm1	chr7	80551294	80551585	+	chr7	81802575	81802866	+	292	1	291	311	24	0
AluYm1_chr11_40628196	AluYm1	chr11	40628196	40628480	+	chr11	40775087	40775371	+	285	1	284	311	25	9
AluYm1_chr18_7136573	AluYm1	chr18	7136573	7136886	-	chr18	7297104	7297416	-	314	1	311	311	25	1
AluYm1_chr21_27342790	AluYm1	chr21	27342790	27343073	-	chr21	25701489	25701772	-	284	2	283	311	25	3
AluYm1_chr5_96491204	AluYm1	chr5	96491204	96491520	+	chr5	96992184	96992507	+	317	1	311	311	25	5
AluYm1_chr18_64913572	AluYm1	chr18	64913572	64913874	+	chr18	65119338	65119641	+	303	1	301	311	26	0
AluYm1_chr5_163737472	AluYm1	chr5	163737472	163737781	+	chr5	164272585	164272894	+	310	1	311	311	26	0
AluYm1_chr6_2889415	AluYm1	chr6	2889415	2889723	+	chr6	2755538	2755846	+	309	2	308	311	26	0
AluYm1_chr7_153718949	AluYm1	chr7	153718949	153719259	+	chr7	154893496	154893806	+	311	1	311	311	26	1
AluYm1_chr9_17637876	AluYm1	chr9	17637876	17638182	+	chr9	17650623	17650929	+	307	2	307	311	26	0
AluYm1_chrX_24984655	AluYm1	chrX	24984655	24984959	-	chrX	24568899	24569203	-	305	1	304	311	26	0
AluYm1_chrX_44696885	AluYm1	chrX	44696885	44697191	+	chrX	44103721	44104027	+	307	1	307	311	26	0
AluYm1_chr1_87890893	AluYm1	chr1	87890893	87891220	+	chr1	87734125	87734452	+	328	1	308	311	27	0
AluYm1_chr5_34521069	AluYm1	chr5	34521069	34521362	+	chr5	34768177	34768469	+	294	1	307	311	27	0
AluYm1_chr8_9173245	AluYm1	chr8	9173245	9173540	-	chr8	10570501	10570796	+	296	1	297	311	27	0
AluYm1_chr1_161501686	AluYm1	chr1	161501686	161501975	-	chr1	160764308	160764597	-	290	1	295	311	28	0
AluYm1_chr3_49355868	AluYm1	chr3	49355868	49356154	+	chr3	49385246	49385532	+	287	15	306	311	28	0
AluYm1_chr4_156818517	AluYm1	chr4	156818517	156818801	-	chr4	160164164	160164449	-	285	1	303	311	28	0
AluYm1_chr7_136065872	AluYm1	chr7	136065872	136066161	+	chr7	137373135	137373423	+	290	1	296	311	28	0
AluYm1_chr1_223884721	AluYm1	chr1	223884721	223885032	+	chr1	223074449	223074761	+	312	1	311	311	29	3
AluYm1_chr1_234986241	AluYm1	chr1	234986241	234986546	+	chr1	234376950	234377255	+	306	1	298	311	29	0
AluYm1_chr18_69190812	AluYm1	chr18	69190812	69191147	+	chr18	69407476	69407810	+	336	1	311	311	29	0
AluYm1_chr2_173767994	AluYm1	chr2	173767994	173768299	-	chr2	174254297	174254602	-	306	2	294	311	29	0
AluYm1_chr3_11665096	AluYm1	chr3	11665096	11665412	-	chr3	11660839	11661153	-	317	1	311	311	29	0
AluYm1_chr4_112625306	AluYm1	chr4	112625306	112625611	+	chr4	115933645	115933950	+	306	2	307	311	29	0
AluYm1_chr9_32927493	AluYm1	chr9	32927493	32927803	+	chr9	32944078	32944387	+	311	1	311	311	29	0
AluYm1_chr1_232939222	AluYm1	chr1	232939222	232939520	+	chr1	232325601	232325900	+	299	2	300	311	30	0
AluYm1_chr1_246645425	AluYm1	chr1	246645425	246645726	-	chr1	246068432	246068733	-	302	1	302	311	30	0
AluYm1_chr16_2300949	AluYm1	chr16	2300949	2301246	+	chr16	2323345	2323642	+	298	1	297	311	30	0
AluYm1_chr19_44940237	AluYm1	chr19	44940237	44940534	+	chr19	47764944	47765241	+	298	1	298	311	30	0
AluYm1_chr2_182403318	AluYm1	chr2	182403318	182403619	+	chr2	182892388	182892689	+	302	1	302	311	30	0
AluYm1_chr5_54239946	AluYm1	chr5	54239946	54240246	+	chr5	55067532	55067831	+	301	1	301	311	30	0
AluYm1_chr6_28416771	AluYm1	chr6	28416771	28417068	-	chr6	28288214	28288512	-	298	2	301	311	30	0
AluYm1_chr7_64580712	AluYm1	chr7	64580712	64581011	+	chr7	65788206	65788505	+	300	1	297	311	30	0
AluYm1_chr7_150250203	AluYm1	chr7	150250203	150250502	-	chr7	151428459	151428758	-	300	1	300	311	30	0
AluYm1_chr8_20859673	AluYm1	chr8	20859673	20859971	-	chr8	21125269	21125567	-	299	1	299	311	30	0
AluYm1_chr9_103877927	AluYm1	chr9	103877927	103878230	-	chr9	116051779	116052078	-	304	1	305	311	30	0
AluYm1_chrX_97334181	AluYm1	chrX	97334181	97334485	+	chrX	95773605	95773909	+	305	1	304	311	30	0
