id	hg19_chrom	hg19_pos_positive	hg19_pos_negative	n_samples	hg38_chrom	hg38_pos	hs1_chrom	hs1_pos	fl_l1_hg38	fl_l1_hs1	identity_L1HS	source_id	status
PL1_chrX_3503587	X	3879057	3879129	1	chrX	3961052	chrX	3503587	.	.	.	.	no_length_info
PL1_chrX_4286550	X	4659610	4659605	32	chrX	4741566	chrX	4286550	.	.	.	.	no_length_info
PL1_chrX_6419044	X	6783338	6783325	1	chrX	6865290	chrX	6419044	.	.	.	.	no_length_info
PL1_chrX_6714942	X	7079184	7079213	1	chrX	7161157	chrX	6714942	.	.	.	.	no_length_info
PL1_chrX_7700324	X	8114730	8114713	4	chrX	8146680	chrX	7700324	.	.	.	.	no_length_info
PL1_chrX_11192796	X	11628373	11628376	3	chrX	11610254	chrX	11192796	.	.	.	.	no_length_info
PL1_chrX_11217521	X	11653065	11653137	1	chrX	11634981	chrX	11217521	.	.	.	.	no_length_info
PL1_chrX_13714132	X	14152021	14151998	59	chrX	14133890	chrX	13714132	.	.	.	.	no_length_info
PL1_chrX_13994802	X	14432686	14432725	2	chrX	14414583	chrX	13994802	.	.	.	.	no_length_info
PL1_chrX_17831559	X	18267071	18267059	1	chrX	18248945	chrX	17831559	.	.	.	.	no_length_info
PL1_chrX_21953811	X	22388532	22388516	1	chrX	22370407	chrX	21953811	.	.	.	.	no_length_info
PL1_chrX_25455943	X	25889633	25889644	1	chrX	25871521	chrX	25455943	.	.	.	.	no_length_info
PL1_chrX_25474988	X	25905270	25905363	1	chrX	25887199	chrX	25474988	.	.	.	.	no_length_info
PL1_chrX_26905108	X	27333257	27333258	1	chrX	27315140	chrX	26905108	.	.	.	.	no_length_info
PL1_chrX_28454901	X	28881024	28881025	1	chrX	28862907	chrX	28454901	.	.	.	.	no_length_info
PL1_chrX_31959266	X	32379280	32379291	3	chrX	32361168	chrX	31959266	.	.	.	.	no_length_info
PL1_chrX_33946382	X	34365681	34365664	1	chrX	34347555	chrX	33946382	.	.	.	.	no_length_info
PL1_chrX_34324166	X	34747570	34747632	1	chrX	34729484	chrX	34324166	.	.	.	.	no_length_info
PL1_chrX_34641004	X	35064127	35064102	3	chrX	35045997	chrX	34641004	.	.	.	L1_chrX_34641003_f	in_library
PL1_chrX_34688635	X	35111755	35111736	2	chrX	35093628	chrX	34688635	.	.	.	.	no_length_info
PL1_chrX_37641898	X	38097551	38097555	8	chrX	38238300	chrX	37641898	.	.	.	.	no_length_info
PL1_chrX_45962068	X	46414514	46414557	3	chrX	46555100	chrX	45962068	.	.	.	.	no_length_info
PL1_chrX_54851861	X	55585131	55585144	80	chrX	55558704	chrX	54851861	.	.	.	.	no_length_info
PL1_chrX_57079657	X	57806435	57806448	4	chrX	57780008	chrX	57079657	.	.	.	.	no_length_info
PL1_chrX_64396313	X	65189674	65189684	1	chrX	65969837	chrX	64396313	.	.	.	.	no_length_info
PL1_chrX_65729294	X	66520541	66520522	1	chrX	67300689	chrX	65729294	.	.	.	.	no_length_info
PL1_chrX_67560798	X	68347247	68347275	1	chrX	69127418	chrX	67560798	.	.	.	.	no_length_info
PL1_chrX_67802612	X	68589026	68589091	1	chrX	69369215	chrX	67802612	.	.	.	.	no_length_info
PL1_chrX_70526373	X	71312586	71312647	4	chrX	72092766	chrX	70526373	.	.	.	.	no_length_info
PL1_chrX_73934062	X	74720206	74720211	1	chrX	75500373	chrX	73934062	.	.	.	.	no_length_info
PL1_chrX_80346409	X	81166230	81166203	1	chrX	81910717	chrX	80346409	.	.	.	.	no_length_info
PL1_chrX_83236483	X	84062852	84062850	13	chrX	84807844	chrX	83236483	.	.	.	.	no_length_info
PL1_chrX_84953041	X	85781773	85781833	13	chrX	86526800	chrX	84953041	.	.	.	.	no_length_info
PL1_chrX_85672522	X	86500548	86500628	6	chrX	87245585	chrX	85672522	.	.	.	.	no_length_info
PL1_chrX_95352382	X	96168116	96168096	1	chrX	96913107	chrX	95352382	.	.	.	.	no_length_info
PL1_chrX_95405168	X	96220884	96220876	1	chrX	96965881	chrX	95405168	.	.	.	.	no_length_info
PL1_chrX_97450963	X	98264226	98264307	97	chrX	99009268	chrX	97450963	.	.	.	.	no_length_info
PL1_chrX_100628914	X	101439273	101439348	1	chrX	102184337	chrX	100628914	.	.	.	.	no_length_info
PL1_chrX_101555298	X	102363167	102363183	75	chrX	103108247	chrX	101555298	.	.	.	.	no_length_info
PL1_chrX_104621604	X	105433620	105433613	1	chrX	106189623	chrX	104621604	chrX:106189916-106195082(-)L1PA4:5167	chrX:104621897-104627063(-)L1PA4:5167	0.9260	.	reference_l1_at_site
PL1_chrX_110434674	X	111229557	111229559	40	chrX	111986330	chrX	110434674	.	.	.	.	no_length_info
PL1_chrX_110764584	X	111557755	111557743	74	chrX	112314521	chrX	110764584	.	.	.	.	no_length_info
PL1_chrX_112535802	X	113326796	113326783	1	chrX	114083579	chrX	112535802	.	.	.	.	no_length_info
PL1_chrX_113422958	X	114248818	114248816	1	chrX	115014254	chrX	113422958	.	.	.	.	no_length_info
PL1_chrX_115267939	X	116025285	116025280	17	chrX	116891314	chrX	115267939	.	.	.	.	no_length_info
PL1_chrX_116174502	X	116930911	116930918	2	chrX	117796951	chrX	116174502	.	.	.	.	no_length_info
PL1_chrX_117072786	X	117829000	117828998	1	chrX	118695036	chrX	117072786	.	.	.	.	no_length_info
PL1_chrX_119134683	X	119892834	119892889	108	chrX	120759007	chrX	119134683	.	.	.	.	no_length_info
PL1_chrX_120926071	X	121760101	121760090	1	chrX	122626242	chrX	120926071	.	.	.	.	no_length_info
PL1_chrX_123097791	X	123921262	123921251	9	chrX	124787406	chrX	123097791	.	.	.	L1_chrX_123097787_r	in_library
PL1_chrX_124453091	X	125274342	125274393	1	chrX	126140384	chrX	124453091	.	.	.	.	no_length_info
PL1_chrX_124665855	X	125487106	125487113	1	chrX	126353126	chrX	124665855	.	.	.	.	no_length_info
PL1_chrX_125761279	X	126581697	126581678	6	chrX	127447706	chrX	125761279	.	.	.	.	no_length_info
PL1_chrX_127723158	X	128538621	128538596	1	chrX	129404631	chrX	127723158	.	.	.	.	no_length_info
PL1_chrX_128711173	X	129525279	129525367	133	chrX	130391349	chrX	128711173	.	.	.	.	no_length_info
PL1_chrX_128786216	X	129600321	129600417	1	chrX	130466395	chrX	128786216	.	.	.	.	no_length_info
PL1_chrX_129441214	X	130255404	130255372	1	chrX	131121414	chrX	129441214	.	.	.	.	no_length_info
PL1_chrX_136884386	X	137656066	137656155	1	chrX	138573949	chrX	136884386	.	.	.	.	no_length_info
PL1_chrX_139104938	X	139869740	139869725	1	chrX	140787567	chrX	139104938	.	.	.	.	no_length_info
PL1_chrX_139735888	X	140515271	140515252	81	chrX	141427251	chrX	139735888	chrX:141421203-141427246(-)L1HS:6044	.	.	.	reference_l1_at_site
PL1_chrX_142744029	X	143566716	143566705	1	chrX	144485146	chrX	142744029	.	.	.	.	no_length_info
PL1_chr1_9776953	1	10293428	10293398	1	chr1	10233355	chr1	9776953	.	.	.	.	no_length_info
PL1_chr1_10781097	1	11299561	11299566	2	chr1	11239506	chr1	10781097	.	.	.	.	no_length_info
PL1_chr1_17569688	1	18080838	18080861	1	chr1	17754354	chr1	17569688	.	.	.	.	no_length_info
PL1_chr1_22656225	1	23157223	23157218	4	chr1	22830727	chr1	22656225	.	.	.	.	no_length_info
PL1_chr1_24287055	1	24775181	24775178	36	chr1	24448689	chr1	24287055	.	.	.	.	no_length_info
PL1_chr1_31396445	1	32004355	32004333	4	chr1	31538743	chr1	31396445	.	.	.	L1_chr1_31396444_r	in_library
PL1_chr1_41806163	1	42401263	42401270	1	chr1	41935595	chr1	41806163	.	.	.	.	no_length_info
PL1_chr1_41888863	1	42483971	42483962	71	chr1	42018295	chr1	41888863	.	.	.	.	no_length_info
PL1_chr1_44141706	1	44736478	44736461	7	chr1	44270797	chr1	44141706	.	.	.	.	no_length_info
PL1_chr1_48841816	1	49428755	49428743	35	chr1	48963077	chr1	48841816	.	.	.	.	no_length_info
PL1_chr1_53443819	1	54026946	54026961	1	chr1	53561280	chr1	53443819	.	.	.	.	no_length_info
PL1_chr1_55686271	1	56268636	56268654	1	chr1	55802972	chr1	55686271	.	.	.	.	no_length_info
PL1_chr1_55822721	1	56405405	56405419	41	chr1	55939739	chr1	55822721	.	.	.	.	no_length_info
PL1_chr1_55953156	1	56535832	56535806	11	chr1	56070146	chr1	55953156	.	.	.	.	no_length_info
PL1_chr1_56960503	1	57547239	57547283	1	chr1	57081588	chr1	56960503	.	.	.	.	no_length_info
PL1_chr1_58180539	1	58768303	58768279	2	chr1	58302619	chr1	58180539	.	.	.	.	no_length_info
PL1_chr1_58811018	1	59398251	59398244	1	chr1	58932575	chr1	58811018	.	.	.	.	no_length_info
PL1_chr1_60128855	1	60715691	60715700	3	chr1	60250023	chr1	60128855	.	.	.	.	no_length_info
PL1_chr1_61265811	1	61852673	61852667	1	chr1	61386998	chr1	61265811	.	.	.	.	no_length_info
PL1_chr1_63055666	1	63642847	63642874	1	chr1	63177189	chr1	63055666	.	.	.	.	no_length_info
PL1_chr1_63064697	1	63651834	63651867	2	chr1	63186179	chr1	63064697	.	.	.	.	no_length_info
PL1_chr1_65923200	1	66511427	66511435	1	chr1	66045748	chr1	65923200	.	.	.	.	no_length_info
PL1_chr1_67101477	1	67689620	67689607	1	chr1	67223930	chr1	67101477	.	.	.	.	no_length_info
PL1_chr1_69213654	1	69801817	69801812	1	chr1	69336131	chr1	69213654	.	.	.	.	no_length_info
PL1_chr1_70660979	1	71248613	71248682	1	chr1	70782964	chr1	70660979	.	.	.	.	no_length_info
PL1_chr1_72898261	1	73530452	73530441	1	chr1	73064763	chr1	72898261	.	.	.	.	no_length_info
PL1_chr1_73642234	1	74266414	74266445	1	chr1	73800746	chr1	73642234	.	.	.	.	no_length_info
PL1_chr1_74568863	1	75192907	75192888	176	chr1	74727213	chr1	74568863	.	.	.	.	no_length_info
PL1_chr1_76247485	1	76875222	76875203	1	chr1	76409527	chr1	76247485	.	.	.	.	no_length_info
PL1_chr1_76275965	1	76903685	76903707	4	chr1	76438011	chr1	76275965	.	.	.	.	no_length_info
PL1_chr1_76534042	1	77162101	77162114	2	chr1	76696422	chr1	76534042	.	.	.	.	no_length_info
PL1_chr1_76888168	1	77515669	77515671	1	chr1	77049985	chr1	76888168	.	.	.	.	no_length_info
PL1_chr1_82515790	1	83141087	83141067	1	chr1	82675394	chr1	82515790	.	.	.	.	no_length_info
PL1_chr1_82984311	1	83609644	83609737	33	chr1	83144007	chr1	82984311	.	.	.	.	no_length_info
PL1_chr1_83078431	1	83703792	83703821	1	chr1	83238123	chr1	83078431	.	.	.	.	no_length_info
PL1_chr1_84208804	1	84833960	84834057	7	chr1	84368325	chr1	84208804	.	.	.	.	no_length_info
PL1_chr1_90293334	1	90914479	90914490	5	chr1	90448927	chr1	90293334	.	.	.	.	no_length_info
PL1_chr1_92205887	1	92826551	92826534	1	chr1	92360985	chr1	92205887	.	.	.	.	no_length_info
PL1_chr1_95111964	1	95729467	95729498	3	chr1	95263926	chr1	95111964	.	.	.	.	no_length_info
PL1_chr1_95184342	1	95801863	95801851	39	chr1	95336301	chr1	95184342	.	.	.	.	no_length_info
PL1_chr1_97746008	1	98363731	98363712	23	chr1	97898165	chr1	97746008	.	.	.	.	no_length_info
PL1_chr1_98314766	1	98932495	98932544	1	chr1	98466963	chr1	98314766	.	.	.	.	no_length_info
PL1_chr1_98351150	1	98968900	98968895	1	chr1	98503341	chr1	98351150	.	.	.	.	no_length_info
PL1_chr1_98604526	1	99221956	99221967	1	chr1	98756405	chr1	98604526	.	.	.	.	no_length_info
PL1_chr1_99094163	1	99711381	99711366	1	chr1	99245817	chr1	99094163	.	.	.	.	no_length_info
PL1_chr1_100406447	1	101023623	101023646	2	chr1	100558078	chr1	100406447	.	.	.	.	no_length_info
PL1_chr1_101362822	1	101978993	101978982	86	chr1	101513431	chr1	101362822	.	.	.	.	no_length_info
PL1_chr1_101952969	1	102568892	102568909	90	chr1	102103344	chr1	101952969	.	.	.	L1_chr1_101952984_f	in_library
PL1_chr1_104145882	1	104646050	104646103	1	chr1	104103454	chr1	104145882	.	.	.	.	no_length_info
PL1_chr1_104528021	1	105028161	105028258	14	chr1	104485587	chr1	104528021	.	.	.	.	no_length_info
PL1_chr1_105356901	1	105857792	105857771	2	chr1	105315159	chr1	105356901	.	.	.	L1_chr1_105356901_r	in_library
PL1_chr1_105466821	1	105968020	105968032	1	chr1	105425404	chr1	105466821	.	.	.	.	no_length_info
PL1_chr1_105889817	1	106396406	106396409	17	chr1	105853785	chr1	105889817	.	.	.	.	no_length_info
PL1_chr1_110761549	1	111289423	111289421	1	chr1	110746800	chr1	110761549	.	.	.	.	no_length_info
PL1_chr1_113557584	1	114088523	114088501	17	chr1	113545890	chr1	113557584	.	.	.	.	no_length_info
PL1_chr1_114211485	1	114742482	114742459	3	chr1	114199848	chr1	114211485	.	.	.	.	no_length_info
PL1_chr1_114643812	1	115174963	115175024	1	chr1	114632372	chr1	114643812	.	.	.	.	no_length_info
PL1_chr1_115553081	1	116084505	116084566	7	chr1	115541914	chr1	115553081	.	.	.	.	no_length_info
PL1_chr1_118272805	1	118805692	118805682	10	chr1	118263064	chr1	118272805	.	.	.	.	no_length_info
PL1_chr1_119023924	1	119553373	119553347	71	chr1	119010737	chr1	119023924	.	.	.	.	no_length_info
PL1_chr1_147042664	1	147237098	147237103	1	chr1	147765000	chr1	147042664	.	.	.	.	no_length_info
PL1_chr1_142885869	1	149308366	149308419	194	chr1	143813841	chr1	142885869	.	.	.	.	no_length_info
PL1_chr1_154628334	1	155459547	155459586	1	chr1	155489775	chr1	154628334	.	.	.	.	no_length_info
PL1_chr1_157893163	1	158725875	158725862	2	chr1	158756078	chr1	157893163	.	.	.	.	no_length_info
PL1_chr1_161984865	1	162610649	162610635	3	chr1	162640852	chr1	161984865	.	.	.	.	no_length_info
PL1_chr1_164725787	1	165348667	165348674	11	chr1	165379433	chr1	164725787	.	.	.	.	no_length_info
PL1_chr1_164909140	1	165531878	165531918	2	chr1	165562661	chr1	164909140	.	.	.	.	no_length_info
PL1_chr1_164930349	1	165553146	165553183	43	chr1	165583927	chr1	164930349	.	.	.	L1_chr1_164930326_r	in_library
PL1_chr1_168106679	1	168720686	168720751	1	chr1	168751480	chr1	168106679	.	.	.	.	no_length_info
PL1_hg19_chr1_169524870	1	169524865	169524876	71	chr1	169555632	.	-1	.	.	.	.	no_length_info
PL1_chr1_172014187	1	172626211	172626219	2	chr1	172657075	chr1	172014187	.	.	.	.	no_length_info
PL1_chr1_174973065	1	175588202	175588231	1	chr1	175619080	chr1	174973065	.	.	.	.	no_length_info
PL1_chr1_177379902	1	177994271	177994264	1	chr1	178025132	chr1	177379902	.	.	.	.	no_length_info
PL1_chr1_183363712	1	183969689	183969671	30	chr1	184000546	chr1	183363712	.	.	.	.	no_length_info
PL1_chr1_190844297	1	191466972	191466960	2	chr1	191497836	chr1	190844297	.	.	.	.	no_length_info
PL1_chr1_191386173	1	192008679	192008677	4	chr1	192039548	chr1	191386173	.	.	.	.	no_length_info
PL1_chr1_191640140	1	192262278	192262250	65	chr1	192293134	chr1	191640140	.	.	.	.	no_length_info
PL1_chr1_191749963	1	192372049	192372070	1	chr1	192402929	chr1	191749963	.	.	.	.	no_length_info
PL1_chr1_192929458	1	193549661	193549647	2	chr1	193580524	chr1	192929458	.	.	.	.	no_length_info
PL1_chr1_193607250	1	194227441	194227533	3	chr1	194258357	chr1	193607250	.	.	.	.	no_length_info
PL1_chr1_193929796	1	194553009	194553002	3	chr1	194583875	chr1	193929796	.	.	.	.	no_length_info
PL1_chr1_194311743	1	194934653	194934636	51	chr1	194965514	chr1	194311743	.	.	.	.	no_length_info
PL1_chr1_198582279	1	199292643	199292649	1	chr1	199323518	chr1	198582279	.	.	.	.	no_length_info
PL1_chr1_201788887	1	202496237	202496200	1	chr1	202527090	chr1	201788887	.	.	.	.	no_length_info
PL1_chr1_209263861	1	210198287	210198281	1	chr1	210024939	chr1	209263861	.	.	.	.	no_length_info
PL1_chr1_210871854	1	211799114	211799105	1	chr1	211625767	chr1	210871854	.	.	.	.	no_length_info
PL1_chr1_211584993	1	212513654	212513642	1	chr1	212340306	chr1	211584993	.	.	.	.	no_length_info
PL1_chr1_214783087	1	215716032	215716027	1	chr1	215542686	chr1	214783087	.	.	.	.	no_length_info
PL1_chr1_215836761	1	216769745	216769751	1	chr1	216596406	chr1	215836761	.	.	.	.	no_length_info
PL1_chr1_216616675	1	217548952	217548994	18	chr1	217375631	chr1	216616675	.	.	.	.	no_length_info
PL1_chr1_219354951	1	220289025	220289014	1	chr1	220115677	chr1	219354951	.	.	.	.	no_length_info
PL1_chr1_220894270	1	221827799	221827815	99	chr1	221654465	chr1	220894270	.	.	.	.	no_length_info
PL1_chr1_221639777	1	222579125	222579131	5	chr1	222405786	chr1	221639777	.	.	.	L1_chr1_221639771_r	in_library
PL1_chr1_224270224	1	225269614	225269602	1	chr1	225081906	chr1	224270224	.	.	.	.	no_length_info
PL1_chr1_224394296	1	225393593	225393575	3	chr1	225205882	chr1	224394296	.	.	.	.	no_length_info
PL1_chr1_229536117	1	230292282	230292273	1	chr1	230156530	chr1	229536117	.	.	.	.	no_length_info
PL1_chr1_230423042	1	231177863	231177888	1	chr1	231042129	chr1	230423042	.	.	.	.	no_length_info
PL1_chr1_235353999	1	236121044	236121075	1	chr1	235957759	chr1	235353999	.	.	.	.	no_length_info
PL1_chr1_236861042	1	237612935	237612922	4	chr1	237449628	chr1	236861042	.	.	.	.	no_length_info
PL1_chr1_238764929	1	239515787	239515832	2	chr1	239352509	chr1	238764929	.	.	.	.	no_length_info
PL1_chr1_240938842	1	241690735	241690727	1	chr1	241527431	chr1	240938842	.	.	.	.	no_length_info
PL1_chr1_241560368	1	242311560	242311592	94	chr1	242148274	chr1	241560368	.	.	.	.	no_length_info
PL1_chr1_241986473	1	242737752	242737798	1	chr1	242574473	chr1	241986473	.	.	.	.	no_length_info
PL1_chr1_247242249	1	247974706	247974689	5	chr1	247811395	chr1	247242249	.	.	.	.	no_length_info
PL1_chr1_248335775	1	249191473	249191476	9	chr1	248897275	chr1	248335775	.	.	.	.	no_length_info
PL1_chr2_993640	2	988981	988925	3	chr2	993267	chr2	993640	.	.	.	.	no_length_info
PL1_chr2_2522713	2	2516235	2516229	1	chr2	2512460	chr2	2522713	.	.	.	.	no_length_info
PL1_chr2_6679747	2	6798287	6798279	73	chr2	6658151	chr2	6679747	.	.	.	.	no_length_info
PL1_chr2_6931931	2	7050517	7050606	20	chr2	6910430	chr2	6931931	.	.	.	.	no_length_info
PL1_chr2_8248464	2	8364641	8364622	1	chr2	8224501	chr2	8248464	.	.	.	.	no_length_info
PL1_chr2_9069086	2	9185442	9185423	3	chr2	9045303	chr2	9069086	.	.	.	.	no_length_info
PL1_chr2_14153008	2	14263367	14263371	1	chr2	14123244	chr2	14153008	.	.	.	.	no_length_info
PL1_chr2_14481811	2	14591161	14591157	1	chr2	14451035	chr2	14481811	.	.	.	.	no_length_info
PL1_chr2_14770570	2	14879922	14879897	1	chr2	14739785	chr2	14770570	.	.	.	.	no_length_info
PL1_chr2_17569456	2	17718957	17718955	1	chr2	17537689	chr2	17569456	.	.	.	.	no_length_info
PL1_chr2_19910618	2	20076824	20076839	36	chr2	19877070	chr2	19910618	.	.	.	.	no_length_info
PL1_chr2_22519235	2	22706349	22706316	14	chr2	22483460	chr2	22519235	.	.	.	.	no_length_info
PL1_chr2_23003722	2	23191011	23190991	170	chr2	22968129	chr2	23003722	.	.	.	L1_chr2_23003728_r	in_library
PL1_chr2_24608736	2	24796781	24796760	28	chr2	24573901	chr2	24608736	.	.	.	.	no_length_info
PL1_chr2_27958976	2	28138388	28138382	1	chr2	27915518	chr2	27958976	.	.	.	.	no_length_info
PL1_chr2_29358779	2	29538033	29538039	1	chr2	29315170	chr2	29358779	.	.	.	.	no_length_info
PL1_chr2_29465897	2	29645155	29645165	1	chr2	29422294	chr2	29465897	.	.	.	.	no_length_info
PL1_chr2_29579912	2	29759205	29759188	1	chr2	29536330	chr2	29579912	.	.	.	.	no_length_info
PL1_chr2_31804134	2	31984125	31984130	1	chr2	31759058	chr2	31804134	.	.	.	.	no_length_info
PL1_hg19_chr2_33091987	2	33092037	33091938	2	chr2	32866920	.	-1	.	.	.	.	no_length_info
PL1_chr2_33796007	2	33972923	33972891	1	chr2	33747840	chr2	33796007	.	.	.	.	no_length_info
PL1_chr2_34569672	2	34787632	34787629	1	chr2	34562563	chr2	34569672	.	.	.	.	no_length_info
PL1_chr2_35464808	2	35684669	35684757	1	chr2	35459647	chr2	35464808	.	.	.	.	no_length_info
PL1_chr2_35659348	2	35879355	35879345	36	chr2	35654284	chr2	35659348	.	.	.	.	no_length_info
PL1_chr2_36159501	2	36381257	36381249	49	chr2	36154110	chr2	36159501	.	.	.	.	no_length_info
PL1_chr2_36613959	2	36834202	36834196	3	chr2	36607056	chr2	36613959	.	.	.	.	no_length_info
PL1_chr2_36684423	2	36904640	36904654	2	chr2	36677504	chr2	36684423	.	.	.	.	no_length_info
PL1_chr2_41767211	2	41988845	41988845	1	chr2	41761705	chr2	41767211	.	.	.	.	no_length_info
PL1_chr2_43319662	2	43541444	43541447	5	chr2	43314306	chr2	43319662	.	.	.	.	no_length_info
PL1_chr2_45779938	2	46002076	46002071	3	chr2	45774934	chr2	45779938	.	.	.	.	no_length_info
PL1_chr2_45786528	2	46008635	46008677	1	chr2	45781517	chr2	45786528	.	.	.	.	no_length_info
PL1_chr2_49155416	2	49386678	49386647	2	chr2	49159523	chr2	49155416	.	.	.	.	no_length_info
PL1_chr2_51057171	2	51288163	51288135	2	chr2	51061011	chr2	51057171	.	.	.	.	no_length_info
PL1_chr2_59132562	2	59354239	59354247	1	chr2	59127108	chr2	59132562	.	.	.	.	no_length_info
PL1_chr2_60063960	2	60285380	60285451	1	chr2	60058280	chr2	60063960	.	.	.	.	no_length_info
PL1_chr2_63373453	2	63593494	63593476	2	chr2	63366350	chr2	63373453	.	.	.	.	no_length_info
PL1_chr2_66417514	2	66635887	66635878	9	chr2	66408750	chr2	66417514	.	.	.	.	no_length_info
PL1_chr2_67831733	2	68049200	68049238	2	chr2	67822087	chr2	67831733	.	.	.	.	no_length_info
PL1_chr2_70428272	2	70643656	70643641	1	chr2	70416516	chr2	70428272	.	.	.	.	no_length_info
PL1_chr2_78174491	2	78396658	78396632	1	chr2	78169519	chr2	78174491	.	.	.	.	no_length_info
PL1_chr2_78769830	2	78992015	78992034	66	chr2	78764898	chr2	78769830	.	.	.	.	no_length_info
PL1_chr2_79702557	2	79929371	79929381	1	chr2	79702250	chr2	79702557	.	.	.	.	no_length_info
PL1_chr2_80637616	2	80864533	80864514	2	chr2	80637398	chr2	80637616	.	.	.	.	no_length_info
PL1_chr2_81871478	2	82098049	82098029	103	chr2	81870915	chr2	81871478	.	.	.	L1_chr2_81871473_f	in_library
PL1_chr2_82961540	2	83188339	83188339	39	chr2	82961215	chr2	82961540	.	.	.	.	no_length_info
PL1_chr2_83124855	2	83351636	83351658	1	chr2	83124523	chr2	83124855	.	.	.	.	no_length_info
PL1_chr2_86464689	2	86689839	86689759	1	chr2	86462676	chr2	86464689	.	.	.	.	no_length_info
PL1_chr2_95993738	2	96152989	96153020	1	chr2	95487256	chr2	95993738	.	.	.	.	no_length_info
PL1_chr2_98014364	2	98172620	98172603	1	chr2	97556148	chr2	98014364	.	.	.	.	no_length_info
PL1_chr2_100152864	2	100310642	100310635	2	chr2	99694176	chr2	100152864	.	.	.	.	no_length_info
PL1_chr2_102357813	2	102516013	102516040	1	chr2	101899564	chr2	102357813	.	.	.	.	no_length_info
PL1_chr2_103046151	2	103203647	103203630	1	chr2	102587179	chr2	103046151	.	.	.	.	no_length_info
PL1_chr2_106007886	2	106163161	106163163	48	chr2	105546705	chr2	106007886	.	.	.	.	no_length_info
PL1_chr2_107842872	2	107997827	107997810	2	chr2	107381362	chr2	107842872	.	.	.	.	no_length_info
PL1_chr2_108633251	2	108788140	108788156	1	chr2	108171692	chr2	108633251	.	.	.	.	no_length_info
PL1_chr2_109294864	2	109450692	109450735	2	chr2	108834257	chr2	109294864	.	.	.	.	no_length_info
PL1_chr2_114493504	2	114826308	114826283	1	chr2	114068718	chr2	114493504	.	.	.	.	no_length_info
PL1_chr2_116014921	2	116347662	116347749	1	chr2	115590129	chr2	116014921	.	.	.	.	no_length_info
PL1_chr2_116195332	2	116528107	116528129	2	chr2	115770542	chr2	116195332	.	.	.	.	no_length_info
PL1_chr2_116310905	2	116643721	116643702	1	chr2	115886135	chr2	116310905	.	.	.	.	no_length_info
PL1_chr2_116702591	2	117029190	117029191	1	chr2	116271614	chr2	116702591	.	.	.	.	no_length_info
PL1_chr2_117454966	2	117781487	117781472	2	chr2	117023903	chr2	117454966	.	.	.	.	no_length_info
PL1_chr2_119039004	2	119363776	119363746	3	chr2	118606185	chr2	119039004	.	.	.	.	no_length_info
PL1_chr2_119971049	2	120295129	120295118	1	chr2	119537547	chr2	119971049	.	.	.	.	no_length_info
PL1_chr2_125744805	2	126064522	126064548	3	chr2	125306958	chr2	125744805	.	.	.	.	no_length_info
PL1_chr2_126693365	2	127013899	127013869	1	chr2	126256307	chr2	126693365	.	.	.	.	no_length_info
PL1_chr2_129252493	2	129573991	129573973	55	chr2	128816408	chr2	129252493	.	.	.	.	no_length_info
PL1_chr2_131677573	2	132001178	132001153	2	chr2	131243592	chr2	131677573	.	.	.	.	no_length_info
PL1_chr2_132447047	2	132769032	132769018	24	chr2	132011452	chr2	132447047	.	.	.	.	no_length_info
PL1_chr2_132701479	2	133023418	133023514	1	chr2	132265893	chr2	132701479	.	.	.	.	no_length_info
PL1_chr2_137114613	2	137426127	137426137	33	chr2	136668562	chr2	137114613	.	.	.	.	no_length_info
PL1_chr2_137186879	2	137498405	137498501	3	chr2	136740883	chr2	137186879	.	.	.	.	no_length_info
PL1_chr2_141452953	2	141764812	141764802	1	chr2	141007238	chr2	141452953	.	.	.	.	no_length_info
PL1_chr2_141463161	2	141774994	141775006	3	chr2	141017431	chr2	141463161	.	.	.	.	no_length_info
PL1_chr2_141541621	2	141852911	141852951	53	chr2	141095362	chr2	141541621	.	.	.	.	no_length_info
PL1_chr2_142422658	2	142734759	142734750	1	chr2	141977185	chr2	142422658	.	.	.	.	no_length_info
PL1_chr2_142473193	2	142785262	142785315	6	chr2	142027719	chr2	142473193	.	.	.	.	no_length_info
PL1_chr2_143701428	2	144010781	144010827	60	chr2	143253235	chr2	143701428	.	.	.	L1_chr2_143701409_f	in_library
PL1_chr2_143995655	2	144304973	144304964	2	chr2	143547399	chr2	143995655	.	.	.	.	no_length_info
PL1_chr2_144935001	2	145244512	145244513	1	chr2	144486945	chr2	144935001	.	.	.	.	no_length_info
PL1_chr2_146279906	2	146589028	146589055	1	chr2	145831473	chr2	146279906	.	.	.	.	no_length_info
PL1_chr2_146713559	2	147020935	147020922	194	chr2	146263360	chr2	146713559	.	.	.	.	no_length_info
PL1_chr2_146805414	2	147112819	147112814	1	chr2	146355248	chr2	146805414	.	.	.	.	no_length_info
PL1_chr2_150071587	2	150477671	150477655	1	chr2	149621149	chr2	150071587	.	.	.	.	no_length_info
PL1_chr2_150112872	2	150518967	150518956	5	chr2	149662447	chr2	150112872	.	.	.	.	no_length_info
PL1_chr2_156124004	2	156527848	156527827	104	chr2	155671325	chr2	156124004	.	.	.	L1_chr2_156124001_f	in_library
PL1_chr2_161286669	2	161684844	161684829	1	chr2	160828325	chr2	161286669	.	.	.	.	no_length_info
PL1_chr2_162349013	2	162748929	162748929	1	chr2	161892419	chr2	162349013	.	.	.	.	no_length_info
PL1_chr2_162996957	2	163396819	163396800	1	chr2	162540299	chr2	162996957	.	.	.	.	no_length_info
PL1_chr2_163406705	2	163805885	163805885	1	chr2	162949375	chr2	163406705	.	.	.	.	no_length_info
PL1_chr2_163889261	2	164288519	164288498	3	chr2	163431998	chr2	163889261	.	.	.	.	no_length_info
PL1_chr2_165695853	2	166095065	166095061	1	chr2	165238553	chr2	165695853	.	.	.	.	no_length_info
PL1_chr2_167149499	2	167548544	167548640	2	chr2	166692082	chr2	167149499	chr2:166685836-166691939(+)L1PA5:6104	chr2:167143253-167149356(+)L1PA5:6104	0.8882	.	reference_l1_at_site
PL1_chr2_168336874	2	168735486	168735522	47	chr2	167878994	chr2	168336874	.	.	.	.	no_length_info
PL1_chr2_168978808	2	169377535	169377523	1	chr2	168521019	chr2	168978808	.	.	.	.	no_length_info
PL1_chr2_173475937	2	173854113	173854109	12	chr2	172989383	chr2	173475937	.	.	.	.	no_length_info
PL1_chr2_174155734	2	174534178	174534145	1	chr2	173669433	chr2	174155734	.	.	.	.	no_length_info
PL1_chr2_177321891	2	177704490	177704500	3	chr2	176839767	chr2	177321891	.	.	.	.	no_length_info
PL1_chr2_178294130	2	178676213	178676293	100	chr2	177811526	chr2	178294130	.	.	.	.	no_length_info
PL1_chr2_178543897	2	178925883	178925893	2	chr2	178061161	chr2	178543897	.	.	.	.	no_length_info
PL1_chr2_180619226	2	181000559	181000656	81	chr2	180135880	chr2	180619226	.	.	.	.	no_length_info
PL1_chr2_182148247	2	182522876	182522869	1	chr2	181658145	chr2	182148247	.	.	.	.	no_length_info
PL1_chr2_184293301	2	184669478	184669472	1	chr2	183804748	chr2	184293301	.	.	.	.	no_length_info
PL1_chr2_190693491	2	191068638	191068617	2	chr2	190203901	chr2	190693491	.	.	.	.	no_length_info
PL1_chr2_190716089	2	191091257	191091205	1	chr2	190226505	chr2	190716089	.	.	.	.	no_length_info
PL1_chr2_191103303	2	191478702	191478707	89	chr2	190613978	chr2	191103303	.	.	.	L1_chr2_191103305_r	in_library
PL1_chr2_195936298	2	196316670	196316674	1	chr2	195451948	chr2	195936298	.	.	.	.	no_length_info
PL1_chr2_199399142	2	199779903	199779891	27	chr2	198915173	chr2	199399142	.	.	.	.	no_length_info
PL1_chr2_201256760	2	201638090	201638113	39	chr2	200773378	chr2	201256760	.	.	.	.	no_length_info
PL1_chr2_205217331	2	205599790	205599781	2	chr2	204735062	chr2	205217331	.	.	.	.	no_length_info
PL1_chr2_205764768	2	206147253	206147272	32	chr2	205282538	chr2	205764768	.	.	.	.	no_length_info
PL1_chr2_209201586	2	209586398	209586494	1	chr2	208721722	chr2	209201586	.	.	.	.	no_length_info
PL1_chr2_212322754	2	212707194	212707179	52	chr2	211842461	chr2	212322754	.	.	.	.	no_length_info
PL1_chr2_212730058	2	213114146	213114189	8	chr2	212249442	chr2	212730058	.	.	.	.	no_length_info
PL1_chr2_213174150	2	213558085	213558069	2	chr2	212693353	chr2	213174150	.	.	.	.	no_length_info
PL1_chr2_220687756	2	221067524	221067512	1	chr2	220202797	chr2	220687756	.	.	.	.	no_length_info
PL1_chr2_220898620	2	221278230	221278253	64	chr2	220413520	chr2	220898620	.	.	.	.	no_length_info
PL1_chr2_221124046	2	221503768	221503742	59	chr2	220639035	chr2	221124046	.	.	.	.	no_length_info
PL1_chr2_223825445	2	224207141	224207136	1	chr2	223342420	chr2	223825445	.	.	.	.	no_length_info
PL1_chr2_226056541	2	226439406	226439385	1	chr2	225574679	chr2	226056541	.	.	.	.	no_length_info
PL1_chr2_226352488	2	226735316	226735306	1	chr2	225870595	chr2	226352488	.	.	.	.	no_length_info
PL1_chr2_226918118	2	227301089	227301066	1	chr2	226436361	chr2	226918118	.	.	.	.	no_length_info
PL1_chr2_229923851	2	230306017	230306013	9	chr2	229441299	chr2	229923851	.	.	.	.	no_length_info
PL1_chr2_229959356	2	230341477	230341556	61	chr2	229476800	chr2	229959356	.	.	.	.	no_length_info
PL1_chr2_232102484	2	232482740	232482760	11	chr2	231618039	chr2	232102484	.	.	.	.	no_length_info
PL1_chr2_235102619	2	235519815	235519789	92	chr2	234611158	chr2	235102619	.	.	.	.	no_length_info
PL1_chr2_241955226	2	242395407	242395428	1	chr2	241456002	chr2	241955226	.	.	.	.	no_length_info
PL1_chr3_606583	3	656504	656429	1	chr3	614783	chr3	606583	.	.	.	.	no_length_info
PL1_chr3_678937	3	728724	728817	1	chr3	687086	chr3	678937	.	.	.	.	no_length_info
PL1_chr3_3362084	3	3408057	3408056	4	chr3	3366372	chr3	3362084	.	.	.	.	no_length_info
PL1_chr3_4126936	3	4175305	4175285	1	chr3	4133611	chr3	4126936	.	.	.	.	no_length_info
PL1_chr3_6588335	3	6635247	6635239	2	chr3	6593556	chr3	6588335	.	.	.	.	no_length_info
PL1_chr3_6701629	3	6752749	6752739	1	chr3	6711057	chr3	6701629	.	.	.	.	no_length_info
PL1_chr3_12053691	3	12097225	12097201	1	chr3	12055713	chr3	12053691	.	.	.	.	no_length_info
PL1_chr3_14176194	3	14215818	14215828	8	chr3	14174323	chr3	14176194	.	.	.	.	no_length_info
PL1_chr3_19843634	3	19881028	19881046	4	chr3	19839545	chr3	19843634	.	.	.	.	no_length_info
PL1_chr3_20053090	3	20090525	20090512	12	chr3	20049026	chr3	20053090	.	.	.	L1_chr3_20053096_r	in_library
PL1_chr3_20715998	3	20748897	20748893	41	chr3	20707403	chr3	20715998	.	.	.	.	no_length_info
PL1_chr3_21203856	3	21234934	21234912	11	chr3	21193431	chr3	21203856	.	.	.	.	no_length_info
PL1_chr3_21769597	3	21800830	21800876	6	chr3	21759361	chr3	21769597	.	.	.	.	no_length_info
PL1_chr3_24950593	3	24987881	24987854	94	chr3	24946376	chr3	24950593	.	.	.	.	no_length_info
PL1_chr3_26485559	3	26524467	26524449	66	chr3	26482967	chr3	26485559	.	.	.	.	no_length_info
PL1_chr3_27489932	3	27529305	27529345	1	chr3	27487834	chr3	27489932	.	.	.	L1_chr3_27489906_r	in_library
PL1_chr3_28222491	3	28261985	28261979	2	chr3	28220491	chr3	28222491	.	.	.	.	no_length_info
PL1_chr3_30492862	3	30531959	30531946	1	chr3	30490460	chr3	30492862	.	.	.	.	no_length_info
PL1_chr3_33239544	3	33279242	33279312	1	chr3	33237785	chr3	33239544	.	.	.	.	no_length_info
PL1_chr3_36956131	3	36996249	36996261	1	chr3	36954764	chr3	36956131	.	.	.	.	no_length_info
PL1_chr3_37092182	3	37132328	37132333	1	chr3	37090839	chr3	37092182	.	.	.	.	no_length_info
PL1_chr3_38217798	3	38253591	38253598	2	chr3	38212103	chr3	38217798	.	.	.	.	no_length_info
PL1_chr3_38596759	3	38626075	38626086	90	chr3	38584589	chr3	38596759	.	chr3:38590650-38596679(+)L1HS:6030	0.9970	L1_chr3_38590650_f	in_library
PL1_chr3_38826967	3	38856241	38856245	1	chr3	38814752	chr3	38826967	.	.	.	.	no_length_info
PL1_chr3_41460244	3	41486260	41486309	2	chr3	41444793	chr3	41460244	.	.	.	.	no_length_info
PL1_chr3_41558615	3	41584668	41584673	1	chr3	41543179	chr3	41558615	.	.	.	.	no_length_info
PL1_chr3_43236507	3	43262676	43262682	17	chr3	43221187	chr3	43236507	.	.	.	.	no_length_info
PL1_chr3_44274800	3	44300748	44300748	11	chr3	44259256	chr3	44274800	.	.	.	.	no_length_info
PL1_chr3_48373357	3	48386758	48386742	1	chr3	48345260	chr3	48373357	.	.	.	.	no_length_info
PL1_chr3_50974469	3	50981907	50981899	1	chr3	50944472	chr3	50974469	.	.	.	.	no_length_info
PL1_chr3_51102822	3	51109831	51109831	1	chr3	51072400	chr3	51102822	.	.	.	.	no_length_info
PL1_chr3_55788653	3	55788572	55788563	140	chr3	55754539	chr3	55788653	.	chr3:55788671-55794727(+)L1HS:6057	0.9963	L1_chr3_55788671_f	in_library
PL1_chr3_58838556	3	58783872	58783872	7	chr3	58798145	chr3	58838556	.	.	.	.	no_length_info
PL1_chr3_59908483	3	59852893	59852912	165	chr3	59867176	chr3	59908483	.	.	.	.	no_length_info
PL1_chr3_61159872	3	61102379	61102363	2	chr3	61116698	chr3	61159872	.	.	.	.	no_length_info
PL1_chr3_66767505	3	66773237	66773227	1	chr3	66722808	chr3	66767505	.	.	.	.	no_length_info
PL1_chr3_75093913	3	75101222	75101226	90	chr3	75052073	chr3	75093913	.	.	.	.	no_length_info
PL1_chr3_75121427	3	75128717	75128781	1	chr3	75079598	chr3	75121427	.	.	.	.	no_length_info
PL1_chr3_75695540	3	75691455	75691532	1	chr3	75642342	chr3	75695540	.	.	.	.	no_length_info
PL1_chr3_75747665	3	75743734	75743783	1	chr3	75694607	chr3	75747665	.	.	.	.	no_length_info
PL1_chr3_75751727	3	75747788	75747839	127	chr3	75698662	chr3	75751727	.	.	.	.	no_length_info
PL1_chr3_75914422	3	75910349	75910314	1	chr3	75861180	chr3	75914422	.	.	.	.	no_length_info
PL1_chr3_78065334	3	78059663	78059638	1	chr3	78010499	chr3	78065334	.	.	.	.	no_length_info
PL1_chr3_78246345	3	78240676	78240668	1	chr3	78191521	chr3	78246345	.	.	.	.	no_length_info
PL1_chr3_79221987	3	79216276	79216292	24	chr3	79167134	chr3	79221987	.	.	.	.	no_length_info
PL1_chr3_79765713	3	79758808	79758825	1	chr3	79709666	chr3	79765713	.	.	.	.	no_length_info
PL1_chr3_80595599	3	80590174	80590155	85	chr3	80541014	chr3	80595599	.	.	.	L1_chr3_80595603_r	in_library
PL1_chr3_80893065	3	80887648	80887651	1	chr3	80838498	chr3	80893065	.	.	.	.	no_length_info
PL1_chr3_82148812	3	82144875	82144848	42	chr3	82095710	chr3	82148812	.	.	.	L1_chr3_82148811_r	in_library
PL1_chr3_84436089	3	84433390	84433388	72	chr3	84384238	chr3	84436089	.	.	.	.	no_length_info
PL1_chr3_85592450	3	85576551	85576545	126	chr3	85527398	chr3	85592450	.	chr3:85592470-85598500(+)L1HS:6031	0.9968	L1_chr3_85592470_f	in_library
PL1_chr3_85686150	3	85663364	85663351	1	chr3	85614207	chr3	85686150	.	.	.	.	no_length_info
PL1_chr3_85890678	3	85868011	85868009	3	chr3	85818860	chr3	85890678	.	.	.	.	no_length_info
PL1_chr3_86287669	3	86264951	86264934	11	chr3	86215792	chr3	86287669	.	.	.	.	no_length_info
PL1_chr3_89049270	3	89022340	89022325	149	chr3	88973182	chr3	89049270	.	.	.	.	no_length_info
PL1_chr3_96883667	3	93904028	93904036	1	chr3	94185188	chr3	96883667	.	.	.	.	no_length_info
PL1_chr3_97182807	3	94203197	94203216	2	chr3	94484362	chr3	97182807	.	.	.	.	no_length_info
PL1_chr3_98671315	3	95686944	95686980	1	chr3	95968118	chr3	98671315	.	.	.	.	no_length_info
PL1_chr3_98718366	3	95733575	95733565	1	chr3	96014726	chr3	98718366	.	.	.	.	no_length_info
PL1_chr3_101764968	3	98775479	98775487	4	chr3	99056639	chr3	101764968	.	.	.	L1_chr3_101764976_r	in_library
PL1_chr3_106130830	3	103132826	103132822	1	chr3	103413980	chr3	106130830	.	.	.	.	no_length_info
PL1_chr3_107364635	3	104365750	104365747	1	chr3	104646904	chr3	107364635	.	.	.	.	no_length_info
PL1_chr3_107606881	3	104607996	104608001	2	chr3	104889154	chr3	107606881	.	.	.	.	no_length_info
PL1_chr3_109308572	3	106308261	106308335	1	chr3	106589451	chr3	109308572	.	.	.	.	no_length_info
PL1_chr3_111139605	3	108138684	108138678	1	chr3	108419834	chr3	111139605	.	.	.	.	no_length_info
PL1_chr3_112752925	3	109751781	109751754	1	chr3	110032920	chr3	112752925	.	.	.	.	no_length_info
PL1_chr3_112806987	3	109805797	109805804	1	chr3	110086953	chr3	112806987	.	.	.	.	no_length_info
PL1_chr3_118450109	3	115448751	115448747	1	chr3	115729902	chr3	118450109	.	.	.	.	no_length_info
PL1_chr3_118835905	3	115834577	115834553	7	chr3	116115718	chr3	118835905	.	.	.	.	no_length_info
PL1_chr3_120237027	3	117236119	117236124	7	chr3	117517274	chr3	120237027	.	.	.	.	no_length_info
PL1_chr3_126009406	3	123008175	123008178	1	chr3	123289329	chr3	126009406	.	.	.	.	no_length_info
PL1_chr3_126598007	3	123590726	123590724	189	chr3	123871878	chr3	126598007	.	chr3:126591956-126597985(+)L1HS:6030	0.9972	L1_chr3_126591956_f	in_library
PL1_chr3_133886232	3	130861317	130861322	2	chr3	131142475	chr3	133886232	.	.	.	.	no_length_info
PL1_chr3_134094709	3	131069783	131069770	3	chr3	131350932	chr3	134094709	.	.	.	L1_chr3_134094705_f	in_library
PL1_chr3_137606238	3	134579643	134579651	1	chr3	134860805	chr3	137606238	.	.	.	.	no_length_info
PL1_chr3_140461363	3	137439533	137439566	28	chr3	137720707	chr3	140461363	.	.	.	.	no_length_info
PL1_chr3_142073155	3	139044440	139044443	20	chr3	139325599	chr3	142073155	.	chr3:142067112-142073128(+)L1HS:6017	0.9945	L1_chr3_142067112_f	in_library
PL1_chr3_142922953	3	139894213	139894199	2	chr3	140175364	chr3	142922953	.	.	.	.	no_length_info
PL1_chr3_143269730	3	140241251	140241242	1	chr3	140522404	chr3	143269730	.	.	.	.	no_length_info
PL1_chr3_146150264	3	143121780	143121753	44	chr3	143402924	chr3	146150264	.	.	.	.	no_length_info
PL1_chr3_146879567	3	143851783	143851771	1	chr3	144132935	chr3	146879567	.	.	.	.	no_length_info
PL1_chr3_147127276	3	144099489	144099489	1	chr3	144380647	chr3	147127276	.	.	.	.	no_length_info
PL1_chr3_147356827	3	144329115	144329087	2	chr3	144610259	chr3	147356827	.	.	.	.	no_length_info
PL1_chr3_147429718	3	144402015	144402009	2	chr3	144683170	chr3	147429718	.	.	.	.	no_length_info
PL1_chr3_147637187	3	144610066	144610080	17	chr3	144891231	chr3	147637187	.	.	.	.	no_length_info
PL1_chr3_149325648	3	146288220	146288301	4	chr3	146570473	chr3	149325648	.	.	.	.	no_length_info
PL1_chr3_150365829	3	147328337	147328426	1	chr3	147610594	chr3	150365829	.	.	.	.	no_length_info
PL1_chr3_152695724	3	149662154	149662107	6	chr3	149944343	chr3	152695724	.	.	.	.	no_length_info
PL1_chr3_153698096	3	150664806	150664768	1	chr3	150947000	chr3	153698096	.	.	.	.	no_length_info
PL1_chr3_154187786	3	151148558	151148541	185	chr3	151430761	chr3	154187786	.	chr3:154181759-154187776(-)L1PA2:6018	0.9939	L1_chr3_154181759_r	in_library
PL1_chr3_154738193	3	151688100	151688093	15	chr3	151970307	chr3	154738193	.	.	.	.	no_length_info
PL1_chr3_156143865	3	153091092	153091081	1	chr3	153373297	chr3	156143865	.	.	.	.	no_length_info
PL1_chr3_160911297	3	157854369	157854352	1	chr3	158136571	chr3	160911297	.	.	.	.	no_length_info
PL1_chr3_161662332	3	158606231	158606187	1	chr3	158888420	chr3	161662332	.	.	.	.	no_length_info
PL1_chr3_164189553	3	161132568	161132564	1	chr3	161414778	chr3	164189553	.	.	.	.	no_length_info
PL1_chr3_164432118	3	161375484	161375477	1	chr3	161657692	chr3	164432118	.	.	.	.	no_length_info
PL1_chr3_169157553	3	166092236	166092228	2	chr3	166374444	chr3	169157553	.	.	.	.	no_length_info
PL1_chr3_173484568	3	170418039	170418009	1	chr3	170700235	chr3	173484568	.	.	.	.	no_length_info
PL1_chr3_176823762	3	173755690	173755688	8	chr3	174037899	chr3	176823762	.	.	.	.	no_length_info
PL1_chr3_176986142	3	173917233	173917222	58	chr3	174199437	chr3	176986142	.	.	.	.	no_length_info
PL1_chr3_178755175	3	175677989	175677992	111	chr3	175960202	chr3	178755175	.	.	.	.	no_length_info
PL1_chr3_184239401	3	181155827	181155814	1	chr3	181438032	chr3	184239401	.	.	.	.	no_length_info
PL1_chr3_185951558	3	182863147	182863134	1	chr3	183145352	chr3	185951558	.	.	.	.	no_length_info
PL1_chr3_188615417	3	185517440	185517540	1	chr3	185799702	chr3	188615417	.	.	.	.	no_length_info
PL1_chr3_189476108	3	186372150	186372122	126	chr3	186654347	chr3	189476108	.	chr3:189470061-189476089(+)L1HS:6029	0.9970	L1_chr3_189470061_f	in_library
PL1_chr3_191334244	3	188234437	188234498	13	chr3	188516679	chr3	191334244	.	.	.	.	no_length_info
PL1_chr3_193522693	3	190424151	190424136	3	chr3	190706354	chr3	193522693	.	.	.	.	no_length_info
PL1_chr3_196333055	3	193354174	193354155	155	chr3	193636375	chr3	196333055	.	.	.	.	no_length_info
PL1_chr3_199246271	3	196253853	196253867	4	chr3	196526989	chr3	199246271	.	.	.	.	no_length_info
PL1_chr4_5486787	4	5519073	5519076	1	chr4	5517347	chr4	5486787	.	.	.	.	no_length_info
PL1_chr4_5635733	4	5668001	5668016	29	chr4	5666281	chr4	5635733	.	.	.	.	no_length_info
PL1_chr4_5689975	4	5720044	5720054	1	chr4	5718322	chr4	5689975	.	.	.	.	no_length_info
PL1_chr4_10607046	4	10632699	10632692	21	chr4	10631071	chr4	10607046	.	.	.	L1_chr4_10607036_r	in_library
PL1_chr4_12406406	4	12429443	12429448	3	chr4	12427821	chr4	12406406	.	.	.	.	no_length_info
PL1_chr4_13064555	4	13086511	13086490	1	chr4	13084876	chr4	13064555	.	.	.	.	no_length_info
PL1_chr4_13305488	4	13327402	13327447	6	chr4	13325800	chr4	13305488	.	.	.	.	no_length_info
PL1_chr4_14684435	4	14706277	14706268	1	chr4	14704648	chr4	14684435	.	.	.	.	no_length_info
PL1_chr4_14827301	4	14849018	14849029	30	chr4	14847399	chr4	14827301	.	.	.	.	no_length_info
PL1_chr4_15852251	4	15872167	15872174	7	chr4	15870547	chr4	15852251	.	.	.	L1_chr4_15852254_r	in_library
PL1_chr4_16218891	4	16238644	16238642	1	chr4	16237020	chr4	16218891	.	.	.	.	no_length_info
PL1_chr4_18143416	4	18162696	18162677	189	chr4	18161063	chr4	18143416	.	.	.	.	no_length_info
PL1_chr4_18175073	4	18194340	18194347	26	chr4	18192720	chr4	18175073	.	.	.	.	no_length_info
PL1_chr4_19177094	4	19196219	19196207	1	chr4	19194590	chr4	19177094	.	.	.	.	no_length_info
PL1_chr4_21450229	4	21469913	21469841	1	chr4	21468254	chr4	21450229	.	.	.	.	no_length_info
PL1_chr4_21652540	4	21671804	21671849	1	chr4	21670203	chr4	21652540	.	.	.	.	no_length_info
PL1_chr4_22184490	4	22204267	22204295	1	chr4	22202658	chr4	22184490	.	.	.	.	no_length_info
PL1_chr4_26961663	4	26978156	26978216	1	chr4	26976564	chr4	26961663	chr4:26970254-26976379(-)L1PA6:6126	chr4:26955352-26961477(-)L1PA6:6126	0.8678	.	reference_l1_at_site
PL1_chr4_27222080	4	27238225	27238220	1	chr4	27236600	chr4	27222080	.	.	.	.	no_length_info
PL1_chr4_27724719	4	27740950	27741004	19	chr4	27739355	chr4	27724719	.	.	.	.	no_length_info
PL1_chr4_27834706	4	27851013	27851013	5	chr4	27849391	chr4	27834706	.	.	.	.	no_length_info
PL1_chr4_28303978	4	28319979	28319951	1	chr4	28318343	chr4	28303978	.	.	.	.	no_length_info
PL1_chr4_28589207	4	28605225	28605216	1	chr4	28603598	chr4	28589207	.	.	.	.	no_length_info
PL1_chr4_29306652	4	29321863	29321850	90	chr4	29320234	chr4	29306652	.	.	.	.	no_length_info
PL1_chr4_29465484	4	29480699	29480701	15	chr4	29479078	chr4	29465484	.	.	.	.	no_length_info
PL1_chr4_31812185	4	31838883	31838866	1	chr4	31837252	chr4	31812185	.	.	.	.	no_length_info
PL1_chr4_32260236	4	32287098	32287086	1	chr4	32285470	chr4	32260236	.	.	.	.	no_length_info
PL1_chr4_33223640	4	33256257	33256263	5	chr4	33254638	chr4	33223640	.	.	.	.	no_length_info
PL1_chr4_36242707	4	36275335	36275360	1	chr4	36273725	chr4	36242707	.	.	.	.	no_length_info
PL1_chr4_36707892	4	36740622	36740623	2	chr4	36739000	chr4	36707892	.	.	.	.	no_length_info
PL1_chr4_40935222	4	40963333	40963362	1	chr4	40961330	chr4	40935222	.	.	.	.	no_length_info
PL1_chr4_43251379	4	43286141	43286157	1	chr4	43284132	chr4	43251379	.	.	.	.	no_length_info
PL1_chr4_43331165	4	43365843	43365857	1	chr4	43363833	chr4	43331165	.	.	.	.	no_length_info
PL1_chr4_44146546	4	44181750	44181733	1	chr4	44179724	chr4	44146546	.	.	.	.	no_length_info
PL1_chr4_46973135	4	47007791	47007806	208	chr4	47005781	chr4	46973135	.	.	.	.	no_length_info
PL1_chr4_47759284	4	47793961	47793962	1	chr4	47791944	chr4	47759284	.	.	.	.	no_length_info
PL1_chr4_48065669	4	48100574	48100640	2	chr4	48098590	chr4	48065669	.	.	.	.	no_length_info
PL1_chr4_49074439	4	49109835	49109815	1	chr4	49107808	chr4	49074439	.	.	.	.	no_length_info
PL1_chr4_49108362	4	49151536	49151437	1	chr4	49149469	chr4	49108362	.	.	.	.	no_length_info
PL1_chr4_49306952	4	49534618	49534663	29	chr4	49532623	chr4	49306952	.	.	.	.	no_length_info
PL1_chr4_49377520	4	49557590	49557605	1	chr4	49555580	chr4	49377520	.	.	.	.	no_length_info
PL1_chr4_55843100	4	53222408	53222430	2	chr4	52356253	chr4	55843100	.	.	.	.	no_length_info
PL1_chr4_56249185	4	53628442	53628485	19	chr4	52762296	chr4	56249185	.	.	.	.	no_length_info
PL1_chr4_60118852	4	57496951	57497046	86	chr4	56630832	chr4	60118852	.	.	.	.	no_length_info
PL1_chr4_61435720	4	58810670	58810666	1	chr4	57944502	chr4	61435720	.	.	.	.	no_length_info
PL1_chr4_61542565	4	58917531	58917514	82	chr4	58051356	chr4	61542565	.	.	.	.	no_length_info
PL1_chr4_61736070	4	59111013	59110993	1	chr4	58244837	chr4	61736070	.	.	.	.	no_length_info
PL1_chr4_62247898	4	59622458	59622437	32	chr4	58756282	chr4	62247898	.	.	.	.	no_length_info
PL1_chr4_62587347	4	60009441	60009438	1	chr4	59143721	chr4	62587347	.	.	.	.	no_length_info
PL1_chr4_63557817	4	60979570	60979561	13	chr4	60113847	chr4	63557817	.	.	.	.	no_length_info
PL1_chr4_65867737	4	63295979	63295965	3	chr4	62430254	chr4	65867737	.	.	.	.	no_length_info
PL1_chr4_67235404	4	64664156	64664172	1	chr4	63798446	chr4	67235404	.	.	.	.	no_length_info
PL1_chr4_67301799	4	64730397	64730380	1	chr4	63864670	chr4	67301799	.	.	.	.	no_length_info
PL1_chr4_69386942	4	66809080	66809075	101	chr4	65943359	chr4	69386942	.	.	.	.	no_length_info
PL1_chr4_69957658	4	67380695	67380669	1	chr4	66514964	chr4	69957658	.	.	.	.	no_length_info
PL1_chr4_72148064	4	69572751	69572742	51	chr4	68707028	chr4	72148064	.	.	.	.	no_length_info
PL1_chr4_73567277	4	71093306	71093317	52	chr4	70227594	chr4	73567277	.	.	.	.	no_length_info
PL1_chr4_77379762	4	74901871	74901876	1	chr4	74036156	chr4	77379762	.	.	.	.	no_length_info
PL1_chr4_77809351	4	75331404	75331415	1	chr4	74465692	chr4	77809351	.	.	.	.	no_length_info
PL1_chr4_82646745	4	80232117	80232118	1	chr4	79310963	chr4	82646745	.	.	.	.	no_length_info
PL1_chr4_83183784	4	80768538	80768536	59	chr4	79847383	chr4	83183784	.	.	.	.	no_length_info
PL1_chr4_83779286	4	81370392	81370400	1	chr4	80449242	chr4	83779286	.	.	.	.	no_length_info
PL1_chr4_85330376	4	82921901	82921899	2	chr4	82000747	chr4	85330376	.	.	.	L1_chr4_85330364_f	in_library
PL1_chr4_85592825	4	83184714	83184738	1	chr4	82263573	chr4	85592825	.	.	.	.	no_length_info
PL1_chr4_87726311	4	85317481	85317502	16	chr4	84396338	chr4	87726311	.	.	.	.	no_length_info
PL1_chr4_89016663	4	86607946	86607950	29	chr4	85686795	chr4	89016663	.	.	.	.	no_length_info
PL1_chr4_90028012	4	87619682	87619674	1	chr4	86698525	chr4	90028012	.	.	.	.	no_length_info
PL1_chr4_90644807	4	88236924	88236915	1	chr4	87315767	chr4	90644807	.	.	.	.	no_length_info
PL1_chr4_93116889	4	90706789	90706788	1	chr4	89785637	chr4	93116889	.	.	.	.	no_length_info
PL1_chr4_100217771	4	97824164	97824071	1	chr4	96902966	chr4	100217771	.	.	.	.	no_length_info
PL1_chr4_100497480	4	98103818	98103810	3	chr4	97182663	chr4	100497480	.	.	.	L1_chr4_100497476_r	in_library
PL1_chr4_101662084	4	99268249	99268289	1	chr4	98347118	chr4	101662084	.	.	.	.	no_length_info
PL1_chr4_103658327	4	101264117	101264120	2	chr4	100342961	chr4	103658327	.	.	.	.	no_length_info
PL1_chr4_105736377	4	103343763	103343785	119	chr4	102422617	chr4	105736377	.	.	.	.	no_length_info
PL1_chr4_106605369	4	104214689	104214701	30	chr4	103293538	chr4	106605369	.	.	.	.	no_length_info
PL1_chr4_107870267	4	105480240	105480221	1	chr4	104559073	chr4	107870267	.	.	.	.	no_length_info
PL1_chr4_109484936	4	107095027	107094995	1	chr4	106173854	chr4	109484936	.	.	.	.	no_length_info
PL1_chr4_110322805	4	107938843	107938926	1	chr4	107017727	chr4	110322805	.	.	.	.	no_length_info
PL1_chr4_112629324	4	110248337	110248384	57	chr4	109327204	chr4	112629324	.	.	.	L1_chr4_112629287_r	in_library
PL1_chr4_113223362	4	110842435	110842413	1	chr4	109921268	chr4	113223362	.	.	.	.	no_length_info
PL1_chr4_115015898	4	112628979	112628970	124	chr4	111707818	chr4	115015898	.	chr4:115009819-115015842(+)L1HS:6024	0.9965	L1_chr4_115009819_f	in_library
PL1_chr4_117522607	4	115132710	115132703	146	chr4	114211550	chr4	117522607	.	.	.	.	no_length_info
PL1_chr4_119042045	4	116660140	116660176	3	chr4	115739002	chr4	119042045	.	.	.	.	no_length_info
PL1_chr4_119423295	4	117041346	117041396	2	chr4	116120215	chr4	119423295	.	.	.	.	no_length_info
PL1_chr4_119722749	4	117341196	117341197	7	chr4	116420040	chr4	119722749	.	.	.	.	no_length_info
PL1_chr4_120714473	4	118332417	118332393	14	chr4	117411249	chr4	120714473	.	.	.	.	no_length_info
PL1_chr4_121149059	4	118765267	118765253	45	chr4	117844105	chr4	121149059	.	.	.	.	no_length_info
PL1_chr4_121425993	4	119042187	119042169	2	chr4	118121023	chr4	121425993	.	.	.	.	no_length_info
PL1_chr4_122515477	4	120131553	120131567	1	chr4	119210405	chr4	122515477	.	.	.	.	no_length_info
PL1_chr4_123101546	4	120717548	120717523	52	chr4	119796380	chr4	123101546	.	.	.	.	no_length_info
PL1_chr4_127611663	4	125230222	125230293	6	chr4	124309102	chr4	127611663	.	.	.	.	no_length_info
PL1_chr4_128433486	4	126052314	126052306	1	chr4	125131155	chr4	128433486	.	.	.	.	no_length_info
PL1_chr4_128496096	4	126114962	126114952	2	chr4	125193802	chr4	128496096	.	.	.	.	no_length_info
PL1_chr4_129656591	4	127275366	127275406	2	chr4	126354231	chr4	129656591	.	.	.	.	no_length_info
PL1_chr4_129904740	4	127523345	127523347	1	chr4	126602191	chr4	129904740	.	.	.	.	no_length_info
PL1_chr4_131348303	4	128965447	128965419	1	chr4	128044278	chr4	131348303	.	.	.	L1_chr4_131348310_r	in_library
PL1_chr4_132744517	4	130361649	130361661	22	chr4	129440500	chr4	132744517	.	.	.	.	no_length_info
PL1_chr4_132984053	4	130601449	130601421	1	chr4	129680280	chr4	132984053	.	.	.	.	no_length_info
PL1_chr4_134564281	4	132181669	132181667	32	chr4	131260513	chr4	134564281	.	.	.	L1_chr4_134564267_r	in_library
PL1_chr4_136997522	4	134596430	134596411	150	chr4	133675265	chr4	136997522	.	.	.	.	no_length_info
PL1_chr4_137822012	4	135420699	135420695	3	chr4	134499542	chr4	137822012	.	.	.	.	no_length_info
PL1_chr4_140579112	4	138177326	138177321	178	chr4	137256169	chr4	140579112	.	.	.	.	no_length_info
PL1_chr4_140815805	4	138413561	138413551	8	chr4	137492402	chr4	140815805	.	.	.	.	no_length_info
PL1_chr4_143046270	4	140647793	140647794	3	chr4	139726639	chr4	143046270	.	.	.	.	no_length_info
PL1_chr4_144001778	4	141603231	141603251	1	chr4	140682087	chr4	144001778	.	.	.	.	no_length_info
PL1_chr4_144216580	4	141817885	141817924	1	chr4	140896750	chr4	144216580	.	.	.	.	no_length_info
PL1_chr4_149621797	4	147225256	147225293	198	chr4	146304122	chr4	149621797	.	chr4:149621819-149627853(+)L1HS:6035	0.9962	L1_chr4_149621819_f	in_library
PL1_chr4_150008345	4	147605831	147605808	1	chr4	146684667	chr4	150008345	.	.	.	.	no_length_info
PL1_chr4_150356384	4	147953889	147953969	7	chr4	147032777	chr4	150356384	.	.	.	.	no_length_info
PL1_chr4_153199337	4	150798831	150798858	3	chr4	149877692	chr4	153199337	.	.	.	.	no_length_info
PL1_chr4_154830704	4	152428797	152428813	1	chr4	151507653	chr4	154830704	.	.	.	.	no_length_info
PL1_chr4_155134744	4	152732774	152732813	35	chr4	151811641	chr4	155134744	.	.	.	L1_chr4_155134766_r	in_library
PL1_chr4_158040695	4	155630025	155630053	2	chr4	154708887	chr4	158040695	.	.	.	.	no_length_info
PL1_chr4_159872372	4	157447968	157447988	28	chr4	156526826	chr4	159872372	.	.	.	.	no_length_info
PL1_chr4_161338446	4	158907298	158907266	106	chr4	157986130	chr4	161338446	.	chr4:161332373-161338433(-)L1HS:6061	0.9919	L1_chr4_161332373_r	in_library
PL1_chr4_167099288	4	164673059	164673070	7	chr4	163751912	chr4	167099288	.	.	.	.	no_length_info
PL1_chr4_167216638	4	164790181	164790163	5	chr4	163869020	chr4	167216638	.	.	.	.	no_length_info
PL1_chr4_167658272	4	165231751	165231751	27	chr4	164310599	chr4	167658272	.	.	.	.	no_length_info
PL1_chr4_168187418	4	165760905	165760884	1	chr4	164839742	chr4	168187418	.	.	.	.	no_length_info
PL1_chr4_170576971	4	168140815	168140789	1	chr4	167219651	chr4	170576971	.	.	.	.	no_length_info
PL1_chr4_171850947	4	169413111	169413099	17	chr4	168491954	chr4	171850947	.	.	.	.	no_length_info
PL1_chr4_172064078	4	169626263	169626247	5	chr4	168705104	chr4	172064078	.	.	.	.	no_length_info
PL1_chr4_175955375	4	173537103	173537087	1	chr4	172615944	chr4	175955375	.	.	.	.	no_length_info
PL1_chr4_180889007	4	178471513	178471512	2	chr4	177550358	chr4	180889007	.	.	.	.	no_length_info
PL1_chr4_183284616	4	180863880	180863855	1	chr4	179942714	chr4	183284616	.	.	.	.	no_length_info
PL1_chr4_184140323	4	181719370	181719370	1	chr4	180798217	chr4	184140323	.	.	.	.	no_length_info
PL1_chr4_187820839	4	185398162	185398183	1	chr4	184477018	chr4	187820839	.	.	.	.	no_length_info
PL1_chr4_192962779	4	190525594	190525677	1	chr4	189604481	chr4	192962779	.	.	.	.	no_length_info
PL1_chr4_193008156	4	190571080	190571005	1	chr4	189649888	chr4	193008156	.	.	.	.	no_length_info
PL1_chr4_193099400	4	190659656	190659742	127	chr4	189738545	chr4	193099400	.	.	.	.	no_length_info
PL1_chr4_193238682	4	190797527	190797501	130	chr4	189876359	chr4	193238682	.	.	.	.	no_length_info
PL1_chr4_193368398	4	190921324	190921369	13	chr4	190000191	chr4	193368398	.	.	.	.	no_length_info
PL1_chr5_1559929	5	1645747	1645770	87	chr5	1645643	chr5	1559929	.	.	.	.	no_length_info
PL1_chr5_3411046	5	3491824	3491851	2	chr5	3491723	chr5	3411046	.	.	.	.	no_length_info
PL1_chr5_3437178	5	3518603	3518589	2	chr5	3518482	chr5	3437178	.	.	.	.	no_length_info
PL1_chr5_3926842	5	4001916	4001923	1	chr5	4001805	chr5	3926842	.	.	.	.	no_length_info
PL1_chr5_5878240	5	5950325	5950297	1	chr5	5950198	chr5	5878240	.	.	.	.	no_length_info
PL1_chr5_7408080	5	7469379	7469358	1	chr5	7469255	chr5	7408080	.	.	.	.	no_length_info
PL1_chr5_8689363	5	8749533	8749531	139	chr5	8749420	chr5	8689363	.	.	.	.	no_length_info
PL1_chr5_10824776	5	10887257	10887265	4	chr5	10887149	chr5	10824776	.	.	.	.	no_length_info
PL1_chr5_11329281	5	11391253	11391267	98	chr5	11391148	chr5	11329281	.	.	.	.	no_length_info
PL1_chr5_11633033	5	11695094	11695107	2	chr5	11694988	chr5	11633033	.	.	.	.	no_length_info
PL1_chr5_12191672	5	12254577	12254605	1	chr5	12254479	chr5	12191672	.	.	.	.	no_length_info
PL1_chr5_12898746	5	12962008	12961984	1	chr5	12961884	chr5	12898746	.	.	.	.	no_length_info
PL1_chr5_13168681	5	13231883	13231888	6	chr5	13231773	chr5	13168681	.	.	.	.	no_length_info
PL1_chr5_16403539	5	16464315	16464292	6	chr5	16464194	chr5	16403539	.	.	.	L1_chr5_16403537_f	in_library
PL1_chr5_16822128	5	16883030	16883015	6	chr5	16882913	chr5	16822128	.	.	.	L1_chr5_16822122_r	in_library
PL1_chr5_18500338	5	18498386	18498387	1	chr5	18498277	chr5	18500338	.	.	.	.	no_length_info
PL1_chr5_19183140	5	19180408	19180401	2	chr5	19180295	chr5	19183140	.	.	.	.	no_length_info
PL1_chr5_21216110	5	21207733	21207718	1	chr5	21207616	chr5	21216110	.	.	.	L1_chr5_21216107_f	in_library
PL1_chr5_22028298	5	21920778	21920814	6	chr5	21920687	chr5	22028298	.	.	.	.	no_length_info
PL1_chr5_22728244	5	22620676	22620652	1	chr5	22620555	chr5	22728244	.	.	.	.	no_length_info
PL1_chr5_23130945	5	23023382	23023380	11	chr5	23023272	chr5	23130945	.	.	.	.	no_length_info
PL1_chr5_23177852	5	23070271	23070269	6	chr5	23070161	chr5	23177852	.	.	.	.	no_length_info
PL1_chr5_24315151	5	24207812	24207814	15	chr5	24207704	chr5	24315151	.	.	.	.	no_length_info
PL1_chr5_24335379	5	24228025	24228048	1	chr5	24227927	chr5	24335379	.	.	.	.	no_length_info
PL1_chr5_24883795	5	24778745	24778745	2	chr5	24778636	chr5	24883795	.	.	.	.	no_length_info
PL1_chr5_25172569	5	25067485	25067464	1	chr5	25067365	chr5	25172569	.	.	.	.	no_length_info
PL1_chr5_25277093	5	25172031	25172030	1	chr5	25171921	chr5	25277093	.	.	.	.	no_length_info
PL1_chr5_25813535	5	25708661	25708662	3	chr5	25708552	chr5	25813535	.	.	.	.	no_length_info
PL1_chr5_26197769	5	26093160	26093191	77	chr5	26093066	chr5	26197769	.	.	.	.	no_length_info
PL1_chr5_27475816	5	27371199	27371177	1	chr5	27371081	chr5	27475816	.	.	.	.	no_length_info
PL1_chr5_29690457	5	29576443	29576445	7	chr5	29576337	chr5	29690457	.	.	.	.	no_length_info
PL1_chr5_31096294	5	30982901	30982887	1	chr5	30982787	chr5	31096294	.	.	.	.	no_length_info
PL1_chr5_32952799	5	32838931	32838927	1	chr5	32838823	chr5	32952799	.	.	.	.	no_length_info
PL1_chr5_33411802	5	33296871	33296852	1	chr5	33296755	chr5	33411802	.	.	.	.	no_length_info
PL1_chr5_33753105	5	33633350	33633336	204	chr5	33633238	chr5	33753105	.	chr5:33748300-33753098(+)L1HS:4799	0.9942	.	resolved_in_hs1
PL1_chr5_33757206	5	33637440	33637449	1	chr5	33637339	chr5	33757206	.	.	.	.	no_length_info
PL1_chr5_33917311	5	33797549	33797538	62	chr5	33797438	chr5	33917311	.	.	.	.	no_length_info
PL1_chr5_34675464	5	34428775	34428867	7	chr5	34428716	chr5	34675464	chr5:34428761-34434920(-)L1PA6:6160	chr5:34675540-34681695(-)L1PA6:6156	0.8628	.	reference_l1_at_site
PL1_chr5_34719388	5	34472404	34472410	1	chr5	34472302	chr5	34719388	.	.	.	.	no_length_info
PL1_chr5_38890393	5	38641437	38641417	1	chr5	38641325	chr5	38890393	.	.	.	.	no_length_info
PL1_chr5_40176211	5	39926116	39926100	17	chr5	39926006	chr5	40176211	.	.	.	.	no_length_info
PL1_chr5_40297564	5	40041353	40041337	20	chr5	40041243	chr5	40297564	.	chr5:40291497-40297552(-)L1HS:6056	0.9965	L1_chr5_40291497_r	in_library
PL1_chr5_41858319	5	41602048	41602045	42	chr5	41601944	chr5	41858319	.	.	.	.	no_length_info
PL1_chr5_44054347	5	43800762	43800860	1	chr5	43800709	chr5	44054347	.	.	.	.	no_length_info
PL1_chr5_44563556	5	44310080	44310075	1	chr5	44309975	chr5	44563556	.	.	.	.	no_length_info
PL1_chr5_46065168	5	45812091	45812089	1	chr5	45811988	chr5	46065168	.	.	.	.	no_length_info
PL1_chr5_53071443	5	51542351	51542442	1	chr5	52246562	chr5	53071443	.	.	.	.	no_length_info
PL1_chr5_53663881	5	52131979	52131975	1	chr5	52836143	chr5	53663881	.	.	.	.	no_length_info
PL1_chr5_54183769	5	52651807	52651801	1	chr5	53355974	chr5	54183769	.	.	.	.	no_length_info
PL1_chr5_55162669	5	53630928	53630963	1	chr5	54335115	chr5	55162669	.	.	.	.	no_length_info
PL1_chr5_58812553	5	57279615	57279526	28	chr5	57983743	chr5	58812553	.	.	.	.	no_length_info
PL1_chr5_58950516	5	57427882	57427864	2	chr5	58132046	chr5	58950516	.	.	.	.	no_length_info
PL1_chr5_60101747	5	58579227	58579216	1	chr5	59283395	chr5	60101747	.	.	.	.	no_length_info
PL1_chr5_64933733	5	63409468	63409446	1	chr5	64113630	chr5	64933733	.	.	.	.	no_length_info
PL1_chr5_65160848	5	63636586	63636558	1	chr5	64340745	chr5	65160848	.	.	.	.	no_length_info
PL1_chr5_69790111	5	68263480	68263475	134	chr5	68967650	chr5	69790111	.	.	.	.	no_length_info
PL1_chr5_74033007	5	72847512	72847495	1	chr5	73551678	chr5	74033007	.	.	.	.	no_length_info
PL1_chr5_76428551	5	75243312	75243300	1	chr5	75947481	chr5	76428551	.	.	.	.	no_length_info
PL1_chr5_76475853	5	75290272	75290311	2	chr5	75994466	chr5	76475853	.	.	.	.	no_length_info
PL1_chr5_77773903	5	76587810	76587830	1	chr5	77291995	chr5	77773903	.	.	.	.	no_length_info
PL1_chr5_81901938	5	80713148	80713173	1	chr5	81417341	chr5	81901938	.	.	.	.	no_length_info
PL1_chr5_83549267	5	82355983	82355916	46	chr5	83060130	chr5	83549267	.	.	.	.	no_length_info
PL1_hg19_chr5_84239641	5	84239615	84239667	162	chr5	84943823	.	-1	.	.	.	.	no_length_info
PL1_chr5_88113260	5	86927943	86927926	1	chr5	87632117	chr5	88113260	.	.	.	.	no_length_info
PL1_chr5_89535908	5	88350557	88350651	1	chr5	89054787	chr5	89535908	.	.	.	.	no_length_info
PL1_chr5_90641509	5	89450789	89450780	213	chr5	90154967	chr5	90641509	.	chr5:90635419-90641455(+)L1HS:6037	0.9927	L1_chr5_90635419_f	in_library
PL1_chr5_98031767	5	96866414	96866411	94	chr5	97530708	chr5	98031767	.	.	.	.	no_length_info
PL1_chr5_98925030	5	97757539	97757515	1	chr5	98421823	chr5	98925030	.	.	.	.	no_length_info
PL1_chr5_101154087	5	99981451	99981473	1	chr5	100645758	chr5	101154087	.	.	.	.	no_length_info
PL1_chr5_105044887	5	103877712	103877721	1	chr5	104542015	chr5	105044887	.	.	.	.	no_length_info
PL1_chr5_105387741	5	104219224	104219269	1	chr5	104883545	chr5	105387741	.	.	.	.	no_length_info
PL1_chr5_106529640	5	105361055	105361096	1	chr5	106025374	chr5	106529640	.	.	.	.	no_length_info
PL1_chr5_107104282	5	105935315	105935361	51	chr5	106599637	chr5	107104282	.	.	.	.	no_length_info
PL1_chr5_109609968	5	108442239	108442209	2	chr5	109106523	chr5	109609968	.	.	.	.	no_length_info
PL1_chr5_109702257	5	108534504	108534490	1	chr5	109198796	chr5	109702257	.	.	.	.	no_length_info
PL1_chr5_110655054	5	109480267	109480253	185	chr5	110144559	chr5	110655054	.	chr5:110648982-110655048(-)L1HS:6067	0.9965	L1_chr5_110648982_r	in_library
PL1_chr5_110742338	5	109567550	109567570	27	chr5	110231859	chr5	110742338	.	.	.	.	no_length_info
PL1_chr5_113624586	5	112449706	112449735	4	chr5	113114023	chr5	113624586	.	.	.	.	no_length_info
PL1_chr5_113880057	5	112703081	112703077	8	chr5	113367382	chr5	113880057	.	.	.	L1_chr5_113880051_f	in_library
PL1_chr5_114361489	5	113184288	113184260	2	chr5	113848577	chr5	114361489	.	.	.	.	no_length_info
PL1_chr5_117027049	5	115850370	115850275	1	chr5	116514626	chr5	117027049	.	.	.	.	no_length_info
PL1_chr5_117935560	5	116758592	116758585	3	chr5	117422892	chr5	117935560	.	.	.	.	no_length_info
PL1_chr5_118186207	5	117009517	117009528	2	chr5	117673827	chr5	118186207	.	.	.	.	no_length_info
PL1_chr5_121565534	5	120383553	120383560	1	chr5	121047861	chr5	121565534	.	.	.	.	no_length_info
PL1_chr5_122300463	5	121119315	121119289	5	chr5	121783607	chr5	122300463	.	.	.	.	no_length_info
PL1_chr5_124683580	5	123502718	123502657	6	chr5	124166994	chr5	124683580	.	.	.	.	no_length_info
PL1_chr5_125063204	5	123882379	123882403	1	chr5	124546698	chr5	125063204	.	.	.	.	no_length_info
PL1_chr5_125336455	5	124155309	124155345	26	chr5	124819634	chr5	125336455	.	.	.	.	no_length_info
PL1_chr5_126220888	5	125040040	125040031	103	chr5	125704342	chr5	126220888	.	.	.	.	no_length_info
PL1_chr5_128922407	5	127739265	127739269	1	chr5	128403574	chr5	128922407	.	.	.	.	no_length_info
PL1_chr5_131440544	5	130257358	130257384	1	chr5	130921678	chr5	131440544	.	.	.	.	no_length_info
PL1_chr5_134121786	5	132934106	132934096	36	chr5	133598410	chr5	134121786	.	.	.	.	no_length_info
PL1_chr5_138206280	5	137014799	137014772	117	chr5	137679096	chr5	138206280	.	chr5:138200238-138206268(-)L1HS:6031	0.9972	L1_chr5_138200238_r	in_library
PL1_chr5_138320902	5	137130157	137130181	51	chr5	137794480	chr5	138320902	.	.	.	.	no_length_info
PL1_chr5_138380805	5	137190054	137190082	1	chr5	137854379	chr5	138380805	.	.	.	.	no_length_info
PL1_chr5_144566120	5	143413897	143413877	2	chr5	144034322	chr5	144566120	.	.	.	.	no_length_info
PL1_chr5_145486012	5	144331018	144330994	59	chr5	144951443	chr5	145486012	.	.	.	.	no_length_info
PL1_chr5_146164228	5	145009381	145009361	1	chr5	145629808	chr5	146164228	.	.	.	.	no_length_info
PL1_chr5_146280077	5	145125381	145125423	2	chr5	145745839	chr5	146280077	.	.	.	.	no_length_info
PL1_chr5_148419567	5	147263430	147263424	5	chr5	147883864	chr5	148419567	.	.	.	.	no_length_info
PL1_chr5_155748842	5	154594483	154594479	1	chr5	155214921	chr5	155748842	.	.	.	.	no_length_info
PL1_chr5_156445710	5	155339875	155339855	2	chr5	155912855	chr5	156445710	.	.	.	.	no_length_info
PL1_chr5_156711644	5	155619883	155619869	104	chr5	156192866	chr5	156711644	.	.	.	.	no_length_info
PL1_chr5_160392337	5	159290965	159290933	1	chr5	159863942	chr5	160392337	.	.	.	.	no_length_info
PL1_chr5_160510484	5	159408920	159408916	1	chr5	159981911	chr5	160510484	.	.	.	.	no_length_info
PL1_chr5_161537516	5	160435669	160435660	45	chr5	161008657	chr5	161537516	.	.	.	.	no_length_info
PL1_chr5_163852379	5	162744456	162744443	1	chr5	163317443	chr5	163852379	.	.	.	.	no_length_info
PL1_chr5_164846251	5	163739576	163739546	1	chr5	164312555	chr5	164846251	.	.	.	.	no_length_info
PL1_chr5_165603210	5	164495137	164495140	30	chr5	165068132	chr5	165603210	.	.	.	.	no_length_info
PL1_chr5_169865480	5	168757122	168757169	1	chr5	169330141	chr5	169865480	.	.	.	.	no_length_info
PL1_chr5_172297514	5	171184187	171184215	1	chr5	171757197	chr5	172297514	.	.	.	.	no_length_info
PL1_chr5_175116550	5	174002559	174002585	1	chr5	174575569	chr5	175116550	.	.	.	.	no_length_info
PL1_chr5_179955725	5	178829344	178829379	2	chr5	179402360	chr5	179955725	.	.	.	.	no_length_info
PL1_chr6_1999231	6	2135789	2135868	2	chr6	2135594	chr6	1999231	.	.	.	.	no_length_info
PL1_chr6_3484489	6	3615725	3615713	1	chr6	3615485	chr6	3484489	.	.	.	.	no_length_info
PL1_chr6_5427306	6	5558246	5558283	1	chr6	5558031	chr6	5427306	.	.	.	.	no_length_info
PL1_chr6_6149574	6	6280816	6280810	1	chr6	6280580	chr6	6149574	.	.	.	.	no_length_info
PL1_chr6_12766028	6	12897873	12897945	1	chr6	12897677	chr6	12766028	.	.	.	.	no_length_info
PL1_chr6_13064165	6	13191037	13191063	70	chr6	13190818	chr6	13064165	.	.	.	L1_chr6_13064138_f	in_library
PL1_chr6_13376316	6	13503049	13503057	211	chr6	13502821	chr6	13376316	.	.	.	.	no_length_info
PL1_chr6_14304843	6	14432653	14432644	1	chr6	14432417	chr6	14304843	.	.	.	.	no_length_info
PL1_chr6_16289947	6	16417600	16417686	10	chr6	16417412	chr6	16289947	.	.	.	.	no_length_info
PL1_chr6_16822317	6	16950893	16950946	1	chr6	16950688	chr6	16822317	.	.	.	.	no_length_info
PL1_chr6_19129758	6	19258228	19258214	19	chr6	19257990	chr6	19129758	.	.	.	.	no_length_info
PL1_chr6_19664533	6	19793113	19793122	14	chr6	19792886	chr6	19664533	.	.	.	L1_chr6_19664537_f	in_library
PL1_chr6_20153485	6	20281629	20281627	1	chr6	20281397	chr6	20153485	.	.	.	.	no_length_info
PL1_chr6_23607880	6	23734305	23734350	2	chr6	23734099	chr6	23607880	.	.	.	.	no_length_info
PL1_chr6_31120731	6	31222337	31222380	1	chr6	31254581	chr6	31120731	chr6:31254852-31260632(-)L1PA6:5781	chr6:31121002-31126782(-)L1PA6:5781	0.8886	.	reference_l1_at_site
PL1_chr6_31105637	6	31284551	31284628	6	chr6	31316812	chr6	31105637	.	.	.	.	no_length_info
PL1_hg19_chr6_31294483	6	31294442	31294525	1	chr6	31326706	.	-1	.	.	.	.	no_length_info
PL1_hg19_chr6_32509084	6	32509048	32509120	106	chr6	32541307	.	-1	.	.	.	.	no_length_info
PL1_chr6_32451112	6	32589551	32589550	49	chr6	32621773	chr6	32451112	.	.	.	.	no_length_info
PL1_chr6_33582184	6	33728791	33728771	3	chr6	33761004	chr6	33582184	.	.	.	.	no_length_info
PL1_chr6_40448765	6	40588652	40588680	1	chr6	40620927	chr6	40448765	.	.	.	.	no_length_info
PL1_chr6_45192920	6	45325832	45325864	1	chr6	45358111	chr6	45192920	.	.	.	L1_chr6_45192899_f	in_library
PL1_chr6_45720132	6	45852641	45852701	23	chr6	45884934	chr6	45720132	.	.	.	.	no_length_info
PL1_chr6_45792021	6	45924333	45924317	1	chr6	45956588	chr6	45792021	.	.	.	.	no_length_info
PL1_chr6_46180225	6	46310311	46310354	179	chr6	46342595	chr6	46180225	.	.	.	.	no_length_info
PL1_chr6_48508866	6	48634915	48634889	1	chr6	48667168	chr6	48508866	.	.	.	.	no_length_info
PL1_chr6_51136628	6	51158059	51158114	1	chr6	51293288	chr6	51136628	.	.	.	.	no_length_info
PL1_chr6_51439027	6	51460489	51460472	5	chr6	51595682	chr6	51439027	.	.	.	.	no_length_info
PL1_chr6_53030279	6	53055539	53055558	1	chr6	53190750	chr6	53030279	.	.	.	.	no_length_info
PL1_chr6_56312115	6	56335608	56335645	8	chr6	56470828	chr6	56312115	.	.	.	.	no_length_info
PL1_chr6_56706124	6	56729306	56729302	4	chr6	56864506	chr6	56706124	.	.	.	.	no_length_info
PL1_chr6_61531626	6	57331756	57331688	5	chr6	60359877	chr6	61531626	.	.	.	.	no_length_info
PL1_chr6_61693957	6	57494245	57494251	130	chr6	60526501	chr6	61693957	.	.	.	.	no_length_info
PL1_chr6_57677352	6	58164868	58164879	1	chr6	57838595	chr6	57677352	.	.	.	.	no_length_info
PL1_chr6_57899189	6	58386703	58386712	2	chr6	58060429	chr6	57899189	.	.	.	.	no_length_info
PL1_chr6_57994250	6	58481770	58481786	35	chr6	58155500	chr6	57994250	.	.	.	.	no_length_info
PL1_chr6_58059800	6	58546746	58546729	2	chr6	58220459	chr6	58059800	.	.	.	.	no_length_info
PL1_chr6_63803289	6	63368189	63368193	77	chr6	62658286	chr6	63803289	.	.	.	L1_chr6_63803298_f	in_library
PL1_chr6_65048001	6	64611695	64611674	2	chr6	63901791	chr6	65048001	.	.	.	.	no_length_info
PL1_chr6_65396700	6	64960375	64960377	1	chr6	64250483	chr6	65396700	.	.	.	.	no_length_info
PL1_chr6_65905305	6	65461630	65461604	1	chr6	64751724	chr6	65905305	.	.	.	.	no_length_info
PL1_chr6_65920699	6	65476987	65477028	1	chr6	64767114	chr6	65920699	.	.	.	.	no_length_info
PL1_chr6_67019467	6	66570415	66570467	29	chr6	65860548	chr6	67019467	.	.	.	.	no_length_info
PL1_chr6_67290239	6	66841720	66841692	1	chr6	66131813	chr6	67290239	.	.	.	.	no_length_info
PL1_chr6_68103867	6	67657934	67657912	2	chr6	66948030	chr6	68103867	.	.	.	.	no_length_info
PL1_chr6_69666226	6	69198735	69198726	30	chr6	68488838	chr6	69666226	.	.	.	.	no_length_info
PL1_chr6_74182983	6	73716095	73716117	3	chr6	73006383	chr6	74182983	.	.	.	.	no_length_info
PL1_chr6_74996103	6	74527819	74527791	2	chr6	73818082	chr6	74996103	.	.	.	.	no_length_info
PL1_chr6_75364130	6	74896642	74896636	1	chr6	74186923	chr6	75364130	.	.	.	.	no_length_info
PL1_chr6_75628311	6	75161097	75161107	1	chr6	74451386	chr6	75628311	.	.	.	.	no_length_info
PL1_chr6_77104825	6	76637541	76637616	3	chr6	75927861	chr6	77104825	.	.	.	.	no_length_info
PL1_chr6_77249013	6	76781736	76781737	1	chr6	76072019	chr6	77249013	.	.	.	.	no_length_info
PL1_chr6_77847270	6	77379945	77379918	17	chr6	76670214	chr6	77847270	.	.	.	.	no_length_info
PL1_hg19_chr6_77980645	6	77980646	77980645	193	chr6	77270928	.	-1	.	.	.	.	no_length_info
PL1_chr6_79217031	6	78749402	78749387	18	chr6	78039677	chr6	79217031	.	.	.	.	no_length_info
PL1_chr6_79376667	6	78909042	78909077	1	chr6	78199342	chr6	79376667	.	.	.	.	no_length_info
PL1_chr6_82159224	6	81660411	81660424	1	chr6	80950700	chr6	82159224	.	.	.	.	no_length_info
PL1_chr6_84191372	6	83678133	83678111	6	chr6	82968403	chr6	84191372	.	.	.	.	no_length_info
PL1_chr6_84258545	6	83745301	83745286	1	chr6	83035574	chr6	84258545	.	.	.	.	no_length_info
PL1_chr6_86455465	6	85947764	85947722	2	chr6	85238025	chr6	86455465	.	.	.	.	no_length_info
PL1_chr6_91454968	6	90953018	90952991	1	chr6	90243285	chr6	91454968	.	.	.	.	no_length_info
PL1_chr6_92171046	6	91669520	91669500	152	chr6	90959792	chr6	92171046	.	.	.	.	no_length_info
PL1_chr6_94525464	6	94023158	94023172	1	chr6	93313447	chr6	94525464	.	.	.	.	no_length_info
PL1_chr6_94766238	6	94263983	94263980	3	chr6	93554263	chr6	94766238	.	.	.	.	no_length_info
PL1_chr6_96785967	6	96062905	96062903	5	chr6	95615028	chr6	96785967	.	.	.	.	no_length_info
PL1_chr6_98267086	6	97541563	97541552	2	chr6	97093681	chr6	98267086	.	.	.	.	no_length_info
PL1_chr6_98822251	6	98096209	98096196	5	chr6	97648326	chr6	98822251	.	.	.	.	no_length_info
PL1_chr6_99493894	6	98767394	98767377	2	chr6	98319509	chr6	99493894	.	.	.	.	no_length_info
PL1_chr6_103009583	6	102283734	102283751	152	chr6	101835867	chr6	103009583	.	.	.	.	no_length_info
PL1_chr6_103573163	6	102846065	102846088	26	chr6	102398201	chr6	103573163	.	.	.	L1_chr6_103573176_r	in_library
PL1_chr6_104544871	6	103817517	103817508	2	chr6	103369637	chr6	104544871	.	.	.	.	no_length_info
PL1_chr6_104599010	6	103871475	103871456	7	chr6	103423590	chr6	104599010	.	.	.	.	no_length_info
PL1_chr6_109643042	6	108786904	108786907	1	chr6	108465702	chr6	109643042	.	.	.	.	no_length_info
PL1_chr6_114342605	6	113480553	113480556	1	chr6	113159352	chr6	114342605	.	.	.	.	no_length_info
PL1_chr6_114954209	6	114091194	114091136	72	chr6	113769963	chr6	114954209	.	.	.	.	no_length_info
PL1_chr6_116212824	6	115350740	115350719	50	chr6	115029565	chr6	116212824	.	.	.	.	no_length_info
PL1_chr6_116332740	6	115470269	115470285	1	chr6	115149113	chr6	116332740	.	.	.	.	no_length_info
PL1_chr6_116754689	6	115892497	115892510	1	chr6	115571339	chr6	116754689	.	.	.	.	no_length_info
PL1_chr6_118258142	6	117395508	117395478	4	chr6	117074330	chr6	118258142	.	.	.	.	no_length_info
PL1_chr6_119063357	6	118200271	118200284	2	chr6	117879114	chr6	119063357	.	.	.	.	no_length_info
PL1_chr6_121470003	6	120604508	120604520	1	chr6	120283368	chr6	121470003	.	.	.	.	no_length_info
PL1_chr6_124163375	6	123296287	123296262	1	chr6	122975129	chr6	124163375	.	.	.	.	no_length_info
PL1_chr6_124514323	6	123647652	123647693	47	chr6	123326527	chr6	124514323	.	.	.	.	no_length_info
PL1_chr6_124720509	6	123853931	123853934	50	chr6	123532787	chr6	124720509	.	.	.	L1_chr6_124720518_r	in_library
PL1_chr6_126559376	6	125692063	125692064	7	chr6	125370917	chr6	126559376	.	.	.	.	no_length_info
PL1_chr6_127491036	6	126623591	126623619	8	chr6	126302459	chr6	127491036	.	.	.	.	no_length_info
PL1_chr6_127706330	6	126838847	126838857	1	chr6	126517706	chr6	127706330	.	.	.	.	no_length_info
PL1_chr6_130981077	6	130107455	130107471	4	chr6	129786318	chr6	130981077	.	.	.	.	no_length_info
PL1_chr6_132111930	6	131237981	131237986	1	chr6	130916843	chr6	132111930	.	.	.	.	no_length_info
PL1_chr6_133347229	6	132473351	132473325	1	chr6	132152198	chr6	133347229	.	.	.	.	no_length_info
PL1_chr6_141264504	6	140401917	140401966	4	chr6	140080804	chr6	141264504	.	.	.	.	no_length_info
PL1_chr6_143321056	6	142450118	142450096	160	chr6	142128970	chr6	143321056	.	chr6:143315029-143321051(-)L1HS:6023	0.9929	L1_chr6_143315029_r	in_library
PL1_chr6_147557744	6	146685800	146685845	1	chr6	146364686	chr6	147557744	.	.	.	.	no_length_info
PL1_chr6_149035755	6	148163581	148163569	72	chr6	147842439	chr6	149035755	.	.	.	.	no_length_info
PL1_chr6_149070608	6	148195807	148195798	148	chr6	147874666	chr6	149070608	.	.	.	.	no_length_info
PL1_chr6_149208589	6	148333785	148333766	1	chr6	148012639	chr6	149208589	.	.	.	.	no_length_info
PL1_chr6_153767673	6	152887585	152887585	1	chr6	152566450	chr6	153767673	.	.	.	.	no_length_info
PL1_chr6_156527966	6	155647091	155647062	11	chr6	155325942	chr6	156527966	.	.	.	.	no_length_info
PL1_chr6_156831213	6	155950298	155950284	2	chr6	155629157	chr6	156831213	.	.	.	.	no_length_info
PL1_chr6_157635279	6	156754207	156754243	1	chr6	156433091	chr6	157635279	.	.	.	.	no_length_info
PL1_chr6_158789681	6	157968672	157968731	174	chr6	157547669	chr6	158789681	.	.	.	L1_chr6_158789722_r	in_library
PL1_chr6_160440841	6	159616260	159616272	1	chr6	159195234	chr6	160440841	.	.	.	.	no_length_info
PL1_chr6_163122893	6	162181258	162181280	178	chr6	161760237	chr6	163122893	.	.	.	.	no_length_info
PL1_chr6_163230989	6	162289336	162289315	1	chr6	161868293	chr6	163230989	.	.	.	.	no_length_info
PL1_chr6_163439226	6	162496982	162496992	2	chr6	162075955	chr6	163439226	.	.	.	.	no_length_info
PL1_chr6_163722083	6	162779924	162779935	1	chr6	162358897	chr6	163722083	.	.	.	.	no_length_info
PL1_chr6_164069962	6	163127870	163127883	4	chr6	162706844	chr6	164069962	.	.	.	.	no_length_info
PL1_chr7_3493864	7	3419176	3419206	1	chr7	3379559	chr7	3493864	.	.	.	.	no_length_info
PL1_chr7_8097923	7	8019024	8019038	27	chr7	7979400	chr7	8097923	.	.	.	.	no_length_info
PL1_chr7_8744817	7	8663309	8663366	6	chr7	8623707	chr7	8744817	.	.	.	.	no_length_info
PL1_chr7_8967938	7	8886718	8886717	17	chr7	8847087	chr7	8967938	.	.	.	L1_chr7_8967930_f	in_library
PL1_chr7_9064280	7	8982984	8983042	1	chr7	8943383	chr7	9064280	.	.	.	.	no_length_info
PL1_chr7_9784955	7	9694192	9694168	9	chr7	9654550	chr7	9784955	.	.	.	.	no_length_info
PL1_chr7_11896038	7	11804682	11804734	1	chr7	11765082	chr7	11896038	.	.	.	.	no_length_info
PL1_chr7_12816606	7	12725161	12725156	26	chr7	12685533	chr7	12816606	.	.	.	.	no_length_info
PL1_chr7_15837350	7	15743715	15743713	1	chr7	15704089	chr7	15837350	.	.	.	.	no_length_info
PL1_chr7_16751396	7	16661311	16661324	1	chr7	16621692	chr7	16751396	.	.	.	.	no_length_info
PL1_chr7_17184206	7	17094675	17094697	46	chr7	17055062	chr7	17184206	.	.	.	.	no_length_info
PL1_chr7_20265010	7	20170338	20170348	3	chr7	20130720	chr7	20265010	.	.	.	.	no_length_info
PL1_chr7_21571607	7	21475084	21475091	1	chr7	21435469	chr7	21571607	.	.	.	.	no_length_info
PL1_chr7_21872179	7	21775550	21775534	1	chr7	21735924	chr7	21872179	.	.	.	.	no_length_info
PL1_chr7_24274690	7	24176650	24176658	2	chr7	24137035	chr7	24274690	.	.	.	.	no_length_info
PL1_chr7_24375779	7	24277746	24277742	3	chr7	24238125	chr7	24375779	.	.	.	.	no_length_info
PL1_chr7_26890999	7	26794920	26794918	8	chr7	26755300	chr7	26890999	.	.	.	.	no_length_info
PL1_chr7_28107816	7	28009682	28009677	1	chr7	27970060	chr7	28107816	.	.	.	.	no_length_info
PL1_chr7_29360312	7	29262079	29262136	1	chr7	29222491	chr7	29360312	.	.	.	.	no_length_info
PL1_chr7_30912231	7	30814210	30814186	1	chr7	30774582	chr7	30912231	.	.	.	.	no_length_info
PL1_chr7_33334415	7	33234134	33234128	9	chr7	33194519	chr7	33334415	.	.	.	.	no_length_info
PL1_chr7_34540915	7	34440702	34440705	1	chr7	34401091	chr7	34540915	.	.	.	.	no_length_info
PL1_chr7_34917679	7	34817443	34817528	1	chr7	34777873	chr7	34917679	.	.	.	.	no_length_info
PL1_chr7_37861664	7	37760782	37760770	2	chr7	37721174	chr7	37861664	.	.	.	.	no_length_info
PL1_chr7_38853647	7	38736499	38736588	1	chr7	38696943	chr7	38853647	.	.	.	.	no_length_info
PL1_chr7_41429060	7	41310786	41310780	32	chr7	41271185	chr7	41429060	.	.	.	.	no_length_info
PL1_chr7_41612331	7	41494022	41494052	1	chr7	41454439	chr7	41612331	.	.	.	.	no_length_info
PL1_chr7_42648645	7	42529873	42529870	27	chr7	42490272	chr7	42648645	.	.	.	.	no_length_info
PL1_chr7_46472476	7	46350349	46350342	34	chr7	46310747	chr7	46472476	.	.	.	.	no_length_info
PL1_chr7_47987731	7	47864826	47864849	4	chr7	47825239	chr7	47987731	.	.	.	L1_chr7_47987725_f	in_library
PL1_chr7_52072611	7	51978881	51978893	1	chr7	51911191	chr7	52072611	.	.	.	.	no_length_info
PL1_chr7_52248392	7	52155323	52155298	1	chr7	52087614	chr7	52248392	.	.	.	.	no_length_info
PL1_chr7_52315063	7	52221999	52221982	1	chr7	52154294	chr7	52315063	.	.	.	.	no_length_info
PL1_chr7_52883018	7	52789474	52789455	113	chr7	52721770	chr7	52883018	.	.	.	.	no_length_info
PL1_chr7_53025115	7	52931120	52931116	1	chr7	52863425	chr7	53025115	.	.	.	.	no_length_info
PL1_chr7_53335889	7	53241711	53241703	7	chr7	53174014	chr7	53335889	.	.	.	.	no_length_info
PL1_chr7_53746394	7	53652501	53652496	81	chr7	53584805	chr7	53746394	.	.	.	L1_chr7_53746404_r	in_library
PL1_chr7_57400136	7	57224559	57224569	1	chr7	57156857	chr7	57400136	.	.	.	.	no_length_info
PL1_chr7_57953366	7	57768887	57768893	202	chr7	57709184	chr7	57953366	.	.	.	.	no_length_info
PL1_chr7_59312143	7	61062240	61062332	1	chr7	61079561	chr7	59312143	.	.	.	.	no_length_info
PL1_chr7_64231496	7	62492941	62492925	135	chr7	63032555	chr7	64231496	.	.	.	.	no_length_info
PL1_chr7_67715568	7	65960915	65960900	2	chr7	66495920	chr7	67715568	.	.	.	.	no_length_info
PL1_chr7_70330095	7	68572373	68572348	1	chr7	69107373	chr7	70330095	.	.	.	.	no_length_info
PL1_chr7_71947353	7	70188703	70188676	95	chr7	70723703	chr7	71947353	.	.	.	.	no_length_info
PL1_chr7_77393398	7	75735249	75735232	2	chr7	76105922	chr7	77393398	.	.	.	.	no_length_info
PL1_chr7_78073803	7	76424212	76424237	3	chr7	76794907	chr7	78073803	.	.	.	.	no_length_info
PL1_chr7_83302611	7	81680760	81680712	1	chr7	82051420	chr7	83302611	.	.	.	.	no_length_info
PL1_chr7_83433342	7	81811425	81811405	1	chr7	82182099	chr7	83433342	.	.	.	.	no_length_info
PL1_chr7_84456503	7	82834586	82834654	1	chr7	83205304	chr7	84456503	.	.	.	.	no_length_info
PL1_chr7_85950274	7	84329777	84329779	1	chr7	84700462	chr7	85950274	.	.	.	.	no_length_info
PL1_chr7_86522297	7	84901729	84901785	192	chr7	85272441	chr7	86522297	.	.	.	.	no_length_info
PL1_chr7_86665323	7	85044750	85044743	125	chr7	85415430	chr7	86665323	.	.	.	.	no_length_info
PL1_chr7_88339831	7	86719227	86719218	1	chr7	87089906	chr7	88339831	.	.	.	.	no_length_info
PL1_chr7_89296865	7	87676233	87676222	2	chr7	88046912	chr7	89296865	.	.	.	.	no_length_info
PL1_chr7_90202030	7	88580719	88580695	1	chr7	88951393	chr7	90202030	.	.	.	.	no_length_info
PL1_chr7_93047716	7	91435753	91435746	1	chr7	91806435	chr7	93047716	.	.	.	.	no_length_info
PL1_chr7_93925163	7	92312524	92312494	2	chr7	92683195	chr7	93925163	.	.	.	.	no_length_info
PL1_chr7_94716429	7	93103274	93103257	1	chr7	93473953	chr7	94716429	.	.	.	.	no_length_info
PL1_chr7_94759730	7	93146534	93146613	8	chr7	93517261	chr7	94759730	.	.	.	.	no_length_info
PL1_chr7_97703330	7	96096991	96096983	1	chr7	96467675	chr7	97703330	.	.	.	.	no_length_info
PL1_chr7_98975582	7	97374643	97374616	27	chr7	97745317	chr7	98975582	.	.	.	.	no_length_info
PL1_chr7_105199235	7	103525653	103525603	2	chr7	103885181	chr7	105199235	.	.	.	.	no_length_info
PL1_chr7_107642913	7	105967893	105967882	2	chr7	106327441	chr7	107642913	.	.	.	.	no_length_info
PL1_chr7_109513404	7	107829267	107829245	182	chr7	108188812	chr7	109513404	.	chr7:109507346-109513374(+)L1HS:6029	0.9940	L1_chr7_109507346_f	in_library
PL1_chr7_110009827	7	108325686	108325675	161	chr7	108685236	chr7	110009827	.	.	.	.	no_length_info
PL1_chr7_111256813	7	109571961	109572006	2	chr7	109931926	chr7	111256813	.	.	.	.	no_length_info
PL1_chr7_112163086	7	110484758	110484850	60	chr7	110844748	chr7	112163086	.	.	.	.	no_length_info
PL1_chr7_112669237	7	110990985	110990984	1	chr7	111350928	chr7	112669237	.	.	.	.	no_length_info
PL1_chr7_114468630	7	112789624	112789605	36	chr7	113149559	chr7	114468630	.	.	.	.	no_length_info
PL1_chr7_118158794	7	116483662	116483634	4	chr7	116843594	chr7	118158794	.	.	.	.	no_length_info
PL1_chr7_119879450	7	118203955	118203975	1	chr7	118563911	chr7	119879450	.	.	.	.	no_length_info
PL1_chr7_121121898	7	119446517	119446600	28	chr7	119806504	chr7	121121898	.	.	.	.	no_length_info
PL1_chr7_123800459	7	122124559	122124540	7	chr7	122484495	chr7	123800459	.	.	.	.	no_length_info
PL1_chr7_126128623	7	124451303	124451317	25	chr7	124811256	chr7	126128623	.	.	.	.	no_length_info
PL1_chr7_126988889	7	125311670	125311722	2	chr7	125671642	chr7	126988889	.	.	.	.	no_length_info
PL1_chr7_132500189	7	130867434	130867481	3	chr7	131182698	chr7	132500189	.	.	.	.	no_length_info
PL1_chr7_135692372	7	134069002	134069086	2	chr7	134384292	chr7	135692372	.	.	.	.	no_length_info
PL1_chr7_136481281	7	134858176	134858166	1	chr7	135173419	chr7	136481281	.	.	.	.	no_length_info
PL1_chr7_137721425	7	136098829	136098919	1	chr7	136414126	chr7	137721425	chr7:136414181-136420210(-)L1PA2:6030	chr7:137721527-137727545(-)L1PA2:6019	0.9834	.	reference_l1_at_site
PL1_chr7_142556487	7	140942144	140942173	1	chr7	141242358	chr7	142556487	.	.	.	.	no_length_info
PL1_chr7_143096817	7	141480791	141480783	5	chr7	141780987	chr7	143096817	.	.	.	.	no_length_info
PL1_chr7_144476983	7	142818659	142818659	30	chr7	143121566	chr7	144476983	.	.	.	L1_chr7_144476982_f	in_library
PL1_chr7_145755587	7	144272233	144272215	1	chr7	144575131	chr7	145755587	.	.	.	.	no_length_info
PL1_chr7_149088785	7	147605866	147605888	1	chr7	147908785	chr7	149088785	.	.	.	.	no_length_info
PL1_chr7_149347999	7	147865084	147865120	2	chr7	148168010	chr7	149347999	.	.	.	.	no_length_info
PL1_chr7_154402074	7	152926069	152926103	1	chr7	153229001	chr7	154402074	chr7:153229028-153235446(-)L1PA7:6419	chr7:154402082-154408520(-)L1PA7:6439	0.8181	.	reference_l1_at_site
PL1_chr7_155788721	7	154404822	154404835	1	chr7	154613118	chr7	155788721	.	.	.	.	no_length_info
PL1_chr7_155891395	7	154508464	154508551	3	chr7	154716797	chr7	155891395	.	.	.	.	no_length_info
PL1_chr7_156103376	7	154719765	154719853	1	chr7	154928099	chr7	156103376	.	.	.	.	no_length_info
PL1_chr7_157678030	7	156282908	156282981	1	chr7	156490250	chr7	157678030	.	.	.	.	no_length_info
PL1_hg19_chr8_2255779	8	2255772	2255787	1	chr8	2309724	.	-1	.	.	.	.	no_length_info
PL1_chr8_3174785	8	3278020	3278025	2	chr8	3420500	chr8	3174785	.	.	.	.	no_length_info
PL1_chr8_4348143	8	4452883	4452919	56	chr8	4595379	chr8	4348143	.	.	.	.	no_length_info
PL1_chr8_4656314	8	4761018	4761005	1	chr8	4903489	chr8	4656314	.	.	.	.	no_length_info
PL1_chr8_5725118	8	5829280	5829272	218	chr8	5971754	chr8	5725118	.	.	.	.	no_length_info
PL1_chr8_11128100	8	8473810	8473797	1	chr8	8616293	chr8	11128100	.	.	.	.	no_length_info
PL1_chr8_11126967	8	8474913	8474959	1	chr8	8617426	chr8	11126967	.	.	.	.	no_length_info
PL1_chr8_9655745	8	9942418	9942427	1	chr8	10084912	chr8	9655745	.	.	.	.	no_length_info
PL1_chr8_13451870	8	13042920	13042862	1	chr8	13185382	chr8	13451870	.	.	.	.	no_length_info
PL1_chr8_13891220	8	13482159	13482134	1	chr8	13624637	chr8	13891220	.	.	.	.	no_length_info
PL1_chr8_14307084	8	13898766	13898757	1	chr8	14041252	chr8	14307084	.	.	.	.	no_length_info
PL1_chr8_25344507	8	24926525	24926550	103	chr8	25069022	chr8	25344507	.	.	.	.	no_length_info
PL1_chr8_25740793	8	25323106	25323083	2	chr8	25465578	chr8	25740793	.	.	.	.	no_length_info
PL1_chr8_27449452	8	27030137	27030114	1	chr8	27172608	chr8	27449452	.	.	.	.	no_length_info
PL1_chr8_29357170	8	28936541	28936518	1	chr8	29079012	chr8	29357170	.	.	.	.	no_length_info
PL1_chr8_34779686	8	34361959	34362044	2	chr8	34504483	chr8	34779686	.	.	.	.	no_length_info
PL1_chr8_34886426	8	34468610	34468580	2	chr8	34611077	chr8	34886426	.	.	.	.	no_length_info
PL1_chr8_35662987	8	35244898	35244878	19	chr8	35387370	chr8	35662987	.	.	.	.	no_length_info
PL1_chr8_40372550	8	39953131	39953115	1	chr8	40095604	chr8	40372550	.	.	.	.	no_length_info
PL1_chr8_40852583	8	40433164	40433175	19	chr8	40575650	chr8	40852583	.	.	.	.	no_length_info
PL1_chr8_49436594	8	49971327	49971321	1	chr8	49058765	chr8	49436594	.	.	.	.	no_length_info
PL1_chr8_56626338	8	57161899	57161915	12	chr8	56249348	chr8	56626338	.	.	.	L1_chr8_56626329_f	in_library
PL1_chr8_57552869	8	58082553	58082543	2	chr8	57169989	chr8	57552869	.	.	.	.	no_length_info
PL1_chr8_57842373	8	58333378	58333399	1	chr8	57420829	chr8	57842373	.	.	.	.	no_length_info
PL1_chr8_57856935	8	58347962	58347941	7	chr8	57435392	chr8	57856935	.	.	.	.	no_length_info
PL1_chr8_58598320	8	59089776	59089809	1	chr8	58177233	chr8	58598320	.	.	.	.	no_length_info
PL1_chr8_61626334	8	62115164	62115157	8	chr8	61202601	chr8	61626334	.	.	.	.	no_length_info
PL1_chr8_62193119	8	62681635	62681710	2	chr8	61769113	chr8	62193119	.	.	.	.	no_length_info
PL1_chr8_64783490	8	65270611	65270604	1	chr8	64358050	chr8	64783490	.	.	.	.	no_length_info
PL1_chr8_66895166	8	67381806	67381876	143	chr8	66469606	chr8	66895166	.	.	.	.	no_length_info
PL1_chr8_69623735	8	70106449	70106471	7	chr8	69194225	chr8	69623735	.	.	.	.	no_length_info
PL1_chr8_71530066	8	72013148	72013241	13	chr8	71100959	chr8	71530066	.	.	.	.	no_length_info
PL1_chr8_71922460	8	72399227	72399216	156	chr8	71486986	chr8	71922460	.	chr8:71916433-71922463(-)L1HS:6031	0.9950	L1_chr8_71916433_r	in_library
PL1_chr8_74728472	8	75211421	75211405	3	chr8	74299178	chr8	74728472	.	.	.	.	no_length_info
PL1_chr8_74930774	8	75413431	75413470	2	chr8	74501215	chr8	74930774	.	.	.	.	no_length_info
PL1_chr8_75147652	8	75630470	75630444	1	chr8	74718222	chr8	75147652	.	.	.	.	no_length_info
PL1_chr8_75240974	8	75723738	75723726	33	chr8	74811497	chr8	75240974	.	.	.	.	no_length_info
PL1_chr8_77491432	8	77974084	77974098	2	chr8	77061855	chr8	77491432	.	.	.	.	no_length_info
PL1_chr8_77749954	8	78232612	78232583	1	chr8	77320361	chr8	77749954	.	.	.	.	no_length_info
PL1_chr8_77939447	8	78419955	78419952	1	chr8	77507717	chr8	77939447	.	.	.	.	no_length_info
PL1_chr8_79332816	8	79813671	79813659	11	chr8	78901430	chr8	79332816	.	.	.	.	no_length_info
PL1_chr8_79411693	8	79892556	79892549	4	chr8	78980317	chr8	79411693	.	.	.	.	no_length_info
PL1_chr8_79631141	8	80112068	80112052	1	chr8	79199825	chr8	79631141	.	.	.	.	no_length_info
PL1_chr8_79635914	8	80116831	80116835	5	chr8	79204598	chr8	79635914	.	.	.	.	no_length_info
PL1_chr8_83260250	8	83740701	83740676	50	chr8	82828453	chr8	83260250	.	.	.	.	no_length_info
PL1_chr8_84099550	8	84573972	84573987	15	chr8	83661744	chr8	84099550	.	chr8:84093469-84099503(+)L1HS:6035	0.9960	L1_chr8_84093469_f	in_library
PL1_chr8_84217051	8	84691477	84691473	2	chr8	83779240	chr8	84217051	.	.	.	.	no_length_info
PL1_chr8_84953940	8	85428620	85428603	31	chr8	84516376	chr8	84953940	.	.	.	.	no_length_info
PL1_chr8_85871172	8	86344676	86344668	1	chr8	85432443	chr8	85871172	.	.	.	.	no_length_info
PL1_chr8_87422926	8	87314991	87315073	105	chr8	86302803	chr8	87422926	.	.	.	.	no_length_info
PL1_chr8_90092646	8	89981803	89981903	1	chr8	88969624	chr8	90092646	.	.	.	.	no_length_info
PL1_chr8_90281876	8	90170972	90170977	1	chr8	89158745	chr8	90281876	.	.	.	.	no_length_info
PL1_chr8_90417819	8	90306958	90306986	4	chr8	89294743	chr8	90417819	.	.	.	.	no_length_info
PL1_chr8_91557414	8	91446056	91446024	12	chr8	90433812	chr8	91557414	.	.	.	.	no_length_info
PL1_chr8_92298944	8	92186190	92186282	4	chr8	91174008	chr8	92298944	.	.	.	.	no_length_info
PL1_chr8_94629980	8	94517529	94517547	1	chr8	93505310	chr8	94629980	.	.	.	.	no_length_info
PL1_chr8_94665610	8	94553146	94553179	1	chr8	93540934	chr8	94665610	.	.	.	.	no_length_info
PL1_chr8_96117495	8	96004763	96004771	1	chr8	94992539	chr8	96117495	.	.	.	.	no_length_info
PL1_chr8_97830851	8	97717368	97717348	1	chr8	96705130	chr8	97830851	.	.	.	.	no_length_info
PL1_chr8_100638188	8	100525428	100525418	2	chr8	99513195	chr8	100638188	.	.	.	L1_chr8_100638181_r	in_library
PL1_chr8_104834305	8	104718894	104718983	3	chr8	103706710	chr8	104834305	.	.	.	.	no_length_info
PL1_chr8_106794300	8	106678925	106679003	4	chr8	105666736	chr8	106794300	.	.	.	.	no_length_info
PL1_chr8_108234512	8	108118913	108118891	1	chr8	107106674	chr8	108234512	.	.	.	.	no_length_info
PL1_chr8_109765284	8	109649045	109649024	2	chr8	108636805	chr8	109765284	.	.	.	.	no_length_info
PL1_chr8_110297480	8	110181179	110181159	1	chr8	109168940	chr8	110297480	.	.	.	.	no_length_info
PL1_chr8_111749002	8	111632630	111632607	14	chr8	110620389	chr8	111749002	.	.	.	.	no_length_info
PL1_chr8_112237715	8	112121309	112121316	2	chr8	111109083	chr8	112237715	.	.	.	.	no_length_info
PL1_chr8_113038725	8	112925629	112925613	1	chr8	111913392	chr8	113038725	.	.	.	.	no_length_info
PL1_chr8_113056836	8	112943729	112943724	1	chr8	111931497	chr8	113056836	.	.	.	.	no_length_info
PL1_chr8_115885708	8	115773133	115773128	4	chr8	114760901	chr8	115885708	.	.	.	.	no_length_info
PL1_chr8_115903344	8	115788574	115788562	90	chr8	114776339	chr8	115903344	.	.	.	.	no_length_info
PL1_chr8_115996558	8	115881789	115881771	85	chr8	114869551	chr8	115996558	.	.	.	.	no_length_info
PL1_chr8_118399672	8	118283799	118283767	1	chr8	117271544	chr8	118399672	.	.	.	.	no_length_info
PL1_chr8_119612747	8	119496448	119496440	3	chr8	118484205	chr8	119612747	.	.	.	.	no_length_info
PL1_chr8_119837922	8	119721705	119721697	63	chr8	118709462	chr8	119837922	.	.	.	.	no_length_info
PL1_chr8_130604645	8	130490962	130490976	1	chr8	129478723	chr8	130604645	.	.	.	.	no_length_info
PL1_chr8_131155446	8	131041222	131041216	84	chr8	130028973	chr8	131155446	.	.	.	.	no_length_info
PL1_chr8_132835210	8	132724527	132724563	13	chr8	131712298	chr8	132835210	.	.	.	.	no_length_info
PL1_chr8_135006274	8	134894498	134894508	1	chr8	133882260	chr8	135006274	.	.	.	.	no_length_info
PL1_chr8_135084017	8	134972239	134972225	33	chr8	133959989	chr8	135084017	.	.	.	.	no_length_info
PL1_chr8_135285480	8	135179737	135179714	1	chr8	134167482	chr8	135285480	.	.	.	.	no_length_info
PL1_chr8_135309349	8	135203548	135203611	1	chr8	134191336	chr8	135309349	.	.	.	.	no_length_info
PL1_chr8_137327329	8	137223452	137223452	5	chr8	136211209	chr8	137327329	.	.	.	L1_chr8_137327327_r	in_library
PL1_chr9_1194503	9	1192860	1192812	1	chr9	1192836	chr9	1194503	.	.	.	.	no_length_info
PL1_chr9_4269963	9	4265422	4265399	3	chr9	4265410	chr9	4269963	.	.	.	.	no_length_info
PL1_chr9_4534395	9	4530739	4530722	1	chr9	4530730	chr9	4534395	.	.	.	.	no_length_info
PL1_chr9_5194559	9	5189486	5189482	1	chr9	5189484	chr9	5194559	.	.	.	.	no_length_info
PL1_chr9_5496526	9	5491416	5491401	75	chr9	5491408	chr9	5496526	.	.	.	L1_chr9_5496529_f	in_library
PL1_chr9_6295557	9	6290505	6290508	234	chr9	6290506	chr9	6295557	.	.	.	.	no_length_info
PL1_chr9_7324077	9	7327589	7327568	4	chr9	7327578	chr9	7324077	.	.	.	.	no_length_info
PL1_chr9_7744087	9	7741415	7741399	86	chr9	7741407	chr9	7744087	.	chr9:7737995-7744012(+)L1PA2:6018	0.9932	.	resolved_in_hs1
PL1_chr9_9247816	9	9236616	9236609	60	chr9	9236612	chr9	9247816	.	.	.	.	no_length_info
PL1_chr9_10173207	9	10163149	10163182	8	chr9	10163165	chr9	10173207	.	.	.	.	no_length_info
PL1_chr9_10650178	9	10640813	10640887	1	chr9	10640850	chr9	10650178	.	.	.	.	no_length_info
PL1_chr9_13059440	9	13050106	13050118	2	chr9	13050113	chr9	13059440	.	.	.	.	no_length_info
PL1_chr9_18597553	9	18584279	18584276	3	chr9	18584279	chr9	18597553	.	.	.	.	no_length_info
PL1_chr9_19902537	9	19888679	19888648	1	chr9	19888665	chr9	19902537	.	.	.	.	no_length_info
PL1_chr9_24283409	9	24277393	24277423	5	chr9	24277410	chr9	24283409	.	.	.	.	no_length_info
PL1_chr9_24945302	9	24939117	24939110	1	chr9	24939115	chr9	24945302	.	.	.	.	no_length_info
PL1_chr9_25144734	9	25134170	25134187	1	chr9	25134180	chr9	25144734	.	.	.	.	no_length_info
PL1_chr9_29274042	9	29260357	29260395	3	chr9	29260378	chr9	29274042	.	.	.	.	no_length_info
PL1_chr9_30689776	9	30674469	30674444	53	chr9	30674458	chr9	30689776	.	.	.	.	no_length_info
PL1_chr9_30920659	9	30905066	30905060	1	chr9	30905065	chr9	30920659	.	.	.	.	no_length_info
PL1_chr9_32108455	9	32092728	32092762	91	chr9	32092747	chr9	32108455	.	.	.	.	no_length_info
PL1_hg19_chr9_32463892	9	32463870	32463915	153	chr9	32463894	.	-1	.	.	.	.	no_length_info
PL1_chr9_32773548	9	32757363	32757338	1	chr9	32757352	chr9	32773548	.	.	.	.	no_length_info
PL1_chr9_34306785	9	34288214	34288189	2	chr9	34288203	chr9	34306785	.	.	.	.	no_length_info
PL1_chr9_47748088	9	68403320	68403340	1	chr9	63807596	chr9	47748088	.	.	.	.	no_length_info
PL1_chr9_47726272	9	68424151	68424111	1	chr9	63828397	chr9	47726272	.	.	.	.	no_length_info
PL1_chr9_47723535	9	68426826	68426910	2	chr9	63831134	chr9	47723535	.	.	.	.	no_length_info
PL1_chr9_47673040	9	68477360	68477350	3	chr9	63881621	chr9	47673040	.	.	.	.	no_length_info
PL1_chr9_47656140	9	68494260	68494250	95	chr9	63898521	chr9	47656140	.	.	.	.	no_length_info
PL1_chr9_80575855	9	71017181	71017183	5	chr9	68402266	chr9	80575855	.	.	.	.	no_length_info
PL1_chr9_80748740	9	71190085	71190115	1	chr9	68575184	chr9	80748740	.	.	.	.	no_length_info
PL1_chr9_81870063	9	72318356	72318364	1	chr9	69703444	chr9	81870063	.	.	.	.	no_length_info
PL1_chr9_82329268	9	72777422	72777407	33	chr9	70162498	chr9	82329268	.	.	.	.	no_length_info
PL1_chr9_83118520	9	73584468	73584449	1	chr9	70969542	chr9	83118520	.	.	.	.	no_length_info
PL1_chr9_83356351	9	73822329	73822323	1	chr9	71207410	chr9	83356351	.	.	.	.	no_length_info
PL1_chr9_84440842	9	74904928	74904921	29	chr9	72290008	chr9	84440842	.	.	.	.	no_length_info
PL1_chr9_87072902	9	77534920	77534903	1	chr9	74919995	chr9	87072902	.	.	.	.	no_length_info
PL1_chr9_91626254	9	82082806	82082772	17	chr9	79467874	chr9	91626254	.	.	.	.	no_length_info
PL1_chr9_98820686	9	89284350	89284351	1	chr9	86669435	chr9	98820686	.	.	.	.	no_length_info
PL1_chr9_99430149	9	89891666	89891679	14	chr9	87276757	chr9	99430149	.	.	.	.	no_length_info
PL1_chr9_103462338	9	94058476	94058482	31	chr9	91296197	chr9	103462338	.	.	.	.	no_length_info
PL1_chr9_103820672	9	94416773	94416780	22	chr9	91654494	chr9	103820672	.	.	.	L1_chr9_103820657_r	in_library
PL1_chr9_107340633	9	97933472	97933472	2	chr9	95171190	chr9	107340633	.	.	.	.	no_length_info
PL1_chr9_110085187	9	100675507	100675558	23	chr9	97913250	chr9	110085187	.	.	.	.	no_length_info
PL1_chr9_114485536	9	105073669	105073646	62	chr9	102311375	chr9	114485536	.	.	.	.	no_length_info
PL1_chr9_116014258	9	106602619	106602636	2	chr9	103840346	chr9	116014258	.	.	.	.	no_length_info
PL1_chr9_120971844	9	111564968	111564953	42	chr9	108802680	chr9	120971844	.	.	.	L1_chr9_120971846_f	in_library
PL1_chr9_123872101	9	114463007	114463039	2	chr9	111700743	chr9	123872101	.	.	.	.	no_length_info
PL1_chr9_127515000	9	118083858	118083885	175	chr9	115321592	chr9	127515000	.	.	.	.	no_length_info
PL1_chr9_130733905	9	121302297	121302302	1	chr9	118540021	chr9	130733905	.	.	.	.	no_length_info
PL1_chr9_130826200	9	121394599	121394589	2	chr9	118632316	chr9	130826200	.	.	.	.	no_length_info
PL1_chr9_132863661	9	123429802	123429772	1	chr9	120667509	chr9	132863661	.	.	.	.	no_length_info
PL1_chr9_134854610	9	125419552	125419576	1	chr9	122657285	chr9	134854610	.	.	.	.	no_length_info
PL1_chr9_134921168	9	125486094	125486154	2	chr9	122723845	chr9	134921168	.	.	.	.	no_length_info
PL1_chr10_1384365	10	1427680	1427668	4	chr10	1385479	chr10	1384365	.	.	.	.	no_length_info
PL1_chr10_5019446	10	5061277	5061311	11	chr10	5019102	chr10	5019446	.	.	.	.	no_length_info
PL1_chr10_6616434	10	6658259	6658268	1	chr10	6616301	chr10	6616434	.	.	.	.	no_length_info
PL1_chr10_10088603	10	10119541	10119518	2	chr10	10077566	chr10	10088603	.	.	.	.	no_length_info
PL1_chr10_12527802	10	12557475	12557526	3	chr10	12515501	chr10	12527802	.	.	.	.	no_length_info
PL1_chr10_14281865	10	14310850	14310835	7	chr10	14268843	chr10	14281865	.	.	.	.	no_length_info
PL1_chr10_15988114	10	16011783	16011784	1	chr10	15969784	chr10	15988114	.	.	.	.	no_length_info
PL1_chr10_16007921	10	16031588	16031605	2	chr10	15989597	chr10	16007921	.	.	.	.	no_length_info
PL1_chr10_18795911	10	19065790	19065777	26	chr10	18776854	chr10	18795911	.	.	.	L1_chr10_18795918_r	in_library
PL1_chr10_18946766	10	19216633	19216681	40	chr10	18927728	chr10	18946766	.	.	.	.	no_length_info
PL1_chr10_19813876	10	20084548	20084544	1	chr10	19795617	chr10	19813876	.	.	.	.	no_length_info
PL1_chr10_23573284	10	23842057	23842063	77	chr10	23553131	chr10	23573284	.	.	.	.	no_length_info
PL1_chr10_24279693	10	24550092	24550078	1	chr10	24261156	chr10	24279693	.	.	.	.	no_length_info
PL1_chr10_25306243	10	25576945	25576935	1	chr10	25288011	chr10	25306243	.	.	.	.	no_length_info
PL1_chr10_25436976	10	25707668	25707679	229	chr10	25418744	chr10	25436976	.	chr10:25437010-25443040(-)L1HS:6031	0.9915	L1_chr10_25437010_r	in_library
PL1_chr10_29205758	10	29463038	29463020	1	chr10	29174100	chr10	29205758	.	.	.	.	no_length_info
PL1_chr10_31258293	10	31517475	31517480	5	chr10	31228548	chr10	31258293	.	.	.	L1_chr10_31258281_r	in_library
PL1_chr10_33055149	10	33315340	33315325	1	chr10	33026404	chr10	33055149	.	.	.	.	no_length_info
PL1_chr10_36285735	10	36543781	36543761	1	chr10	36254843	chr10	36285735	.	.	.	.	no_length_info
PL1_chr10_36501615	10	36759285	36759266	1	chr10	36470347	chr10	36501615	.	.	.	L1_chr10_36501617_f	in_library
PL1_chr10_37130476	10	37387302	37387340	1	chr10	37098393	chr10	37130476	.	.	.	.	no_length_info
PL1_chr10_38913954	10	39146612	39146580	1	chr10	38853465	chr10	38913954	.	.	.	.	no_length_info
PL1_chr10_45510382	10	45125004	45124988	2	chr10	44629548	chr10	45510382	.	.	.	.	no_length_info
PL1_chr10_52151976	10	53063103	53063099	13	chr10	51303341	chr10	52151976	.	.	.	.	no_length_info
PL1_chr10_52281300	10	53192418	53192454	1	chr10	51432676	chr10	52281300	.	.	.	.	no_length_info
PL1_chr10_53289310	10	54202488	54202471	1	chr10	52442719	chr10	53289310	.	.	.	.	no_length_info
PL1_chr10_57124106	10	58033520	58033516	1	chr10	56273757	chr10	57124106	.	.	.	.	no_length_info
PL1_chr10_57282698	10	58192103	58192180	2	chr10	56432380	chr10	57282698	.	.	.	.	no_length_info
PL1_chr10_58074338	10	58979123	58979112	2	chr10	57219357	chr10	58074338	.	.	.	L1_chr10_58074341_r	in_library
PL1_hg19_chr10_59257969	10	59257938	59258000	4	chr10	57498209	.	-1	.	.	.	.	no_length_info
PL1_chr10_58455981	10	59361575	59361566	3	chr10	57601810	chr10	58455981	.	.	.	.	no_length_info
PL1_chr10_59799427	10	60705216	60705190	1	chr10	58945443	chr10	59799427	.	.	.	.	no_length_info
PL1_chr10_59836034	10	60741813	60741802	1	chr10	58982047	chr10	59836034	.	.	.	.	no_length_info
PL1_chr10_63589539	10	64491463	64491457	1	chr10	62731700	chr10	63589539	.	.	.	.	no_length_info
PL1_chr10_65952199	10	66852118	66852208	1	chr10	65092405	chr10	65952199	.	.	.	.	no_length_info
PL1_chr10_67200906	10	68097343	68097331	2	chr10	66337579	chr10	67200906	.	.	.	.	no_length_info
PL1_chr10_67270537	10	68167061	68167065	1	chr10	66407305	chr10	67270537	.	.	.	.	no_length_info
PL1_chr10_67281610	10	68178151	68178124	33	chr10	66418379	chr10	67281610	.	.	.	.	no_length_info
PL1_chr10_67600312	10	68496849	68496825	1	chr10	66737079	chr10	67600312	.	.	.	.	no_length_info
PL1_chr10_67907114	10	68803676	68803682	27	chr10	67043921	chr10	67907114	.	.	.	.	no_length_info
PL1_chr10_68333436	10	69224855	69224900	2	chr10	67465119	chr10	68333436	.	.	.	.	no_length_info
PL1_chr10_73558347	10	74446733	74446746	1	chr10	72686981	chr10	73558347	.	.	.	.	no_length_info
PL1_chr10_75884683	10	76770886	76770937	1	chr10	75011153	chr10	75884683	.	.	.	.	no_length_info
PL1_chr10_78115899	10	79007277	79007262	1	chr10	77247511	chr10	78115899	.	.	.	.	no_length_info
PL1_chr10_79573014	10	80463571	80463547	1	chr10	78703802	chr10	79573014	.	.	.	.	no_length_info
PL1_chr10_83096491	10	83982337	83982369	5	chr10	82222597	chr10	83096491	.	.	.	.	no_length_info
PL1_chr10_85809120	10	86688955	86688929	1	chr10	84929186	chr10	85809120	.	.	.	.	no_length_info
PL1_chr10_90841380	10	91717623	91717633	44	chr10	89957871	chr10	90841380	.	.	.	L1_chr10_90841391_r	in_library
PL1_chr10_91854865	10	92730949	92730938	4	chr10	90971186	chr10	91854865	.	.	.	.	no_length_info
PL1_chr10_93827703	10	94707807	94707835	8	chr10	92948064	chr10	93827703	.	.	.	.	no_length_info
PL1_chr10_94974675	10	95855345	95855334	2	chr10	94095582	chr10	94974675	.	.	.	.	no_length_info
PL1_chr10_95559615	10	96440257	96440238	1	chr10	94680490	chr10	95559615	.	.	.	.	no_length_info
PL1_chr10_100140009	10	101017844	101017930	1	chr10	99258130	chr10	100140009	.	.	.	.	no_length_info
PL1_chr10_100226488	10	101104366	101104367	1	chr10	99344609	chr10	100226488	.	.	.	.	no_length_info
PL1_chr10_106395668	10	107265502	107265477	2	chr10	105505731	chr10	106395668	.	.	.	.	no_length_info
PL1_chr10_109582449	10	110453472	110453464	174	chr10	108693710	chr10	109582449	.	.	.	.	no_length_info
PL1_chr10_110510674	10	111380480	111380487	1	chr10	109620725	chr10	110510674	.	.	.	.	no_length_info
PL1_chr10_119318949	10	120183483	120183495	9	chr10	118423977	chr10	119318949	.	.	.	.	no_length_info
PL1_chr10_121799224	10	122662192	122662185	2	chr10	120902676	chr10	121799224	.	.	.	.	no_length_info
PL1_chr10_123570760	10	124455230	124455236	80	chr10	122695717	chr10	123570760	.	.	.	L1_chr10_123570750_f	in_library
PL1_chr10_126176223	10	126983631	126983646	2	chr10	125295069	chr10	126176223	.	.	.	.	no_length_info
PL1_chr10_129752036	10	130625067	130625046	14	chr10	128826792	chr10	129752036	.	.	.	.	no_length_info
PL1_chr10_130597148	10	131468408	131468402	10	chr10	129670141	chr10	130597148	.	.	.	.	no_length_info
PL1_chr11_6849566	11	6812381	6812370	4	chr11	6791144	chr11	6849566	.	.	.	.	no_length_info
PL1_chr11_10105283	11	10042443	10042432	2	chr11	10020890	chr11	10105283	.	.	.	.	no_length_info
PL1_chr11_10272869	11	10210026	10210029	1	chr11	10188480	chr11	10272869	.	.	.	.	no_length_info
PL1_chr11_14015162	11	13944122	13944116	1	chr11	13922572	chr11	14015162	.	.	.	.	no_length_info
PL1_chr11_14714471	11	14640715	14640729	1	chr11	14619176	chr11	14714471	.	.	.	.	no_length_info
PL1_chr11_14721436	11	14647696	14647679	1	chr11	14626141	chr11	14721436	.	.	.	.	no_length_info
PL1_chr11_15954086	11	15877672	15877668	1	chr11	15856124	chr11	15954086	.	.	.	.	no_length_info
PL1_chr11_22908431	11	22809352	22809341	1	chr11	22787800	chr11	22908431	.	.	.	.	no_length_info
PL1_chr11_25235456	11	25123357	25123335	81	chr11	25101800	chr11	25235456	.	.	.	.	no_length_info
PL1_chr11_26279024	11	26159960	26159978	1	chr11	26138422	chr11	26279024	.	.	.	.	no_length_info
PL1_chr11_26537850	11	26418532	26418545	55	chr11	26396991	chr11	26537850	.	.	.	.	no_length_info
PL1_chr11_30293023	11	30180467	30180483	2	chr11	30158928	chr11	30293023	.	.	.	.	no_length_info
PL1_chr11_31098454	11	30983923	30983918	2	chr11	30962373	chr11	31098454	.	.	.	.	no_length_info
PL1_chr11_31717344	11	31603031	31603020	5	chr11	31581478	chr11	31717344	.	.	.	.	no_length_info
PL1_chr11_33785585	11	33670139	33670127	147	chr11	33648587	chr11	33785585	.	.	.	.	no_length_info
PL1_chr11_36680115	11	36558471	36558508	47	chr11	36536939	chr11	36680115	.	.	.	L1_chr11_36680106_r	in_library
PL1_chr11_39291778	11	39166778	39166758	1	chr11	39145218	chr11	39291778	.	.	.	.	no_length_info
PL1_chr11_39350241	11	39225160	39225142	1	chr11	39203601	chr11	39350241	.	.	.	.	no_length_info
PL1_chr11_40966626	11	40841284	40841265	3	chr11	40819724	chr11	40966626	.	.	.	.	no_length_info
PL1_chr11_41956924	11	41831794	41831793	120	chr11	41810243	chr11	41956924	.	.	.	.	no_length_info
PL1_chr11_41995005	11	41869879	41869852	3	chr11	41848315	chr11	41995005	.	.	.	.	no_length_info
PL1_chr11_42116969	11	41991724	41991626	2	chr11	41970125	chr11	42116969	.	.	.	.	no_length_info
PL1_chr11_43490823	11	43356916	43356951	39	chr11	43335383	chr11	43490823	.	.	.	.	no_length_info
PL1_chr11_44550690	11	44416889	44416969	4	chr11	44395379	chr11	44550690	chr11:44390872-44395203(-)L1PA5:4332	chr11:44546186-44550514(-)L1PA5:4329	0.9223	.	reference_l1_at_site
PL1_chr11_48508809	11	48360798	48360738	1	chr11	48339216	chr11	48508809	.	.	.	.	no_length_info
PL1_chr11_50617640	11	50399959	50399968	48	chr11	50440792	chr11	50617640	.	.	.	.	no_length_info
PL1_chr11_54529928	11	51525338	51525415	7	chr11	54593904	chr11	54529928	.	.	.	.	no_length_info
PL1_chr11_56041622	11	55870727	55870771	34	chr11	56103273	chr11	56041622	.	.	.	.	no_length_info
PL1_chr11_56750361	11	56568729	56568744	1	chr11	56801260	chr11	56750361	.	.	.	.	no_length_info
PL1_chr11_58167342	11	57985408	57985388	3	chr11	58217926	chr11	58167342	.	.	.	.	no_length_info
PL1_chr11_58354295	11	58171849	58171857	143	chr11	58404380	chr11	58354295	.	.	.	.	no_length_info
PL1_chr11_58694636	11	58512611	58512596	1	chr11	58745130	chr11	58694636	.	.	.	.	no_length_info
PL1_chr11_67832877	11	67599059	67599056	91	chr11	67831586	chr11	67832877	.	chr11:67826820-67832874(+)L1HS:6055	0.9963	L1_chr11_67826820_f	in_library
PL1_chr11_79853922	11	79630216	79630203	1	chr11	79919166	chr11	79853922	.	.	.	.	no_length_info
PL1_chr11_83877785	11	83652371	83652354	47	chr11	83941319	chr11	83877785	.	.	.	.	no_length_info
PL1_chr11_87798180	11	87566752	87566815	2	chr11	87855891	chr11	87798180	.	.	.	L1_chr11_87798145_r	in_library
PL1_chr11_90009621	11	89822676	89822748	1	chr11	90089544	chr11	90009621	chr11:90089697-90095729(-)L1PA2:6033	chr11:90009774-90015806(-)L1PA2:6033	0.9718	.	reference_l1_at_site
PL1_chr11_90899033	11	90710852	90710928	2	chr11	90977722	chr11	90899033	chr11:90973127-90978359(+)L1PA8:5233	chr11:90894431-90899677(+)L1PA8:5247	0.9245	.	reference_l1_at_site
PL1_chr11_91324847	11	91135367	91135422	42	chr11	91402228	chr11	91324847	.	.	.	.	no_length_info
PL1_chr11_91392845	11	91203215	91203195	1	chr11	91470039	chr11	91392845	.	.	.	.	no_length_info
PL1_chr11_93221235	11	93031600	93031586	1	chr11	93298427	chr11	93221235	.	.	.	.	no_length_info
PL1_chr11_94951699	11	94677851	94677841	8	chr11	94944681	chr11	94951699	.	.	.	.	no_length_info
PL1_chr11_94958225	11	94684368	94684400	171	chr11	94951219	chr11	94958225	.	.	.	.	no_length_info
PL1_chr11_96134579	11	95860314	95860324	2	chr11	96127155	chr11	96134579	.	.	.	.	no_length_info
PL1_chr11_97569897	11	97434288	97434300	17	chr11	97563294	chr11	97569897	.	.	.	.	no_length_info
PL1_chr11_98038978	11	97903403	97903407	1	chr11	98032677	chr11	98038978	.	.	.	.	no_length_info
PL1_chr11_99810947	11	99675266	99675336	1	chr11	99804570	chr11	99810947	.	.	.	.	no_length_info
PL1_chr11_101114984	11	100976203	100976222	1	chr11	101105481	chr11	101114984	.	.	.	.	no_length_info
PL1_chr11_104173381	11	104040196	104040182	1	chr11	104169461	chr11	104173381	.	.	.	.	no_length_info
PL1_chr11_104689614	11	104556113	104556125	117	chr11	104685391	chr11	104689614	.	.	.	.	no_length_info
PL1_chr11_104757061	11	104623599	104623589	28	chr11	104752867	chr11	104757061	.	.	.	.	no_length_info
PL1_chr11_104856134	11	104722734	104722727	1	chr11	104852003	chr11	104856134	.	.	.	.	no_length_info
PL1_chr11_105809762	11	105676241	105676232	1	chr11	105805510	chr11	105809762	.	.	.	.	no_length_info
PL1_chr11_108848485	11	108708824	108708823	1	chr11	108838096	chr11	108848485	.	.	.	.	no_length_info
PL1_chr11_110517381	11	110377899	110377872	72	chr11	110507161	chr11	110517381	.	.	.	.	no_length_info
PL1_chr11_110646486	11	110507147	110507233	1	chr11	110636467	chr11	110646486	.	.	.	.	no_length_info
PL1_chr11_112224227	11	112084625	112084600	103	chr11	112213889	chr11	112224227	.	.	.	.	no_length_info
PL1_chr11_113679757	11	113540131	113540151	1	chr11	113669419	chr11	113679757	.	.	.	.	no_length_info
PL1_chr11_114779332	11	114638713	114638769	1	chr11	114768019	chr11	114779332	.	.	.	.	no_length_info
PL1_chr11_117010141	11	116865625	116865662	1	chr11	116994927	chr11	117010141	.	.	.	.	no_length_info
PL1_chr11_119478762	11	119327911	119327953	4	chr11	119457222	chr11	119478762	.	.	.	.	no_length_info
PL1_chr11_123399467	11	123241797	123241817	51	chr11	123371099	chr11	123399467	.	.	.	.	no_length_info
PL1_chr11_125645775	11	125487053	125487043	1	chr11	125617153	chr11	125645775	.	.	.	.	no_length_info
PL1_chr11_128531249	11	128367773	128367845	3	chr11	128497914	chr11	128531249	.	.	.	.	no_length_info
PL1_chr11_134477791	11	134305637	134305670	230	chr11	134435759	chr11	134477791	.	.	.	.	no_length_info
PL1_chr12_738536	12	851843	851823	1	chr12	742667	chr12	738536	.	.	.	.	no_length_info
PL1_chr12_1962777	12	2075831	2075828	1	chr12	1966663	chr12	1962777	.	.	.	.	no_length_info
PL1_chr12_5239031	12	5342047	5342026	1	chr12	5232870	chr12	5239031	.	.	.	.	no_length_info
PL1_chr12_7967185	12	8105617	8105631	67	chr12	7953028	chr12	7967185	.	.	.	.	no_length_info
PL1_chr12_10912112	12	11191390	11191385	107	chr12	11038788	chr12	10912112	.	.	.	.	no_length_info
PL1_chr12_10941783	12	11219184	11219195	178	chr12	11066590	chr12	10941783	.	.	.	.	no_length_info
PL1_chr12_12654319	12	12933698	12933673	189	chr12	12780751	chr12	12654319	.	.	.	.	no_length_info
PL1_chr12_17372072	12	17648796	17648809	1	chr12	17495868	chr12	17372072	.	.	.	.	no_length_info
PL1_chr12_18103899	12	18380891	18380878	1	chr12	18227950	chr12	18103899	.	.	.	.	no_length_info
PL1_chr12_23649088	12	23930186	23930223	1	chr12	23777270	chr12	23649088	.	.	.	.	no_length_info
PL1_chr12_24586551	12	24868694	24868700	19	chr12	24715763	chr12	24586551	.	.	.	.	no_length_info
PL1_chr12_25495485	12	25775848	25775834	38	chr12	25622907	chr12	25495485	.	.	.	.	no_length_info
PL1_chr12_26307547	12	26588256	26588267	1	chr12	26435328	chr12	26307547	.	.	.	.	no_length_info
PL1_chr12_33003422	12	33280453	33280436	14	chr12	33127510	chr12	33003422	.	.	.	.	no_length_info
PL1_chr12_33044053	12	33325803	33325798	72	chr12	33172866	chr12	33044053	.	chr12:33038029-33044046(-)L1HS:6018	0.9973	L1_chr12_33038029_r	in_library
PL1_chr12_33741776	12	34017333	34017332	19	chr12	33864397	chr12	33741776	.	chr12:33735727-33741760(-)L1HS:6034	0.9934	L1_chr12_33735727_r	in_library
PL1_chr12_33931190	12	34206442	34206438	1	chr12	34053505	chr12	33931190	.	.	.	.	no_length_info
PL1_chr12_38010007	12	38454091	38454159	1	chr12	38060323	chr12	38010007	.	.	.	.	no_length_info
PL1_chr12_39703229	12	40147179	40147186	1	chr12	39753380	chr12	39703229	.	.	.	.	no_length_info
PL1_chr12_40350165	12	40791745	40791792	1	chr12	40397966	chr12	40350165	.	.	.	.	no_length_info
PL1_chr12_41780555	12	42215637	42215610	3	chr12	41821821	chr12	41780555	.	.	.	.	no_length_info
PL1_chr12_42689325	12	43125291	43125265	1	chr12	42731476	chr12	42689325	.	.	.	.	no_length_info
PL1_chr12_42822202	12	43256996	43256969	225	chr12	42863179	chr12	42822202	.	.	.	.	no_length_info
PL1_chr12_44783279	12	45218478	45218496	1	chr12	44824704	chr12	44783279	.	.	.	.	no_length_info
PL1_chr12_45083662	12	45518820	45518824	1	chr12	45125039	chr12	45083662	.	.	.	.	no_length_info
PL1_chr12_48409355	12	48841824	48841802	1	chr12	48448030	chr12	48409355	.	.	.	.	no_length_info
PL1_chr12_48497287	12	48929062	48929044	65	chr12	48535270	chr12	48497287	.	.	.	.	no_length_info
PL1_chr12_60151124	12	60572410	60572507	1	chr12	60178677	chr12	60151124	.	.	.	.	no_length_info
PL1_chr12_61938924	12	62354029	62354000	2	chr12	61960233	chr12	61938924	.	.	.	.	no_length_info
PL1_chr12_62387160	12	62802144	62802183	1	chr12	62408383	chr12	62387160	.	.	.	.	no_length_info
PL1_chr12_63154040	12	63569133	63569175	1	chr12	63175374	chr12	63154040	.	.	.	.	no_length_info
PL1_chr12_63301028	12	63716116	63716157	5	chr12	63322356	chr12	63301028	.	.	.	.	no_length_info
PL1_chr12_65274499	12	65689254	65689245	1	chr12	65295469	chr12	65274499	.	.	.	.	no_length_info
PL1_hg19_chr12_66451423	12	66451473	66451373	2	chr12	66057643	.	-1	.	.	.	.	no_length_info
PL1_chr12_70605670	12	71020046	71020030	14	chr12	70626258	chr12	70605670	.	.	.	L1_chr12_70605671_f	in_library
PL1_chr12_70639600	12	71053988	71053957	11	chr12	70660192	chr12	70639600	.	.	.	.	no_length_info
PL1_chr12_75229041	12	75648193	75648179	2	chr12	75254406	chr12	75229041	.	.	.	.	no_length_info
PL1_chr12_75821891	12	76240627	76240683	1	chr12	75846875	chr12	75821891	.	.	.	.	no_length_info
PL1_chr12_78523680	12	78939124	78939148	2	chr12	78545356	chr12	78523680	.	.	.	.	no_length_info
PL1_chr12_78922835	12	79338031	79338031	59	chr12	78944251	chr12	78922835	.	.	.	.	no_length_info
PL1_chr12_83128321	12	83542406	83542457	16	chr12	83148652	chr12	83128321	.	.	.	.	no_length_info
PL1_chr12_83596257	12	84011232	84011233	6	chr12	83617453	chr12	83596257	.	.	.	.	no_length_info
PL1_chr12_83655368	12	84070299	84070322	1	chr12	83676531	chr12	83655368	.	.	.	.	no_length_info
PL1_chr12_84539836	12	84955194	84955191	68	chr12	84561413	chr12	84539836	.	.	.	.	no_length_info
PL1_chr12_84550744	12	84965146	84965135	72	chr12	84571361	chr12	84550744	.	.	.	.	no_length_info
PL1_chr12_85092674	12	85506298	85506276	84	chr12	85112509	chr12	85092674	.	.	.	.	no_length_info
PL1_chr12_86028527	12	86441491	86441501	1	chr12	86047718	chr12	86028527	.	.	.	.	no_length_info
PL1_chr12_86981122	12	87394018	87394039	1	chr12	87000251	chr12	86981122	.	.	.	.	no_length_info
PL1_chr12_88488184	12	88900010	88899992	1	chr12	88506224	chr12	88488184	.	.	.	.	no_length_info
PL1_chr12_90080696	12	90497144	90497133	1	chr12	90103361	chr12	90080696	.	.	.	.	no_length_info
PL1_chr12_91929696	12	92345965	92345989	7	chr12	91952201	chr12	91929696	.	.	.	.	no_length_info
PL1_chr12_94470720	12	94883684	94883669	1	chr12	94489900	chr12	94470720	.	.	.	.	no_length_info
PL1_chr12_96492900	12	96912575	96912554	4	chr12	96518786	chr12	96492900	.	.	.	L1_chr12_96492897_r	in_library
PL1_chr12_96548648	12	96968318	96968312	1	chr12	96574537	chr12	96548648	.	.	.	.	no_length_info
PL1_chr12_96945443	12	97365526	97365533	17	chr12	96971751	chr12	96945443	.	.	.	.	no_length_info
PL1_chr12_98342262	12	98762749	98762741	1	chr12	98368967	chr12	98342262	.	.	.	.	no_length_info
PL1_chr12_98855074	12	99275827	99275843	1	chr12	98882057	chr12	98855074	.	.	.	.	no_length_info
PL1_chr12_99804562	12	100233700	100233699	2	chr12	99839921	chr12	99804562	.	.	.	.	no_length_info
PL1_chr12_99833315	12	100262440	100262439	1	chr12	99868661	chr12	99833315	.	.	.	.	no_length_info
PL1_chr12_101740147	12	102172709	102172685	1	chr12	101778919	chr12	101740147	.	.	.	.	no_length_info
PL1_chr12_103510872	12	103943438	103943442	1	chr12	103549662	chr12	103510872	.	.	.	.	no_length_info
PL1_chr12_114283043	12	114744099	114744088	1	chr12	114306288	chr12	114283043	.	.	.	.	no_length_info
PL1_chr12_117363775	12	117814457	117814452	95	chr12	117376649	chr12	117363775	.	chr12:117357749-117363766(-)L1HS:6018	0.9973	L1_chr12_117357749_r	in_library
PL1_chr12_117736385	12	118186941	118186926	72	chr12	117749128	chr12	117736385	.	.	.	.	no_length_info
PL1_chr12_121183574	12	121630598	121630620	1	chr12	121192806	chr12	121183574	.	.	.	.	no_length_info
PL1_chr12_126179434	12	126655147	126655233	10	chr12	126170644	chr12	126179434	.	.	.	.	no_length_info
PL1_chr12_126327163	12	126802948	126802933	103	chr12	126318394	chr12	126327163	.	.	.	L1_chr12_126327158_r	in_library
PL1_chr12_128322971	12	128777528	128777538	1	chr12	128292988	chr12	128322971	.	.	.	.	no_length_info
PL1_chr12_128834217	12	129286761	129286760	1	chr12	128802215	chr12	128834217	.	.	.	.	no_length_info
PL1_chr13_17678415	13	19035893	19035965	1	chr13	18461789	chr13	17678415	.	.	.	.	no_length_info
PL1_chr13_18241665	13	19620994	19621024	1	chr13	19046869	chr13	18241665	.	.	.	L1_chr13_18241637_f	in_library
PL1_chr13_18736534	13	20114600	20114650	1	chr13	19540485	chr13	18736534	.	.	.	.	no_length_info
PL1_chr13_20038438	13	21419439	21419429	1	chr13	20845295	chr13	20038438	.	.	.	.	no_length_info
PL1_chr13_20133925	13	21514942	21514961	4	chr13	20940812	chr13	20133925	.	.	.	.	no_length_info
PL1_chr13_21112535	13	22489767	22489809	136	chr13	21915649	chr13	21112535	.	.	.	.	no_length_info
PL1_chr13_23409307	13	24776401	24776395	2	chr13	24202260	chr13	23409307	.	.	.	.	no_length_info
PL1_chr13_26128982	13	27488118	27488106	135	chr13	26913975	chr13	26128982	.	.	.	.	no_length_info
PL1_chr13_29275050	13	30626651	30626630	1	chr13	30052503	chr13	29275050	.	.	.	.	no_length_info
PL1_chr13_34347233	13	35703024	35702994	1	chr13	35128872	chr13	34347233	.	.	.	.	no_length_info
PL1_chr13_34640465	13	35996222	35996270	1	chr13	35422109	chr13	34640465	chr13:35422151-35428282(-)L1PA4:6132	chr13:34640507-34646638(-)L1PA4:6132	0.9233	.	reference_l1_at_site
PL1_chr13_35758520	13	37113100	37113130	1	chr13	36538978	chr13	35758520	.	.	.	.	no_length_info
PL1_chr13_39351236	13	40706830	40706813	1	chr13	40132684	chr13	39351236	.	.	.	.	no_length_info
PL1_chr13_41106217	13	42461095	42461100	1	chr13	41886961	chr13	41106217	.	.	.	.	no_length_info
PL1_chr13_41416988	13	42771406	42771387	93	chr13	42197260	chr13	41416988	.	.	.	.	no_length_info
PL1_chr13_47419592	13	48773385	48773426	1	chr13	48199269	chr13	47419592	.	.	.	.	no_length_info
PL1_chr13_48168862	13	49521712	49521712	7	chr13	48947576	chr13	48168862	.	.	.	.	no_length_info
PL1_chr13_50230818	13	51589994	51589982	6	chr13	51015852	chr13	50230818	.	.	.	.	no_length_info
PL1_chr13_52728747	13	54087338	54087317	2	chr13	53513192	chr13	52728747	.	.	.	.	no_length_info
PL1_chr13_53505339	13	54863875	54863865	3	chr13	54289735	chr13	53505339	.	.	.	.	no_length_info
PL1_chr13_53879965	13	55238038	55238017	2	chr13	54663892	chr13	53879965	.	.	.	.	no_length_info
PL1_chr13_57198636	13	58556554	58556525	4	chr13	57982405	chr13	57198636	.	.	.	.	no_length_info
PL1_chr13_57542913	13	58900909	58900893	1	chr13	58326767	chr13	57542913	.	.	.	.	no_length_info
PL1_chr13_59868145	13	61221145	61221171	40	chr13	60647024	chr13	59868145	.	.	.	L1_chr13_59868150_f	in_library
PL1_chr13_60108640	13	61462350	61462330	193	chr13	60888206	chr13	60108640	.	.	.	L1_chr13_60108639_r	in_library
PL1_chr13_60328152	13	61681807	61681800	17	chr13	61107669	chr13	60328152	.	.	.	.	no_length_info
PL1_chr13_60379799	13	61733462	61733437	4	chr13	61159315	chr13	60379799	.	.	.	.	no_length_info
PL1_chr13_60380844	13	61734505	61734484	148	chr13	61160360	chr13	60380844	.	.	.	.	no_length_info
PL1_chr13_61235991	13	62589578	62589640	1	chr13	62015476	chr13	61235991	.	.	.	.	no_length_info
PL1_chr13_62336459	13	63689201	63689176	11	chr13	63115055	chr13	62336459	.	.	.	.	no_length_info
PL1_chr13_63217541	13	64569851	64569835	13	chr13	63995710	chr13	63217541	.	.	.	.	no_length_info
PL1_chr13_63380074	13	64732419	64732426	2	chr13	64158290	chr13	63380074	.	.	.	.	no_length_info
PL1_chr13_64670106	13	66025591	66025578	3	chr13	65451452	chr13	64670106	.	.	.	.	no_length_info
PL1_chr13_65537681	13	66891891	66891876	3	chr13	66317751	chr13	65537681	.	.	.	.	no_length_info
PL1_chr13_67379666	13	68731469	68731489	2	chr13	68157347	chr13	67379666	.	.	.	.	no_length_info
PL1_chr13_69424804	13	70777108	70777098	1	chr13	70202971	chr13	69424804	.	.	.	.	no_length_info
PL1_chr13_71370682	13	72723220	72723229	1	chr13	72149086	chr13	71370682	.	.	.	.	no_length_info
PL1_chr13_71615856	13	72968678	72968670	86	chr13	72394536	chr13	71615856	.	.	.	.	no_length_info
PL1_chr13_73260740	13	74613221	74613223	31	chr13	74039085	chr13	73260740	.	.	.	.	no_length_info
PL1_chr13_76705811	13	78055094	78055086	24	chr13	77480955	chr13	76705811	.	.	.	.	no_length_info
PL1_chr13_76791309	13	78140602	78140609	2	chr13	77566470	chr13	76791309	.	.	.	.	no_length_info
PL1_chr13_77344365	13	78693224	78693319	10	chr13	78119136	chr13	77344365	.	.	.	.	no_length_info
PL1_chr13_77911614	13	79259796	79259778	232	chr13	78685652	chr13	77911614	.	.	.	.	no_length_info
PL1_chr13_78008557	13	79354488	79354481	1	chr13	78780349	chr13	78008557	.	.	.	.	no_length_info
PL1_chr13_80435496	13	81779568	81779545	1	chr13	81205421	chr13	80435496	.	.	.	.	no_length_info
PL1_chr13_81942547	13	83284231	83284208	2	chr13	82710084	chr13	81942547	.	.	.	.	no_length_info
PL1_chr13_84543076	13	85871619	85871595	199	chr13	85297472	chr13	84543076	.	.	.	.	no_length_info
PL1_chr13_85014355	13	86340149	86340170	123	chr13	85766024	chr13	85014355	.	.	.	.	no_length_info
PL1_chr13_85135680	13	86461374	86461350	1	chr13	85887227	chr13	85135680	.	.	.	.	no_length_info
PL1_chr13_85472060	13	86921791	86921864	2	chr13	86269551	chr13	85472060	.	.	.	.	no_length_info
PL1_chr13_85520308	13	86970087	86970086	1	chr13	86317831	chr13	85520308	.	.	.	.	no_length_info
PL1_chr13_87026973	13	88475694	88475682	3	chr13	87823433	chr13	87026973	.	.	.	.	no_length_info
PL1_chr13_89699937	13	91149425	91149467	26	chr13	90497192	chr13	89699937	.	.	.	.	no_length_info
PL1_chr13_90176559	13	91626222	91626252	51	chr13	90973983	chr13	90176559	.	.	.	.	no_length_info
PL1_chr13_94883749	13	96331426	96331459	1	chr13	95679188	chr13	94883749	.	.	.	.	no_length_info
PL1_chr13_95131944	13	96579611	96579612	2	chr13	95927357	chr13	95131944	.	.	.	.	no_length_info
PL1_chr13_95942498	13	97390653	97390678	1	chr13	96738411	chr13	95942498	.	.	.	.	no_length_info
PL1_chr13_98077533	13	99519891	99519895	3	chr13	98867639	chr13	98077533	.	.	.	.	no_length_info
PL1_chr13_100721497	13	102158657	102158665	1	chr13	101506310	chr13	100721497	.	.	.	.	no_length_info
PL1_chr13_104824438	13	106256328	106256356	1	chr13	105603993	chr13	104824438	.	.	.	.	no_length_info
PL1_chr13_106419282	13	107845328	107845327	1	chr13	107192979	chr13	106419282	.	.	.	.	no_length_info
PL1_chr13_111667478	13	113074669	113074649	1	chr13	112420345	chr13	111667478	.	.	.	.	no_length_info
PL1_hg19_chr14_20554450	14	20554432	20554469	1	chr14	20086291	.	-1	.	.	.	.	no_length_info
PL1_chr14_14623367	14	20894631	20894684	4	chr14	20426498	chr14	14623367	.	.	.	.	no_length_info
PL1_chr14_18722614	14	24992921	24992936	32	chr14	24523722	chr14	18722614	.	.	.	L1_chr14_18722603_r	in_library
PL1_chr14_20515983	14	26787478	26787470	2	chr14	26318268	chr14	20515983	.	.	.	.	no_length_info
PL1_chr14_22030078	14	28301269	28301247	223	chr14	27832052	chr14	22030078	.	.	.	.	no_length_info
PL1_chr14_24253934	14	30525245	30525266	33	chr14	30056049	chr14	24253934	.	.	.	.	no_length_info
PL1_chr14_24583300	14	30854689	30854666	37	chr14	30385471	chr14	24583300	.	.	.	.	no_length_info
PL1_chr14_24879433	14	31150826	31150816	60	chr14	30681615	chr14	24879433	.	.	.	L1_chr14_24879427_r	in_library
PL1_chr14_27868310	14	34140128	34140125	8	chr14	33670920	chr14	27868310	.	.	.	L1_chr14_27868314_r	in_library
PL1_chr14_28025600	14	34297797	34297752	1	chr14	33828568	chr14	28025600	.	.	.	.	no_length_info
PL1_chr14_30394845	14	36674732	36674758	211	chr14	36205539	chr14	30394845	.	.	.	.	no_length_info
PL1_chr14_32045374	14	38325550	38325519	1	chr14	37856329	chr14	32045374	.	.	.	.	no_length_info
PL1_chr14_33597509	14	39875103	39875087	143	chr14	39405891	chr14	33597509	.	.	.	.	no_length_info
PL1_chr14_34410501	14	40689233	40689228	2	chr14	40220026	chr14	34410501	.	.	.	.	no_length_info
PL1_chr14_36265157	14	42543540	42543601	4	chr14	42074367	chr14	36265157	.	.	.	.	no_length_info
PL1_chr14_38131735	14	44410060	44410060	6	chr14	43940857	chr14	38131735	.	.	.	.	no_length_info
PL1_chr14_40249088	14	46525779	46525774	1	chr14	46056573	chr14	40249088	.	.	.	.	no_length_info
PL1_chr14_40449536	14	46726573	46726545	1	chr14	46257356	chr14	40449536	.	.	.	.	no_length_info
PL1_chr14_41235244	14	47505617	47505608	1	chr14	47036409	chr14	41235244	.	.	.	.	no_length_info
PL1_chr14_41847530	14	48117873	48117866	1	chr14	47648666	chr14	41847530	.	.	.	.	no_length_info
PL1_chr14_42853085	14	49123556	49123539	6	chr14	48654344	chr14	42853085	.	.	.	.	no_length_info
PL1_chr14_42987673	14	49257647	49257621	3	chr14	48788431	chr14	42987673	.	.	.	.	no_length_info
PL1_chr14_47232781	14	53491528	53491525	1	chr14	53024808	chr14	47232781	.	.	.	.	no_length_info
PL1_chr14_47924716	14	54183192	54183165	1	chr14	53716460	chr14	47924716	.	.	.	.	no_length_info
PL1_chr14_48261208	14	54519709	54519680	1	chr14	54052976	chr14	48261208	.	.	.	.	no_length_info
PL1_chr14_51792114	14	58051891	58051927	1	chr14	57585191	chr14	51792114	.	.	.	.	no_length_info
PL1_chr14_52901285	14	59160925	59160880	3	chr14	58694184	chr14	52901285	.	.	.	L1_chr14_52901282_u	in_library
PL1_chr14_52960846	14	59220404	59220500	60	chr14	58753734	chr14	52960846	.	.	.	L1_chr14_52960786_f	in_library
PL1_chr14_53263033	14	59522428	59522422	22	chr14	59055707	chr14	53263033	.	.	.	.	no_length_info
PL1_chr14_53368439	14	59628267	59628279	1	chr14	59161555	chr14	53368439	.	.	.	.	no_length_info
PL1_chr14_53981867	14	60241251	60241322	1	chr14	59774568	chr14	53981867	.	.	.	.	no_length_info
PL1_chr14_54408849	14	60669278	60669265	2	chr14	60202553	chr14	54408849	.	.	.	.	no_length_info
PL1_chr14_57089406	14	63348477	63348473	7	chr14	62881757	chr14	57089406	.	.	.	.	no_length_info
PL1_chr14_62523973	14	68784251	68784238	1	chr14	68317527	chr14	62523973	.	.	.	L1_chr14_62523963_f	in_library
PL1_chr14_64937068	14	71197773	71197789	49	chr14	70731064	chr14	64937068	.	.	.	L1_chr14_64937074_f	in_library
PL1_chr14_66072418	14	72333708	72333702	9	chr14	71866988	chr14	66072418	.	.	.	.	no_length_info
PL1_chr14_66075627	14	72336918	72336910	1	chr14	71870197	chr14	66075627	.	.	.	.	no_length_info
PL1_chr14_66281578	14	72542809	72542789	1	chr14	72076082	chr14	66281578	.	.	.	.	no_length_info
PL1_chr14_69938559	14	76195804	76195799	7	chr14	75729458	chr14	69938559	.	.	.	.	no_length_info
PL1_chr14_70425354	14	76682539	76682528	4	chr14	76216190	chr14	70425354	.	.	.	.	no_length_info
PL1_chr14_73836264	14	80092562	80092618	1	chr14	79626247	chr14	73836264	.	.	.	L1_chr14_73836255_r	in_library
PL1_chr14_74280613	14	80536710	80536696	2	chr14	80070360	chr14	74280613	.	.	.	.	no_length_info
PL1_chr14_75223093	14	81477219	81477244	4	chr14	81010887	chr14	75223093	.	.	.	.	no_length_info
PL1_chr14_79502892	14	85755554	85755560	1	chr14	85289213	chr14	79502892	.	.	.	.	no_length_info
PL1_chr14_79897059	14	86149598	86149585	2	chr14	85683247	chr14	79897059	.	.	.	.	no_length_info
PL1_chr14_80084236	14	86336769	86336838	9	chr14	85870459	chr14	80084236	.	.	.	.	no_length_info
PL1_chr14_80616208	14	86862652	86862690	3	chr14	86396327	chr14	80616208	.	.	.	.	no_length_info
PL1_chr14_91759462	14	97993915	97993913	1	chr14	97527577	chr14	91759462	.	.	.	.	no_length_info
PL1_chr14_97732903	14	103963214	103963227	1	chr14	103496883	chr14	97732903	.	.	.	.	no_length_info
PL1_chr14_100522349	14	106707440	106707444	1	chr14	106250850	chr14	100522349	.	.	.	.	no_length_info
PL1_chr15_17806917	15	20108285	20108226	1	chr15	19903002	chr15	17806917	.	.	.	.	no_length_info
PL1_chr15_19106451	15	22488785	22488785	1	chr15	22200834	chr15	19106451	.	.	.	.	no_length_info
PL1_chr15_19192476	15	22574167	22574176	64	chr15	22286220	chr15	19192476	.	.	.	.	no_length_info
PL1_chr15_21232163	15	23743680	23743601	6	chr15	23498493	chr15	21232163	.	.	.	.	no_length_info
PL1_chr15_25673175	15	28175803	28175801	81	chr15	27930656	chr15	25673175	.	.	.	.	no_length_info
PL1_chr15_27580019	15	30081457	30081442	1	chr15	29789246	chr15	27580019	.	.	.	.	no_length_info
PL1_chr15_29876604	15	32374661	32374639	1	chr15	32082447	chr15	29876604	.	.	.	.	no_length_info
PL1_chr15_31317177	15	33812920	33812899	2	chr15	33520708	chr15	31317177	.	.	.	.	no_length_info
PL1_chr15_31536151	15	34031842	34031860	62	chr15	33739650	chr15	31536151	.	.	.	L1_chr15_31536144_r	in_library
PL1_chr15_33167262	15	35654148	35654134	3	chr15	35361940	chr15	33167262	.	.	.	L1_chr15_33167257_r	in_library
PL1_chr15_35220954	15	37707895	37707886	99	chr15	37415689	chr15	35220954	.	.	.	.	no_length_info
PL1_chr15_35852299	15	38339267	38339271	2	chr15	38047068	chr15	35852299	.	.	.	.	no_length_info
PL1_chr15_38436996	15	40923499	40923490	4	chr15	40631296	chr15	38436996	.	.	.	.	no_length_info
PL1_chr15_38815527	15	41301786	41301793	1	chr15	41009591	chr15	38815527	.	.	.	.	no_length_info
PL1_chr15_43851111	15	46335588	46335553	1	chr15	46043372	chr15	43851111	.	.	.	.	no_length_info
PL1_chr15_44341138	15	46825480	46825470	1	chr15	46533277	chr15	44341138	.	.	.	.	no_length_info
PL1_chr15_45023048	15	47507350	47507325	130	chr15	47215140	chr15	45023048	.	.	.	.	no_length_info
PL1_chr15_48704359	15	51189294	51189295	33	chr15	50897097	chr15	48704359	.	.	.	.	no_length_info
PL1_chr15_49062094	15	51546519	51546519	1	chr15	51254322	chr15	49062094	.	.	.	.	no_length_info
PL1_chr15_51473475	15	53956091	53956147	5	chr15	53663922	chr15	51473475	.	.	.	.	no_length_info
PL1_chr15_52647060	15	55129556	55129540	3	chr15	54837350	chr15	52647060	.	.	.	.	no_length_info
PL1_chr15_53762365	15	56251142	56251132	101	chr15	55958939	chr15	53762365	.	.	.	L1_chr15_53762370_f	in_library
PL1_chr15_55566353	15	58056142	58056141	2	chr15	57763943	chr15	55566353	.	.	.	.	no_length_info
PL1_chr15_58839880	15	61328966	61328963	44	chr15	61036765	chr15	58839880	.	.	.	.	no_length_info
PL1_chr15_59267475	15	61756192	61756188	1	chr15	61463991	chr15	59267475	.	.	.	.	no_length_info
PL1_chr15_59681160	15	62169651	62169736	9	chr15	61877494	chr15	59681160	.	.	.	.	no_length_info
PL1_chr15_70695711	15	73170737	73170774	1	chr15	72878414	chr15	70695711	.	.	.	.	no_length_info
PL1_chr15_77392147	15	79821130	79821126	1	chr15	79528786	chr15	77392147	.	.	.	.	no_length_info
PL1_chr15_78190676	15	80619548	80619521	1	chr15	80327192	chr15	78190676	.	.	.	.	no_length_info
PL1_chr15_94985816	15	97764272	97764255	1	chr15	97221033	chr15	94985816	.	.	.	.	no_length_info
PL1_hg19_chr15_98199987	15	98199980	98199994	28	chr15	97656757	.	-1	.	.	.	.	no_length_info
PL1_chr15_95844626	15	98622503	98622519	40	chr15	98079282	chr15	95844626	.	.	.	.	no_length_info
PL1_chr15_98148232	15	100931134	100931146	166	chr15	100390935	chr15	98148232	.	.	.	.	no_length_info
PL1_chr16_3255575	16	3278445	3278490	3	chr16	3228467	chr16	3255575	.	.	.	.	no_length_info
PL1_chr16_6773906	16	6793792	6793883	71	chr16	6743836	chr16	6773906	.	.	.	.	no_length_info
PL1_chr16_7417276	16	7435954	7435978	2	chr16	7385965	chr16	7417276	.	.	.	.	no_length_info
PL1_chr16_12565274	16	12622053	12622129	3	chr16	12528234	chr16	12565274	.	.	.	.	no_length_info
PL1_chr16_17658883	16	17745710	17745722	1	chr16	17651859	chr16	17658883	.	.	.	.	no_length_info
PL1_chr16_17668499	16	17755311	17755349	56	chr16	17661473	chr16	17668499	.	.	.	.	no_length_info
PL1_chr16_27693372	16	27425931	27425938	19	chr16	27414613	chr16	27693372	.	.	.	L1_chr16_27693370_r	in_library
PL1_chr16_31935257	16	31559187	31559184	1	chr16	31547864	chr16	31935257	.	.	.	.	no_length_info
PL1_chr16_35228849	16	33459111	33459184	1	chr16	33656680	chr16	35228849	.	.	.	.	no_length_info
PL1_chr16_35734307	16	33958982	33959026	2	chr16	34156537	chr16	35734307	.	.	.	.	no_length_info
PL1_chr16_39182988	16	34180267	34180348	34	chr16	34945936	chr16	39182988	.	.	.	.	no_length_info
PL1_chr16_52194277	16	46391557	46391649	4	chr16	46397441	chr16	52194277	.	.	.	.	no_length_info
PL1_chr16_52219595	16	46456688	46456747	1	chr16	46422805	chr16	52219595	.	.	.	.	no_length_info
PL1_chr16_57567002	16	51803087	51803068	3	chr16	51769166	chr16	57567002	.	.	.	.	no_length_info
PL1_chr16_58751372	16	52987544	52987517	1	chr16	52953618	chr16	58751372	.	.	.	.	no_length_info
PL1_chr16_61056230	16	55292024	55292001	3	chr16	55258100	chr16	61056230	.	.	.	.	no_length_info
PL1_chr16_61877611	16	56116482	56116482	1	chr16	56082570	chr16	61877611	.	.	.	.	no_length_info
PL1_chr16_66833135	16	61079207	61079201	1	chr16	61045300	chr16	66833135	.	.	.	L1_chr16_66833119_u	in_library
PL1_chr16_67420643	16	61666462	61666521	1	chr16	61632587	chr16	67420643	.	.	.	.	no_length_info
PL1_chr16_67519127	16	61764982	61764963	1	chr16	61731068	chr16	67519127	.	.	.	.	no_length_info
PL1_chr16_68109717	16	62355834	62355820	1	chr16	62321923	chr16	68109717	.	.	.	.	no_length_info
PL1_chr16_71053525	16	65294893	65294942	1	chr16	65261014	chr16	71053525	.	.	.	.	no_length_info
PL1_chr16_71671994	16	65911516	65911512	2	chr16	65877611	chr16	71671994	.	.	.	.	no_length_info
PL1_chr16_76678785	16	70901527	70901556	1	chr16	70867638	chr16	76678785	.	.	.	.	no_length_info
PL1_chr16_76805259	16	71028022	71028007	196	chr16	70994111	chr16	76805259	.	.	.	.	no_length_info
PL1_chr16_82415579	16	76393385	76393374	2	chr16	76359482	chr16	82415579	.	.	.	.	no_length_info
PL1_chr16_88249903	16	82219686	82219725	1	chr16	82186100	chr16	88249903	.	.	.	.	no_length_info
PL1_chr17_776395	17	793413	793385	2	chr17	890159	chr17	776395	.	.	.	.	no_length_info
PL1_chr17_4300955	17	4314982	4315022	71	chr17	4411707	chr17	4300955	.	.	.	.	no_length_info
PL1_chr17_6338047	17	6341628	6341659	16	chr17	6438323	chr17	6338047	.	.	.	.	no_length_info
PL1_chr17_27917119	17	25303554	25303558	218	chr17	26976530	chr17	27917119	.	.	.	.	no_length_info
PL1_chr17_34850955	17	32231707	32231731	1	chr17	33904700	chr17	34850955	.	.	.	.	no_length_info
PL1_chr17_35690009	17	33069996	33070028	1	chr17	34742993	chr17	35690009	.	.	.	.	no_length_info
PL1_chr17_35755379	17	33135368	33135421	19	chr17	34808375	chr17	35755379	.	.	.	L1_chr17_35755403_r	in_library
PL1_chr17_36893100	17	34272157	34272238	46	chr17	35945193	chr17	36893100	.	.	.	.	no_length_info
PL1_chr17_46621605	17	43837335	43837353	6	chr17	45759978	chr17	46621605	.	.	.	.	no_length_info
PL1_chr17_54594163	17	51796290	51796268	1	chr17	53718918	chr17	54594163	.	.	.	.	no_length_info
PL1_chr17_55122673	17	52324503	52324598	1	chr17	54247189	chr17	55122673	.	.	.	.	no_length_info
PL1_chr17_57372376	17	54573592	54573595	1	chr17	56496232	chr17	57372376	.	.	.	.	no_length_info
PL1_chr17_64074313	17	61281465	61281451	11	chr17	63204097	chr17	64074313	.	.	.	.	no_length_info
PL1_chr17_71239769	17	68357419	68357397	103	chr17	70361267	chr17	71239769	.	.	.	L1_chr17_71239764_f	in_library
PL1_chr17_72651280	17	69774381	69774378	8	chr17	71778238	chr17	72651280	.	.	.	.	no_length_info
PL1_chr17_80855879	17	77931751	77931744	2	chr17	79957948	chr17	80855879	.	.	.	.	no_length_info
PL1_chr18_1177576	18	1023301	1023319	1	chr18	1023309	chr18	1177576	.	.	.	.	no_length_info
PL1_chr18_2732984	18	2577238	2577232	1	chr18	2577236	chr18	2732984	.	.	.	.	no_length_info
PL1_chr18_4448198	18	4288210	4288219	1	chr18	4288214	chr18	4448198	.	.	.	.	no_length_info
PL1_chr18_9373971	18	9210433	9210438	1	chr18	9210437	chr18	9373971	.	.	.	.	no_length_info
PL1_chr18_11018456	18	10856371	10856375	1	chr18	10856375	chr18	11018456	.	.	.	.	no_length_info
PL1_chr18_15256387	18	15095157	15095256	124	chr18	15095207	chr18	15256387	.	.	.	L1_chr18_15256435_r	in_library
PL1_chr18_29828974	18	27219205	27219179	71	chr18	29639227	chr18	29828974	.	.	.	.	no_length_info
PL1_chr18_31324743	18	28714386	28714378	1	chr18	31134419	chr18	31324743	.	.	.	.	no_length_info
PL1_chr18_31343538	18	28732893	28732900	69	chr18	31152933	chr18	31343538	.	.	.	.	no_length_info
PL1_chr18_36485875	18	33874255	33874245	1	chr18	36294287	chr18	36485875	.	.	.	.	no_length_info
PL1_chr18_37125267	18	34512077	34512056	1	chr18	36932103	chr18	37125267	.	.	.	.	no_length_info
PL1_chr18_38727996	18	36113660	36113646	1	chr18	38533689	chr18	38727996	.	.	.	.	no_length_info
PL1_chr18_50840194	18	48164826	48164821	1	chr18	50638453	chr18	50840194	.	.	.	.	no_length_info
PL1_chr18_52774651	18	50097763	50097737	43	chr18	52571380	chr18	52774651	.	.	.	.	no_length_info
PL1_chr18_54102446	18	51425747	51425723	87	chr18	53899365	chr18	54102446	.	.	.	.	no_length_info
PL1_chr18_54127766	18	51451063	51451048	4	chr18	53924685	chr18	54127766	.	.	.	.	no_length_info
PL1_chr18_54165053	18	51488316	51488369	18	chr18	53961972	chr18	54165053	.	.	.	.	no_length_info
PL1_chr18_54415765	18	51739064	51739056	3	chr18	54212690	chr18	54415765	.	.	.	.	no_length_info
PL1_chr18_54439428	18	51762709	51762736	131	chr18	54236352	chr18	54439428	.	.	.	.	no_length_info
PL1_chr18_61723440	18	59187517	59187432	2	chr18	61520241	chr18	61723440	.	.	.	.	no_length_info
PL1_chr18_62002808	18	59466335	59466362	15	chr18	61799115	chr18	62002808	.	.	.	.	no_length_info
PL1_chr18_62116582	18	59579944	59580007	16	chr18	61912742	chr18	62116582	.	.	.	.	no_length_info
PL1_chr18_62306254	18	59770636	59770662	1	chr18	62103416	chr18	62306254	.	.	.	.	no_length_info
PL1_chr18_62481440	18	59945804	59945825	1	chr18	62278581	chr18	62481440	.	.	.	.	no_length_info
PL1_chr18_70082284	18	67532660	67532692	1	chr18	69865440	chr18	70082284	.	.	.	.	no_length_info
PL1_chr18_70908979	18	68354448	68354448	1	chr18	70687212	chr18	70908979	.	.	.	.	no_length_info
PL1_chr18_70968269	18	68413707	68413783	4	chr18	70746509	chr18	70968269	chr18:70746550-70752581(-)L1HS:6032	chr18:70968319-70974343(-)L1HS:6025	0.9949	.	reference_l1_at_site
PL1_chr18_71944551	18	69390154	69390150	1	chr18	71722916	chr18	71944551	.	.	.	.	no_length_info
PL1_chr18_73076278	18	70522071	70522043	1	chr18	72854822	chr18	73076278	.	.	.	.	no_length_info
PL1_chr18_77032156	18	74515281	74515285	56	chr18	76803327	chr18	77032156	.	.	.	.	no_length_info
PL1_chr18_77479248	18	74960062	74960064	118	chr18	77248107	chr18	77479248	.	.	.	.	no_length_info
PL1_chr18_79532878	18	77040765	77040769	2	chr18	79280767	chr18	79532878	.	.	.	.	no_length_info
PL1_chr19_21691760	19	21736017	21736113	1	chr19	21553263	chr19	21691760	.	.	.	.	no_length_info
PL1_chr19_24219663	19	24254823	24254851	1	chr19	24072035	chr19	24219663	.	.	.	.	no_length_info
PL1_chr19_30633277	19	28594482	28594457	2	chr19	28103562	chr19	30633277	.	.	.	.	no_length_info
PL1_chr19_32751604	19	30722043	30722073	1	chr19	30231151	chr19	32751604	.	.	.	.	no_length_info
PL1_chr19_45528249	19	43213448	43213422	1	chr19	42709283	chr19	45528249	.	.	.	.	no_length_info
PL1_chr19_47054646	19	44735944	44735933	1	chr19	44231785	chr19	47054646	.	.	.	.	no_length_info
PL1_chr19_47766132	19	45444663	45444695	25	chr19	44941422	chr19	47766132	.	.	.	.	no_length_info
PL1_chr19_49347280	19	47024926	47024933	2	chr19	46521672	chr19	49347280	.	.	.	L1_chr19_49347282_r	in_library
PL1_chr19_54130684	19	51545351	51545422	1	chr19	51042129	chr19	54130684	.	.	.	.	no_length_info
PL1_chr19_56252509	19	53673501	53673493	4	chr19	53170244	chr19	56252509	.	.	.	.	no_length_info
PL1_chr20_2081221	20	2031755	2031739	1	chr20	2051101	chr20	2081221	.	.	.	.	no_length_info
PL1_chr20_2568054	20	2518310	2518309	3	chr20	2537663	chr20	2568054	.	.	.	.	no_length_info
PL1_chr20_3391579	20	3341291	3341265	1	chr20	3360631	chr20	3391579	.	.	.	.	no_length_info
PL1_chr20_4515485	20	4456956	4456949	1	chr20	4476305	chr20	4515485	.	.	.	.	no_length_info
PL1_chr20_6167001	20	6106074	6106057	2	chr20	6125418	chr20	6167001	.	.	.	.	no_length_info
PL1_chr20_7352769	20	7292184	7292207	35	chr20	7311548	chr20	7352769	.	.	.	.	no_length_info
PL1_chr20_9540223	20	9477939	9477981	28	chr20	9497313	chr20	9540223	.	.	.	.	no_length_info
PL1_chr20_9823079	20	9760860	9760911	2	chr20	9780237	chr20	9823079	.	.	.	.	no_length_info
PL1_chr20_15839142	20	15770221	15770239	1	chr20	15789585	chr20	15839142	.	.	.	.	no_length_info
PL1_chr20_16549983	20	16479501	16479508	110	chr20	16498859	chr20	16549983	.	.	.	.	no_length_info
PL1_chr20_17439816	20	17369794	17369810	1	chr20	17389157	chr20	17439816	.	.	.	.	no_length_info
PL1_chr20_17931393	20	17860939	17860945	22	chr20	17880298	chr20	17931393	.	.	.	.	no_length_info
PL1_chr20_18765006	20	18693821	18693806	1	chr20	18713169	chr20	18765006	.	.	.	.	no_length_info
PL1_chr20_22580432	20	22501650	22501632	1	chr20	22521003	chr20	22580432	.	.	.	.	no_length_info
PL1_chr20_23238932	20	23160180	23160174	1	chr20	23179540	chr20	23238932	.	.	.	.	no_length_info
PL1_chr20_25918644	20	25895503	25895498	128	chr20	25914864	chr20	25918644	.	.	.	.	no_length_info
PL1_chr20_25926955	20	25903788	25903876	26	chr20	25923196	chr20	25926955	.	.	.	.	no_length_info
PL1_chr20_26127105	20	26103984	26103979	3	chr20	26123345	chr20	26127105	.	.	.	.	no_length_info
PL1_chr20_30581931	20	29448738	29448813	1	chr20	30214099	chr20	30581931	.	.	.	.	no_length_info
PL1_chr20_30439155	20	29591518	29591557	5	chr20	30356861	chr20	30439155	.	.	.	.	no_length_info
PL1_chr20_30407401	20	29620851	29620927	196	chr20	30386213	chr20	30407401	.	.	.	.	no_length_info
PL1_chr20_30389708	20	29638585	29638569	230	chr20	30403901	chr20	30389708	.	.	.	.	no_length_info
PL1_chr20_33611143	20	30474330	30474371	4	chr20	31886547	chr20	33611143	.	.	.	.	no_length_info
PL1_chr20_40960966	20	37858145	37858160	1	chr20	39229509	chr20	40960966	.	.	.	.	no_length_info
PL1_chr20_44647222	20	41543708	41543765	1	chr20	42915096	chr20	44647222	.	.	.	.	no_length_info
PL1_chr20_45057513	20	41952109	41952104	135	chr20	43323466	chr20	45057513	.	.	.	.	no_length_info
PL1_chr20_48876434	20	45766915	45766899	1	chr20	47138268	chr20	48876434	.	.	.	.	no_length_info
PL1_chr20_49822753	20	46683004	46683091	1	chr20	48054304	chr20	49822753	.	.	.	.	no_length_info
PL1_chr20_54122220	20	50967369	50967348	4	chr20	52350819	chr20	54122220	.	.	.	.	no_length_info
PL1_chr20_56691128	20	53533178	53533186	1	chr20	54916643	chr20	56691128	.	.	.	.	no_length_info
PL1_chr20_62795102	20	59585931	59585982	1	chr20	61010900	chr20	62795102	.	.	.	.	no_length_info
PL1_chr20_63185982	20	59972438	59972434	13	chr20	61397380	chr20	63185982	.	.	.	.	no_length_info
PL1_chr20_63346946	20	60132809	60132839	10	chr20	61557768	chr20	63346946	.	.	.	.	no_length_info
PL1_hg19_chr21_9450234	21	9450251	9450217	1	chr21	8561401	.	-1	.	.	.	.	no_length_info
PL1_hg19_chr21_9495818	21	9495845	9495792	197	chr21	8606985	.	-1	.	.	.	.	no_length_info
PL1_hg19_chr21_9565462	21	9565427	9565497	112	chr21	8676629	.	-1	.	.	.	.	no_length_info
PL1_hg19_chr21_9590424	21	9590375	9590473	1	chr21	8701591	.	-1	.	.	.	.	no_length_info
PL1_hg19_chr21_9680538	21	9680530	9680547	1	chr21	8791705	.	-1	.	.	.	.	no_length_info
PL1_chr21_5611124	21	9825990	9825969	2	chr21	8987146	chr21	5611124	.	.	.	.	no_length_info
PL1_chr21_9553634	21	10418250	10418337	3	chr21	9940265	chr21	9553634	.	.	.	.	no_length_info
PL1_chr21_9563398	21	10428056	10428058	1	chr21	9950029	chr21	9563398	.	.	.	.	no_length_info
PL1_hg19_chr21_10700117	21	10700116	10700118	1	chr21	10812340	.	-1	.	.	.	.	no_length_info
PL1_hg19_chr21_11114945	21	11114913	11114978	1	chr21	10397512	.	-1	.	.	.	.	no_length_info
PL1_chr21_11362150	21	14390166	14390189	217	chr21	13017856	chr21	11362150	.	.	.	.	no_length_info
PL1_chr21_13240513	21	16257624	16257669	4	chr21	14885325	chr21	13240513	.	.	.	.	no_length_info
PL1_chr21_13866265	21	16883159	16883098	1	chr21	15510809	chr21	13866265	.	.	.	.	no_length_info
PL1_chr21_14117522	21	17134390	17134462	10	chr21	15762107	chr21	14117522	.	.	.	.	no_length_info
PL1_chr21_16504328	21	19517309	19517296	205	chr21	18144985	chr21	16504328	.	.	.	.	no_length_info
PL1_chr21_17643947	21	20656574	20656664	1	chr21	19284302	chr21	17643947	.	.	.	.	no_length_info
PL1_chr21_19956866	21	22963133	22963132	1	chr21	21590811	chr21	19956866	.	.	.	.	no_length_info
PL1_chr21_20251611	21	23257907	23257889	7	chr21	21885578	chr21	20251611	.	.	.	.	no_length_info
PL1_chr21_20526565	21	23531245	23531265	1	chr21	22158935	chr21	20526565	.	.	.	.	no_length_info
PL1_chr21_22078285	21	25093412	25093393	1	chr21	23721085	chr21	22078285	.	.	.	.	no_length_info
PL1_chr21_25645279	21	28658850	28658888	2	chr21	27286550	chr21	25645279	.	.	.	.	no_length_info
PL1_chr21_26059680	21	29069189	29069188	143	chr21	27696869	chr21	26059680	.	.	.	.	no_length_info
PL1_chr21_26340589	21	29350128	29350194	1	chr21	27977842	chr21	26340589	.	.	.	.	no_length_info
PL1_chr21_27648428	21	30654838	30654833	1	chr21	29282514	chr21	27648428	.	.	.	.	no_length_info
PL1_chr21_29256738	21	32261314	32261319	8	chr21	30888997	chr21	29256738	.	.	.	.	no_length_info
PL1_chr21_29273243	21	32277821	32277823	1	chr21	30905503	chr21	29273243	.	.	.	.	no_length_info
PL1_chr21_30731389	21	33733851	33733834	17	chr21	32361533	chr21	30731389	.	.	.	.	no_length_info
PL1_chr21_33925920	21	36915206	36915181	1	chr21	35542896	chr21	33925920	.	.	.	.	no_length_info
PL1_chr22_17477923	22	17282135	17282139	6	chr22	16801247	chr22	17477923	.	.	.	.	no_length_info
PL1_chr22_19600091	22	19210918	19210896	31	chr22	19223384	chr22	19600091	.	.	.	.	no_length_info
PL1_chr22_22545530	22	22486386	22486396	103	chr22	22131998	chr22	22545530	.	.	.	.	no_length_info
PL1_chr22_22961274	22	22880795	22880830	1	chr22	22538390	chr22	22961274	.	.	.	.	no_length_info
PL1_chr22_25543140	22	25477810	25477808	1	chr22	25081842	chr22	25543140	.	.	.	.	no_length_info
PL1_chr22_28521358	22	28455912	28455951	26	chr22	28059943	chr22	28521358	.	.	.	L1_chr22_28521335_r	in_library
PL1_chr22_28958917	22	28893475	28893467	1	chr22	28497483	chr22	28958917	.	.	.	.	no_length_info
PL1_chr22_33257070	22	33188636	33188617	1	chr22	32792640	chr22	33257070	.	.	.	.	no_length_info
PL1_chr22_44411845	22	44324590	44324597	132	chr22	43928713	chr22	44411845	.	.	.	.	no_length_info
